"Points:0","Points:1","Points:2"
6.78774,-6.18869,0.07975
6.92407,-5.99377,0.00282
7.04737,-5.77629,0.00274
7.16906,-5.55792,0.00026
7.23151,-5.31584,0.00026
7.32144,-5.08261,0.00449
7.35094,-4.83436,0.00523
7.50986,-4.64144,4e-05
7.6636,-4.44435,0.00441
7.87165,-4.30581,3e-05
8.07334,-4.1581,0.00214
8.15837,-3.92301,0.00077
8.26053,-3.69484,0.0022
