"Points:0","Points:1","Points:2"
6.09662,-10.1632,0.00087
5.92995,-9.97687,0.00178
5.7521,-9.80118,0.00128
5.61987,-9.58901,0.00203
5.53902,-9.35247,0.00516
5.52206,-9.1031,8e-05
5.53569,-8.85347,0.001
5.52406,-8.60374,5e-05
5.43119,-8.37164,0.00248
5.49642,-8.13031,5e-05
5.58874,-7.89799,0.00139
5.68517,-7.66733,0.00151
5.79964,-7.44509,0.00358
