"Points:0","Points:1","Points:2"
5.52796,-9.49792,0.00168
5.45576,-9.25857,0.00154
5.42852,-9.01006,0.00118
5.46681,-8.76302,0
5.5052,-8.51599,0.00224
5.44847,-8.27252,0.00097
5.50803,-8.02972,0.00258
5.60307,-7.7985,0.00188
5.77952,-7.62139,0.00148
6.02653,-7.58285,0.00138
6.27607,-7.56783,1e-05
6.52022,-7.51407,0.00022
6.77012,-7.52137,0.00011
