"Points:0","Points:1","Points:2"
6.36322,-7.62996,9e-05
6.40833,-7.38407,0.00213
6.54188,-7.17274,0.00097
6.6613,-6.9531,0.00014
6.76254,-6.72452,0
6.89363,-6.51164,0.00029
7.06159,-6.32648,0.00242
6.9822,-6.08943,5e-05
6.90779,-5.85076,0
7.07132,-5.66167,0
7.24099,-5.47806,0.00023
7.33613,-5.24688,0.00211
7.38439,-5.00159,0.00017
