"Points:0","Points:1","Points:2"
6.52997,-7.31508,0.0024
6.67048,-7.10832,0
6.75735,-6.8739,6e-05
6.80935,-6.62937,0.00113
6.89423,-6.39422,1e-05
6.95468,-6.15164,0.00079
7.02612,-5.91206,0
7.12537,-5.68261,0.00102
7.2264,-5.45393,0.0009
7.27102,-5.20795,0.00131
7.42177,-5.00851,0.00064
7.52779,-4.78211,0.0008
7.67573,-4.58058,7e-05
