"Points:0","Points:1","Points:2"
3.48345,-0.59052,0.00033
3.2408,-0.53036,0.00076
2.99417,-0.48951,0.00329
2.76991,-0.37908,0.00037
2.56449,-0.23659,0.00146
2.36764,-0.08248,0.0015
2.14694,0.03494,0.00344
1.91077,0.1169,0.00092
1.66337,0.15287,0
1.41375,0.13923,0
1.16383,0.1329,2e-05
0.91854,0.08461,0.00146
0.66874,0.07459,0.00182
