"Points:0","Points:1","Points:2"
7.70492,-2.06426,0.00218
7.55445,-1.86461,0.00224
7.38745,-1.67858,0.00223
7.19127,-1.5236,0.00186
6.96197,-1.42407,0.00567
6.73941,-1.31031,0.00076
6.54996,-1.14719,0.00157
6.39857,-0.94824,0.00281
6.23719,-0.75731,0.00384
5.99143,-0.71161,2e-05
5.77422,-0.58792,0.00447
5.56275,-0.46308,0.0513
5.34619,-0.33966,0.07052
