"Points:0","Points:1","Points:2"
6.24877,-0.96305,0
6.12437,-0.74621,0
5.96732,-0.55172,0.00328
5.80936,-0.35797,1e-05
5.60228,-0.21791,0
5.39158,-0.08335,0
5.22341,0.10163,0.00141
4.9735,0.09505,0.00187
4.73934,0.18259,1e-05
4.4982,0.11662,0.00131
4.28895,-0.02017,0.00207
4.06536,-0.13201,0.00032
3.85884,-0.27288,0.00195
