"Points:0","Points:1","Points:2"
7.51013,-1.92102,0
7.37359,-1.7116,0.00034
7.197,-1.53464,7e-05
6.98976,-1.39481,0
6.80134,-1.2305,0.00038
6.61802,-1.06054,0.00277
6.40302,-0.93296,0.00198
6.1761,-0.82806,0.00284
5.96784,-0.68975,0.00324
5.80577,-0.49942,0.00052
5.6752,-0.28623,0.00158
5.55221,-0.06858,0
5.40934,0.13657,0.00129
