"Points:0","Points:1","Points:2"
6.80649,-6.14081,0.00348
6.94708,-5.93411,0.0008
7.10228,-5.73811,9e-05
7.15137,-5.49299,0.00169
7.22707,-5.25475,0.00487
7.27403,-5.00924,1e-05
7.39019,-4.78787,0.00131
7.54736,-4.59346,0
7.72974,-4.42247,0
7.91479,-4.25437,0.00022
8.08434,-4.07067,0.0023
8.20376,-3.85104,0.00107
8.20533,-3.60105,0.00345
