"Points:0","Points:1","Points:2"
3.68593,-0.60893,0.00253
3.46443,-0.49305,0
3.23149,-0.58383,0.00038
3.02164,-0.44795,0.00072
2.84211,-0.27397,0
2.60311,-0.20064,0.00053
2.37512,-0.09808,0.00176
2.15627,0.02277,0.00066
1.95177,0.16657,0.00036
1.70721,0.11479,0.003
1.45939,0.08184,0.0013
1.21836,0.01553,0.00331
0.98015,-0.0603,0.00571
