"Points:0","Points:1","Points:2"
6.22772,-10.3081,0
6.10412,-10.0908,0.00171
5.93575,-9.906,0
5.70571,-9.80814,0.00191
5.56941,-9.59857,0.00177
5.51565,-9.35441,0.00152
5.48294,-9.1066,0.00596
5.49392,-8.85691,3e-05
5.47679,-8.6075,0.00081
5.36195,-8.38544,0.00135
5.41003,-8.14011,0
5.59419,-7.97104,0.00055
5.76222,-7.78594,0.00167
