"Points:0","Points:1","Points:2"
6.21455,-0.913,0
6.0947,-0.6936,0.00112
5.94296,-0.49493,0.00324
5.75599,-0.32899,0.00049
5.54691,-0.19193,0.00064
5.32736,-0.07237,0.00148
5.15621,0.10985,0.00328
4.90624,0.10704,0.00037
4.6599,0.14963,0.0021
4.41738,0.08892,0.0019
4.20949,-0.04992,0
4.01579,-0.20797,0.00049
3.79503,-0.3253,0.00047
