"Points:0","Points:1","Points:2"
5.4421,-0.0249,0.00592
5.19295,-0.00425,0.00603
4.94527,0.02933,0.00108
4.69647,0.05387,0.00045
4.45829,-0.02198,0.0045
4.22447,-0.11037,0.00042
4.01187,-0.24189,0.00118
3.83152,-0.41501,0
3.64088,-0.57674,0.00132
3.39501,-0.53151,0
3.19212,-0.38545,0.00119
2.99217,-0.23538,0.00017
2.75698,-0.15061,0
