"Points:0","Points:1","Points:2"
3.14207,-0.51827,0
2.93024,-0.38552,0.00191
2.68969,-0.31741,0.00201
2.48889,-0.16854,0.00603
2.27428,-0.04038,0.00187
2.03307,0.02531,0.00255
1.79209,0.09181,0
1.5494,0.03202,0.00497
1.30254,0.07122,2e-05
1.05431,0.10092,0
0.80684,0.06545,0.00089
0.55716,0.0529,0.00137
0.30956,0.03658,0.03188
