"Points:0","Points:1","Points:2"
7.55767,-4.65238,0.00427
7.67813,-4.43335,0.00038
7.81515,-4.22427,0.00384
7.92764,-4.00104,0
8.09449,-3.81498,0.00646
8.21208,-3.59444,0.00071
8.28493,-3.35529,0
8.21134,-3.11636,0.00039
8.08512,-2.90057,0
8.1673,-2.66447,0.00143
8.14765,-2.41524,0.00189
8.02138,-2.19947,0.00259
7.84507,-2.02224,0.00454
