"Points:0","Points:1","Points:2"
3.67022,-0.65213,0.00019
3.48706,-0.48198,0
3.28175,-0.62463,0.0005
3.07617,-0.48238,0.00122
2.93178,-0.2783,0.00036
2.69006,-0.2145,0.00121
2.44006,-0.21516,0.00131
2.2516,-0.05089,0.00103
2.05721,0.1063,0.00028
1.83201,0.21486,0.0011
1.58425,0.18143,0.00192
1.36476,0.06184,0.00662
1.13862,-0.04455,0.00036
