"Points:0","Points:1","Points:2"
6.72333,-6.95213,0.00517
6.783,-6.70936,0.0061
6.84202,-6.46646,0.00203
6.90165,-6.22368,0
6.93356,-5.97577,0.00418
7.05296,-5.75613,0.00255
7.19951,-5.55358,0.00143
7.2909,-5.32089,2e-05
7.36587,-5.08246,0.00548
7.40444,-4.83551,0.00038
7.55739,-4.63776,0.00243
7.71596,-4.44449,0.00207
7.90218,-4.27769,0.00352
