"Points:0","Points:1","Points:2"
5.42034,-9.30349,0.00428
5.49206,-9.06401,0.0016
5.41136,-8.82742,0.00469
5.47543,-8.58581,9e-05
5.51317,-8.33868,0
5.51393,-8.08868,0
5.58249,-7.84827,0.00151
5.80502,-7.73436,0.00341
6.02924,-7.62378,0.00281
6.26602,-7.5436,0.00057
6.44768,-7.37188,0.00417
6.54788,-7.14288,0
6.70204,-6.9461,0.00353
