"Points:0","Points:1","Points:2"
5.3639,-0.01022,0
5.11915,0.04072,4e-05
4.86924,0.0338,0.00088
4.62208,-0.00375,0
4.37223,-0.0124,0.00067
4.16313,-0.14942,0.00058
3.97596,-0.31514,0.0029
3.79446,-0.48704,4e-05
3.56936,-0.59578,0.00262
3.33253,-0.51573,0.00365
3.15477,-0.33994,0.00368
2.92816,-0.23442,9e-05
2.68388,-0.18128,0.00053
