"Points:0","Points:1","Points:2"
7.64836,-2.15103,0.00499
7.62343,-1.90228,0.00567
7.43347,-1.73983,0.00064
7.29908,-1.52903,0.00098
7.05588,-1.47108,0.00031
6.82247,-1.38153,0.0015
6.61939,-1.2358,0.00583
6.50596,-1.01309,2e-05
6.32839,-0.83713,0.00244
6.10296,-0.72905,0.00138
5.86377,-0.65634,0.00283
5.66788,-0.50103,0.00132
5.48382,-0.33185,7e-05
