"Points:0","Points:1","Points:2"
7.74583,-3.9096,0.02119
7.9206,-3.73209,0.00013
8.06449,-3.52764,0.00061
8.16395,-3.29828,0.00128
8.2177,-3.05413,0.00235
8.28679,-2.81387,0.00169
8.1699,-2.59291,0.00575
8.13017,-2.34616,0
7.91874,-2.21274,0.0012
7.7339,-2.04442,0.00219
7.65135,-1.80845,1e-05
7.59821,-1.56417,0.00123
7.49716,-1.33551,0.00258
