"Points:0","Points:1","Points:2"
7.33725,-5.29232,0.00455
7.38478,-5.04691,0.00069
7.47866,-4.81521,0.00204
7.56453,-4.58042,0.00178
7.7681,-4.4353,0
7.93543,-4.24957,0.00063
8.03244,-4.01916,0.00261
8.16878,-3.80961,0.00186
8.29939,-3.5965,0.00639
8.25981,-3.34966,0.00407
8.22122,-3.10269,1e-05
8.25803,-2.85542,0.00183
8.29195,-2.60774,0
