"Points:0","Points:1","Points:2"
7.2966,-5.30611,0.00066
7.3817,-5.07104,0.00173
7.43843,-4.82757,1e-05
7.566,-4.61258,0.00194
7.74687,-4.44,0.00063
7.9239,-4.26348,0
8.01443,-4.03045,0.00032
8.12286,-3.8052,0.00286
8.2902,-3.61946,0.00213
8.26036,-3.37126,1e-05
8.25035,-3.12146,0.0006
8.24512,-2.87153,0.0031
8.29788,-2.62717,0.00045
