"Points:0","Points:1","Points:2"
5.49512,-8.45915,0.01186
5.57891,-8.22371,0.00489
5.68969,-7.99963,0.0009
5.84682,-7.80518,0.00034
6.04337,-7.65069,0
6.23341,-7.48826,4e-05
6.44482,-7.35487,0.00363
6.56929,-7.13806,0.0019
6.69273,-6.92066,0.00191
6.76499,-6.68134,0.00421
6.8687,-6.45387,0.00563
7.0004,-6.24138,0.00669
7.09616,-6.01046,0.00393
