"Points:0","Points:1","Points:2"
5.66136,-9.88316,0.0005
5.55198,-9.65836,0.00149
5.43356,-9.43829,0.00812
5.38938,-9.19228,0.00264
5.46133,-8.95287,0.00018
5.54003,-8.71559,0
5.50368,-8.46825,0.0016
5.44793,-8.22454,0.00146
5.47434,-7.97594,0.00228
5.62115,-7.7736,0
5.82886,-7.63448,0
6.07772,-7.61072,0.00167
6.32734,-7.62451,0.0008
