"Points:0","Points:1","Points:2"
7.5012,-1.90454,0.00202
7.34194,-1.71184,0.0029
7.159,-1.54148,2e-05
6.9716,-1.37604,0.00355
6.76986,-1.22841,0.001
6.57785,-1.06831,0.0007
6.37148,-0.92724,0.00408
6.14647,-0.81828,0.00438
5.94521,-0.67003,0.00044
5.82337,-0.45173,0.0007
5.70445,-0.23183,0.00102
5.52567,-0.05708,0.00207
5.48279,0.18921,0.00053
