"Points:0","Points:1","Points:2"
7.76758,-4.20113,0.0034
7.89055,-3.98346,0.00284
8.03356,-3.77842,0.00037
8.10456,-3.53873,0.00295
8.18339,-3.30149,0.00138
8.21549,-3.05356,0.00071
8.26177,-2.80788,0.00073
8.20758,-2.56383,3e-05
8.07095,-2.35448,0.00315
7.86498,-2.21279,0.00224
7.67641,-2.04867,6e-05
7.57596,-1.81974,0
7.5134,-1.57769,0
