"Points:0","Points:1","Points:2"
6.08361,-7.83334,0
6.18748,-7.60594,0.00115
6.33606,-7.40488,0.00086
6.47413,-7.19647,0.00113
6.66015,-7.02945,0.00092
6.83392,-6.84972,0.00019
6.94423,-6.62542,0.00481
7.01872,-6.38682,3e-05
6.9336,-6.15176,0.00112
6.97357,-5.90498,1e-05
7.12845,-5.70873,0
7.25786,-5.49483,0.00103
7.37522,-5.2741,0.00283
