"Points:0","Points:1","Points:2"
8.07884,-2.34099,0
7.89152,-2.17544,0.00225
7.66726,-2.06495,0.00228
7.55893,-1.83965,0.00062
7.47762,-1.60324,0
7.36998,-1.3776,0.00081
7.16153,-1.23958,0.00181
6.9128,-1.21453,0
6.6639,-1.19196,0.00651
6.43785,-1.08519,0.00718
6.22456,-0.95494,0.00045
6.04299,-0.7831,0.0009
5.85067,-0.62337,0
