"Points:0","Points:1","Points:2"
3.68278,-0.61399,0
3.46982,-0.48306,0.00308
3.24027,-0.58205,0
3.02079,-0.46235,0
2.85952,-0.27136,0.00377
2.61533,-0.21791,0
2.38894,-0.11186,0
2.17003,0.00888,0.00098
1.97043,0.15941,0.00053
1.72329,0.12172,0
1.4753,0.09127,0.0085
1.24056,0.00543,0.00311
1.00116,-0.06652,1e-05
