"Points:0","Points:1","Points:2"
5.53614,-9.42086,0.00176
5.45008,-9.18613,0.00104
5.41281,-8.93895,0.00466
5.49006,-8.70123,0
5.48881,-8.45124,0
5.47242,-8.20177,2e-05
5.54774,-7.9634,0.00268
5.60154,-7.71926,0.00382
5.82639,-7.60999,0.002
6.07407,-7.57609,0.00016
6.32141,-7.5397,0.0007
6.57134,-7.53389,0.00153
6.81967,-7.56265,0.00402
