"Points:0","Points:1","Points:2"
8.355,-3.18936,0.00378
8.27547,-2.95238,0
8.18151,-2.72072,0.00202
8.07349,-2.49527,0.00032
7.90737,-2.30844,1e-05
7.82362,-2.07289,0.00091
7.67632,-1.87092,0.00438
7.51229,-1.68231,0
7.38997,-1.46444,0.00841
7.25805,-1.25223,0.00033
7.03346,-1.14243,0.00138
6.86158,-0.96089,0.00101
6.63606,-0.853,0.00208
