"Points:0","Points:1","Points:2"
6.85057,-6.54058,0.00583
6.93263,-6.30446,0.00233
6.97931,-6.05886,0.00329
7.08766,-5.83358,0.0001
7.13587,-5.58829,0.00287
7.21024,-5.34962,4e-05
7.2681,-5.10642,0.00245
7.43235,-4.91795,0.00237
7.51559,-4.68222,0.00496
7.65594,-4.47534,0.00477
7.84663,-4.31374,2e-05
8.02162,-4.13523,0.00369
8.24777,-4.02872,0
