"Points:0","Points:1","Points:2"
6.27063,-10.3654,0
6.12816,-10.16,0.0018
6.09088,-9.91277,0
5.84828,-9.85245,0.00306
5.60393,-9.79969,0
5.50566,-9.5702,0.01337
5.57635,-9.33076,0.00034
5.51428,-9.08859,0.00122
5.50192,-8.8389,0.00291
5.37496,-8.62356,1e-05
5.31592,-8.38063,0
5.397,-8.14419,0.00458
5.54239,-7.94083,0.00698
