"Points:0","Points:1","Points:2"
8.30352,-3.32284,0.00216
8.14202,-3.13202,1e-05
8.25196,-2.90749,0.00172
8.23222,-2.65828,2e-05
8.12818,-2.43095,0.00012
7.94331,-2.26269,0.00283
7.81308,-2.0493,1e-05
7.66238,-1.84983,0.00063
7.51079,-1.65105,0.00337
7.38318,-1.43608,0.00299
7.22572,-1.24191,3e-05
7.06905,-1.04709,0
6.98024,-0.8134,0.00017
