"Points:0","Points:1","Points:2"
7.71895,-3.8297,0.00103
7.92215,-3.68406,0.00073
8.09563,-3.50405,0.00038
8.15269,-3.26065,0.00203
8.21906,-3.01963,0
8.29633,-2.78187,0
8.15317,-2.57694,0.00329
8.11321,-2.33016,0.0024
7.89583,-2.20668,0.00273
7.73053,-2.01914,0.00058
7.62352,-1.7932,0.00188
7.56581,-1.54998,0.00516
7.46784,-1.32,0.00179
