"Points:0","Points:1","Points:2"
5.41609,-8.46916,0.00206
5.54541,-8.25525,0.00654
5.66877,-8.03788,0.00087
5.82336,-7.84142,0.00302
6.00905,-7.67403,0.00321
6.21372,-7.5305,4e-05
6.40462,-7.36918,0.00584
6.54882,-7.16505,2e-05
6.6579,-6.9401,0
6.73817,-6.70334,0.00183
6.85327,-6.48141,0.0009
6.9689,-6.25976,0.00081
7.07106,-6.03159,0.00168
