"Points:0","Points:1","Points:2"
7.02486,-1.38251,0.00402
6.82817,-1.22821,0.00292
6.62318,-1.0851,0.00345
6.40736,-0.95892,0.00241
6.20425,-0.81317,0.0014
6.02564,-0.63825,2e-05
5.87417,-0.43936,1e-05
5.70651,-0.25397,0.00454
5.51871,-0.08901,4e-05
5.3176,0.0595,0.00071
5.08124,0.14093,0.00047
4.84792,0.05114,0.00104
4.62773,-0.06725,0.00121
