"Points:0","Points:1","Points:2"
8.16912,-3.43314,0.00229
8.17569,-3.18323,0.00167
8.22472,-2.93809,1e-05
8.25093,-2.68947,0.00203
8.15341,-2.45928,1e-05
7.97777,-2.28137,4e-05
7.86363,-2.05895,1e-05
7.65011,-1.92891,0.00066
7.49013,-1.7368,0.00107
7.41986,-1.49688,0.00166
7.32902,-1.26397,0.00263
7.1779,-1.06482,0.0016
6.99544,-0.89392,0.00268
