"Points:0","Points:1","Points:2"
6.72199,-6.7463,0.00524
6.82329,-6.51781,2e-05
6.91044,-6.28349,6e-05
6.93389,-6.03465,0.00534
7.03268,-5.805,0.00511
7.1353,-5.57703,0.00394
7.21975,-5.34174,0.00157
7.28998,-5.10185,0.00598
7.40612,-4.88054,1e-05
7.54401,-4.67201,0
7.71269,-4.48754,0.00464
7.87018,-4.29343,0.0007
7.97411,-4.06607,0.00303
