"Points:0","Points:1","Points:2"
6.60929,-7.11677,3e-05
6.67353,-6.87516,0.00113
6.79053,-6.65423,0.00244
6.85526,-6.41276,0.00148
6.89973,-6.16675,0.00157
6.96376,-5.92514,0.00644
7.07316,-5.70044,0
7.25389,-5.5277,0.00061
7.29715,-5.28148,0.0003
7.33279,-5.03404,0.00199
7.50309,-4.85102,0.00023
7.61388,-4.62692,0.0025
7.73207,-4.40663,0.00429
