"Points:0","Points:1","Points:2"
7.33985,-5.43083,0
7.33431,-5.18089,0
7.34238,-4.93103,0.00087
7.52811,-4.76369,0
7.62059,-4.53142,0
7.81499,-4.37423,0.00143
7.99885,-4.20484,0.00232
8.08673,-3.97079,0.00147
8.18923,-3.74277,0.00125
8.27225,-3.50696,0.00168
8.27226,-3.25696,0.00199
8.20342,-3.01663,0
8.24403,-2.76995,0.00125
