"Points:0","Points:1","Points:2"
5.66333,-0.3282,0.00216
5.46337,-0.17815,0.00194
5.2186,-0.12729,0.00179
5.00746,0.00656,0
4.75963,0.03901,0.0051
4.50987,0.04935,0.00107
4.33286,-0.12719,0.00095
4.12879,-0.27157,0.00453
3.90133,-0.37521,6e-05
3.6687,-0.46671,0.00332
3.42182,-0.50599,0.00085
3.19301,-0.40527,0
2.98882,-0.26102,0.00112
