"Points:0","Points:1","Points:2"
5.34926,-9.15346,0.00469
5.42523,-8.91532,0.00045
5.48727,-8.67314,0.0001
5.49985,-8.42346,8e-05
5.50868,-8.17362,0
5.53357,-7.92486,0
5.72024,-7.75856,0
5.94139,-7.64198,0.00231
6.17384,-7.55001,1e-05
6.38812,-7.42122,1e-05
6.58536,-7.26763,0.00247
6.65744,-7.02825,0.00355
6.75414,-6.79773,0.00032
