"Points:0","Points:1","Points:2"
6.85165,-6.61757,0.0032
6.85665,-6.36764,0.00038
6.91796,-6.12527,0.00014
6.99489,-5.88741,0.00028
7.11114,-5.66608,0.00131
7.17104,-5.42341,0.0059
7.26049,-5.19003,0
7.34087,-4.95331,0.00046
7.47645,-4.74331,0.0046
7.61463,-4.53498,0.00202
7.7777,-4.3455,0
7.94553,-4.16021,0
8.08311,-3.95153,0.00491
