"Points:0","Points:1","Points:2"
5.44387,-9.62243,1e-05
5.44281,-9.37243,1e-05
5.41672,-9.12384,0.00468
5.45917,-8.8775,0.00048
5.49307,-8.62981,0
5.42859,-8.38828,0.00163
5.45839,-8.14006,0.00124
5.57363,-7.9182,0.00068
5.68117,-7.69252,0.00118
5.91059,-7.5932,0.0023
6.13975,-7.49328,0
6.3896,-7.48485,0
6.61927,-7.38612,0.00214
