"Points:0","Points:1","Points:2"
7.13888,-1.62015,0
7.09354,-1.3743,0.00202
6.86926,-1.26387,0.00011
6.62791,-1.19876,0.00358
6.44858,-1.02462,0
6.2862,-0.83455,0.00242
6.10527,-0.66203,0.00058
5.93353,-0.48037,0.00248
5.74856,-0.3122,0.00052
5.73911,-0.06238,0.00211
5.54438,0.09439,0
5.37373,0.27709,2e-05
5.20985,0.46579,0.00567
