"Points:0","Points:1","Points:2"
7.33688,-5.60138,0.00439
7.29963,-5.35421,0
7.30604,-5.10429,0.00136
7.35507,-4.85915,0.00015
7.51129,-4.66399,0.00281
7.72826,-4.53982,2e-05
7.87375,-4.33655,0.00327
8.01735,-4.1319,0.0038
8.13009,-3.90877,0.00327
8.21036,-3.67201,0.00133
8.29574,-3.43704,0.00128
8.19491,-3.20828,0.00227
8.19949,-2.95832,0.00181
