"Points:0","Points:1","Points:2"
6.59504,-7.3167,0.00055
6.70849,-7.09393,0.00027
6.73743,-6.84561,0.00078
6.82066,-6.60987,0.00127
6.90301,-6.37383,0.00044
6.94357,-6.12717,0.00447
7.04379,-5.89818,0
7.16373,-5.67883,0
7.2083,-5.43284,0.00041
7.25693,-5.18761,0
7.41919,-4.99743,0
7.5461,-4.78203,0.00056
7.68016,-4.57104,0.00334
