"Points:0","Points:1","Points:2"
3.07303,0.06043,5e-05
2.83148,-0.00402,0.00032
2.58471,-0.04375,0.00553
2.33815,-0.00244,0.00644
2.08956,0.02358,0.0012
1.83956,0.02401,0.00067
1.58991,0.01076,0.00038
1.34104,-0.01263,0.0045
1.09161,0.00364,4e-05
0.84876,0.063,0.00114
0.60246,0.02016,0.00069
0.35674,-0.02586,0.00261
0.10682,-0.03179,8e-05
