"Points:0","Points:1","Points:2"
5.15048,0.21642,0.00107
4.99313,0.02216,0.00088
4.74339,0.0335,0.00295
4.49345,0.0285,0.00086
4.27338,-0.0901,0.00017
4.05315,-0.20842,0.00167
3.8705,-0.3791,0.00369
3.70876,-0.56973,0.00253
3.46014,-0.54358,0
3.26466,-0.38778,0.00357
3.02093,-0.33229,0
2.79187,-0.23216,0.00218
2.54699,-0.1819,0.00539
