"Points:0","Points:1","Points:2"
6.86178,-6.02653,0.00609
7.06095,-5.87547,0.00272
7.1441,-5.63971,0.00098
7.18028,-5.39234,0.00135
7.26494,-5.15713,0.00414
7.34961,-4.92193,0.00019
7.4548,-4.69514,0
7.64504,-4.53298,0.0036
7.82052,-4.35493,0.00109
7.99692,-4.17779,0.00295
8.08798,-3.94498,1e-05
8.16219,-3.70625,0.00024
8.24436,-3.47017,0.00416
