"Points:0","Points:1","Points:2"
6.50934,-1.04668,0.00194
6.31029,-0.89543,1e-05
6.11872,-0.73482,0.00085
5.97321,-0.53154,0.00375
5.8694,-0.30412,0.00497
5.67859,-0.14261,0.00219
5.43882,-0.07186,2e-05
5.19903,-0.00118,0.00202
4.95761,0.06377,0.00225
4.7634,0.22118,0.00044
4.52717,0.13935,0.00132
4.28904,0.06324,0.00019
4.07841,-0.06795,0.03062
