"Points:0","Points:1","Points:2"
8.28081,-2.90897,0
8.16323,-2.68835,0.00146
8.02186,-2.48216,0
7.91325,-2.25699,2e-05
7.80624,-2.03105,0.0004
7.63979,-1.84452,4e-05
7.48198,-1.6507,0.00565
7.39131,-1.41779,2e-05
7.21051,-1.24513,5e-05
7.00806,-1.09845,0.00045
6.77138,-1.01793,0
6.53679,-1.10429,0.00263
6.28756,-1.12393,0.00172
