"Points:0","Points:1","Points:2"
5.15259,0.17622,0.002
4.96201,0.01442,0.00095
4.71399,0.04445,0.01033
4.4652,0.02193,0.00066
4.25685,-0.11623,0.00083
4.02824,-0.21741,0.00055
3.83769,-0.37914,0.00655
3.68936,-0.58034,0.00234
3.4533,-0.49802,0.00112
3.24647,-0.3576,0.00291
2.99899,-0.32234,0
2.76318,-0.23931,0
2.51623,-0.20036,0
