"Points:0","Points:1","Points:2"
8.34556,-3.07676,0.00055
8.25331,-2.8444,0.00115
8.15813,-2.61323,1e-05
7.99494,-2.42384,0.0008
7.85347,-2.21773,0.00215
7.75724,-1.98699,0.00087
7.5903,-1.8009,1e-05
7.45991,-1.5876,0.00138
7.38444,-1.34927,1e-05
7.15741,-1.24478,0.00638
6.95471,-1.09859,0.00016
6.80375,-0.89931,0
6.59854,-0.75656,0.00324
