"Points:0","Points:1","Points:2"
7.03771,-1.29667,1e-05
6.80228,-1.21257,0.00128
6.59263,-1.07639,0.00047
6.38069,-0.9438,0.00016
6.16623,-0.81536,0.00327
6.02488,-0.60918,0.00694
5.87134,-0.41201,1e-05
5.70146,-0.2286,0.00192
5.49531,-0.08719,0.00035
5.30819,0.0786,0.00064
5.05859,0.09105,0.00737
4.81862,0.02117,0.00142
4.58733,-0.07371,0.00139
