"Points:0","Points:1","Points:2"
7.56383,-4.6144,0.00049
7.70481,-4.40794,3e-05
7.83422,-4.19405,0.00228
7.96307,-3.97981,0.00247
8.09327,-3.76641,6e-05
8.24709,-3.56954,0.00917
8.27399,-3.32113,0.00085
8.20561,-3.08068,0.00337
8.10835,-2.85039,0.00037
8.16202,-2.60622,0
8.11939,-2.35989,1e-05
7.99146,-2.1451,0
7.84039,-1.94603,0.00716
