"Points:0","Points:1","Points:2"
6.27251,-10.3619,0.00338
6.12478,-10.1602,0
6.102,-9.91124,0.00012
5.85789,-9.8573,0
5.61894,-9.78378,0
5.44865,-9.60077,0.00278
5.53503,-9.36618,0.00107
5.51698,-9.11683,3e-05
5.5217,-8.86688,7e-05
5.40937,-8.64353,2e-05
5.32612,-8.40785,0.00482
5.38239,-8.16428,0.0023
5.53228,-7.96421,0.00461
