"Points:0","Points:1","Points:2"
3.66582,-0.65304,9e-05
3.49008,-0.47522,0
3.27114,-0.59589,0.00142
3.05447,-0.47118,0
2.92576,-0.25686,0.00113
2.67824,-0.22179,3e-05
2.43047,-0.18863,0.00363
2.23376,-0.03435,0.00193
2.03283,0.11439,3e-05
1.78869,0.16805,0.00369
1.53873,0.16549,2e-05
1.31649,0.05099,0.00124
1.09969,-0.07348,0.00344
