"Points:0","Points:1","Points:2"
7.56572,-4.69379,0.03534
7.67501,-4.47144,0.00192
7.81602,-4.265,0.00276
7.94054,-4.04824,7e-05
8.07132,-3.83517,0
8.18376,-3.61189,0.00108
8.25771,-3.37309,0.00356
8.22242,-3.12562,2e-05
8.08417,-2.91732,0.00129
8.16365,-2.6803,0.00077
8.15465,-2.43046,0.00163
8.03092,-2.21323,1e-05
7.85806,-2.03263,0.00179
