"Points:0","Points:1","Points:2"
6.60712,-7.09768,0
6.69728,-6.86452,0.00284
6.80263,-6.63782,0.00046
6.88145,-6.40057,0.00039
6.91753,-6.15319,0
6.95927,-5.90669,0.0001
7.09893,-5.69935,0.00206
7.25224,-5.50189,0
7.32555,-5.26288,0
7.36067,-5.01536,6e-05
7.48412,-4.79797,0
7.59782,-4.57532,0.00016
7.74479,-4.37309,0.00231
