"Points:0","Points:1","Points:2"
7.31675,-5.34013,0.00181
7.38356,-5.09923,2e-05
7.4331,-4.85422,0.00385
7.55523,-4.6361,0.00072
7.73809,-4.46563,0.00032
7.91912,-4.29321,0.00032
8.02124,-4.06502,0
8.10599,-3.82982,0
8.27098,-3.64199,1e-05
8.26881,-3.392,0
8.24163,-3.14349,0.00074
8.2347,-2.89358,1e-05
8.28784,-2.6493,0
