"Points:0","Points:1","Points:2"
6.2652,-10.3066,0.00115
6.07264,-10.1472,1e-05
6.02842,-9.90112,0.00071
5.78643,-9.83833,0.00014
5.56743,-9.71778,0.0023
5.52698,-9.47109,0.00519
5.52197,-9.22118,0.00073
5.53638,-8.9716,0.00056
5.44105,-8.74056,0.00635
5.35345,-8.50645,0.00173
5.33516,-8.25713,1e-05
5.45736,-8.03903,0.00078
5.67409,-7.91458,0.00699
