"Points:0","Points:1","Points:2"
3.3104,-0.66941,0.00736
3.09277,-0.54645,0.00266
2.86882,-0.43538,2e-05
2.65639,-0.30357,0.0007
2.45156,-0.16023,0.00083
2.22778,-0.04879,0.0019
1.99702,0.04727,0.00701
1.74871,0.07539,4e-05
1.50434,0.12816,0
1.25996,0.18086,0.00119
1.01289,0.14273,0.00252
0.81766,-0.01341,4e-05
0.65284,-0.20137,0.00195
