"Points:0","Points:1","Points:2"
8.27988,-3.29277,0.00191
8.19512,-3.05758,0.00073
8.22692,-2.80961,0.00052
8.14574,-2.57323,0.00637
8.03468,-2.34934,0.00033
7.83645,-2.19701,0
7.73729,-1.96751,0.00111
7.56228,-1.78899,0
7.44413,-1.56867,1e-05
7.32851,-1.34702,0.00143
7.11727,-1.21332,0
6.93007,-1.04766,0.00338
6.75528,-0.86892,0.00144
