"Points:0","Points:1","Points:2"
8.32699,-3.03433,4e-05
8.22889,-2.8044,0.00319
8.07928,-2.60411,0.0028
7.9782,-2.37546,0.00322
7.86503,-2.15255,0.00133
7.74932,-1.93094,0.00014
7.56122,-1.76627,0.00127
7.44793,-1.54342,3e-05
7.30155,-1.34076,0
7.11823,-1.17077,0
6.89683,-1.05466,0.00111
6.67282,-0.94367,0.00173
6.43054,-0.88206,0
