"Points:0","Points:1","Points:2"
6.24062,-7.68102,0
6.34293,-7.45292,2e-05
6.49773,-7.2566,0
6.63175,-7.04558,0.00237
6.74358,-6.82199,0.00285
6.92966,-6.65506,0
7.00337,-6.41617,0
6.99144,-6.16645,0
6.91227,-5.92932,0
7.04453,-5.71718,0.00272
7.23697,-5.55762,1e-05
7.32652,-5.32421,0.00024
7.3622,-5.07678,0.00171
