"Points:0","Points:1","Points:2"
7.95179,-3.65154,0.01157
8.03629,-3.41647,0.00139
8.1679,-3.20393,0
8.26434,-2.97328,0.00122
8.28863,-2.72447,0.00205
8.19185,-2.49396,3e-05
8.02486,-2.30793,0.00238
7.90351,-2.08936,0.00169
7.72488,-1.91446,0
7.54401,-1.74189,0.002
7.43179,-1.5185,0.00066
7.38679,-1.2726,0.00349
7.39583,-1.02277,0.00123
