"Points:0","Points:1","Points:2"
7.55454,-4.87887,0.00175
7.64242,-4.64482,0.00249
7.75613,-4.42219,0
7.85068,-4.19076,0.00045
7.98176,-3.9779,0.00277
8.09395,-3.7545,0.0003
8.24387,-3.55443,0
8.30313,-3.31156,0.00141
8.13673,-3.125,0
8.21818,-2.88864,1e-05
8.16969,-2.64339,0
8.11932,-2.39852,0.00139
8.04829,-2.16067,0.03111
