"Points:0","Points:1","Points:2"
5.79728,-10.2088,0.00166
5.80557,-9.95898,0
5.68491,-9.74007,0.00434
5.57446,-9.5158,0.0024
5.55419,-9.26663,0.00075
5.53398,-9.01745,0.00211
5.51692,-8.76804,0.00159
5.51287,-8.51807,0.00039
5.46066,-8.27372,0.00865
5.48008,-8.02451,0.00439
5.60114,-7.80581,0.00053
5.70821,-7.5799,0
5.86809,-7.38944,0.02569
