"Points:0","Points:1","Points:2"
7.27266,-5.66498,0.00272
7.22375,-5.41982,0.00047
7.26409,-5.1731,0.00135
7.33719,-4.93403,0.00125
7.47664,-4.72654,0
7.64311,-4.54003,0.00063
7.81631,-4.35974,0.00027
7.98487,-4.17511,0
8.13914,-3.97852,0.00707
8.16444,-3.72985,0.00205
8.29826,-3.5187,0
8.22338,-3.28028,0.00702
8.14624,-3.04275,0.01836
