"Points:0","Points:1","Points:2"
7.35897,-5.5053,0.00042
7.23162,-5.29017,0
7.28183,-5.04527,0.00155
7.39543,-4.82259,0.00425
7.5524,-4.62802,0.0025
7.74529,-4.46899,0.00109
7.91952,-4.2897,0.00114
8.04683,-4.07455,0
8.16163,-3.85247,0.00213
8.28723,-3.63632,0
8.28553,-3.38637,0.00437
8.22834,-3.14304,0
8.18648,-2.89657,0.00077
