"Points:0","Points:1","Points:2"
7.86071,-3.72827,0.00163
8.04136,-3.55546,2e-05
8.16749,-3.33962,0.00241
8.20266,-3.09211,0.00174
8.22235,-2.84289,0
8.21082,-2.59316,0
8.11471,-2.36237,0.00027
7.95421,-2.17069,0.00094
7.77674,-1.99462,0
7.63197,-1.79082,0.00305
7.50925,-1.57302,0.00432
7.45795,-1.32837,0.00035
7.40628,-1.08377,0.00129
