"Points:0","Points:1","Points:2"
5.51173,-0.08025,0
5.26236,-0.06259,0.00206
5.0258,0.01826,0
4.77589,0.02437,0.0024
4.52613,0.03501,0
4.30038,-0.07237,0.00237
4.08274,-0.19539,0.00288
3.87737,-0.33794,0.00156
3.72307,-0.53464,0.00036
3.47356,-0.51921,0.00198
3.2394,-0.43166,0.00404
3.04605,-0.27321,0.00103
2.86544,-0.10035,0
