"Points:0","Points:1","Points:2"
5.07947,0.12163,0.00189
4.85823,0.00523,0
4.61236,0.05047,0.00124
4.37529,-0.02888,0.00187
4.17171,-0.17396,0.00016
3.92782,-0.22891,0
3.82625,-0.45733,0.00262
3.60917,-0.58131,0.00046
3.37674,-0.48927,0.00325
3.17175,-0.34621,0.00015
2.93074,-0.27975,1e-05
2.69871,-0.18669,0.00199
2.45255,-0.14309,1e-05
