"Points:0","Points:1","Points:2"
6.05755,-0.36686,0.00095
5.80802,-0.35176,0.00299
5.5858,-0.23738,0.00917
5.38605,-0.08732,1e-05
5.15717,0.01323,0
4.93886,0.13505,0.00069
4.69607,0.19469,0.00082
4.45544,0.12698,0.00376
4.21285,0.06776,0.01589
4.04159,-0.11386,0.00242
3.90218,-0.32138,0.00307
3.75813,-0.52568,6e-05
3.56805,-0.68804,0.00341
