"Points:0","Points:1","Points:2"
7.96754,-4.13126,0
7.9436,-3.88241,0
7.98015,-3.6351,0.00077
8.08557,-3.40841,0.00167
8.17343,-3.17437,2e-05
8.26027,-2.93994,0.00114
8.28451,-2.69112,3e-05
8.20155,-2.4553,0.00269
8.00026,-2.30706,2e-05
7.81948,-2.13438,0.00062
7.6313,-1.9698,0.00163
7.57177,-1.72699,0
7.53435,-1.47992,0.00737
