"Points:0","Points:1","Points:2"
4.83272,0.0233,0.0064
4.58364,0.04421,0.00172
4.34607,-0.03363,0.00182
4.12933,-0.15822,0.00034
3.96328,-0.34511,0.00037
3.72975,-0.43433,0.00269
3.48806,-0.49819,0
3.2381,-0.50189,0.00227
2.99426,-0.44704,0.00807
2.79253,-0.29955,0.00091
2.58821,-0.1555,0.00211
2.38944,-0.00389,0.00483
2.15306,0.07738,0.00059
