"Points:0","Points:1","Points:2"
7.40689,-1.65847,0
7.21187,-1.50206,0.00182
7.01178,-1.35218,0.00254
6.79674,-1.22469,0
6.57571,-1.10795,0.00379
6.37654,-0.95689,1e-05
6.17638,-0.80711,0.00147
6.03256,-0.60262,0.00177
5.83966,-0.44367,0.00653
5.82866,-0.194,1e-05
5.63462,-0.03636,0.0001
5.42317,0.09699,0.00231
5.19453,0.19809,0.00051
