"Points:0","Points:1","Points:2"
6.30458,-10.3359,0.00051
6.11073,-10.1781,0.00131
6.16083,-9.93316,0.001
5.91582,-9.88343,0.00132
5.67592,-9.8131,0.00028
5.45966,-9.68769,0.00155
5.51642,-9.44423,0
5.52598,-9.19441,0.0013
5.52968,-8.94445,8e-05
5.49138,-8.6974,0
5.3285,-8.50775,0.0009
5.34724,-8.25845,0.00188
5.43251,-8.02344,0.00209
