"Points:0","Points:1","Points:2"
8.26119,-3.26125,0.00223
8.2572,-3.01129,0.00484
8.21361,-2.76517,0
8.12651,-2.53084,0.00207
7.97909,-2.32896,0.00562
7.84682,-2.11684,0.00274
7.70554,-1.9106,0.00047
7.5327,-1.72997,0.00061
7.40274,-1.51641,0.00091
7.27647,-1.30064,0.00081
7.08548,-1.13933,0.00026
6.87764,-1.00052,0.00601
6.65508,-0.88681,0
