"Points:0","Points:1","Points:2"
6.22519,-0.65169,0.00296
6.01655,-0.514,1e-05
5.79565,-0.39694,0
5.57833,-0.27336,0
5.38514,-0.11469,0.00136
5.17246,0.01671,0.00158
4.94287,0.11564,0.0002
4.69305,0.12518,0.0004
4.44411,0.10213,0
4.19921,0.05193,0.00165
4.0139,-0.11588,0
3.84887,-0.30366,0.00035
3.79655,-0.54813,0
