"Points:0","Points:1","Points:2"
6.38559,-7.57035,0.00692
6.44535,-7.3277,4e-05
6.56555,-7.1085,0.00243
6.67899,-6.88573,1e-05
6.80195,-6.66806,0.00016
6.93242,-6.45481,1e-05
7.07405,-6.24879,0.00027
6.97012,-6.02143,0.0026
7.00781,-5.7743,0
7.17939,-5.59249,0.00222
7.24287,-5.35069,0.00408
7.2186,-5.10189,0.00069
7.22479,-4.85197,0.00068
