"Points:0","Points:1","Points:2"
7.19037,-1.57649,0.00137
7.05264,-1.36785,0
6.82374,-1.26733,0
6.59121,-1.17555,0.00265
6.41724,-0.99602,0.00077
6.26116,-0.80074,0.0018
6.077,-0.63166,0.00051
5.87757,-0.48091,0.00042
5.7513,-0.26515,0.0014
5.65305,-0.03526,0.00136
5.47482,0.14005,0.00185
5.25467,0.25851,0.00085
5.00515,0.24406,0.00636
