"Points:0","Points:1","Points:2"
5.80467,-10.1893,0.00864
5.7315,-9.95031,0.00204
5.6814,-9.70539,0.00262
5.59424,-9.47108,0.00021
5.5293,-9.22967,0.00189
5.50887,-8.98051,0.0019
5.51693,-8.73065,0
5.51387,-8.48066,0.00017
5.43734,-8.24267,0
5.50255,-8.00134,0.00322
5.60395,-7.77285,0
5.73361,-7.55911,0
5.8803,-7.35672,0.00446
