"Points:0","Points:1","Points:2"
5.16133,-8.44362,0.00073
5.4086,-8.40679,0.0011
5.54913,-8.20004,1e-05
5.50046,-7.95482,0.00138
5.7284,-7.85215,0.00317
5.96974,-7.78697,0.00116
6.16454,-7.63028,0
6.35716,-7.47092,1e-05
6.49404,-7.26172,0.00134
6.61241,-7.04152,0.00296
6.72065,-6.81617,0.00194
6.82931,-6.59102,0.00158
6.85882,-6.34278,0.00322
