"Points:0","Points:1","Points:2"
6.90317,-1.33514,0
6.70531,-1.18233,0.0009
6.5135,-1.02201,0.00365
6.29195,-0.90622,0.00065
6.11581,-0.72884,0.00415
5.96481,-0.52959,0.00379
5.82856,-0.31999,0.00389
5.62431,-0.17587,0.00051
5.44083,-0.00606,0.00055
5.2016,0.06654,0.00124
4.95442,0.10395,0
4.70942,0.14467,0.02859
4.45967,0.14826,0.03914
