"Points:0","Points:1","Points:2"
7.64992,-4.8791,0.00036
7.63981,-4.6293,0.00025
7.75092,-4.40535,0
7.85486,-4.17798,0.00061
7.97609,-3.95934,0.00115
8.1088,-3.74748,0.00044
8.24066,-3.53508,0
8.29978,-3.29218,0.00215
8.13293,-3.106,0.00097
8.20555,-2.86679,0
8.16596,-2.62008,0.00825
8.10937,-2.37664,0.00257
8.08506,-2.12782,0.00153
