"Points:0","Points:1","Points:2"
6.87382,-1.24565,0.00117
6.65061,-1.13311,0.00505
6.43962,-0.99904,0.00225
6.25606,-0.82935,0.00557
6.08246,-0.64952,0.00096
5.90883,-0.46965,0
5.75892,-0.26959,0.00055
5.5682,-0.10799,0.00424
5.35331,0.0197,1e-05
5.10424,0.0409,0.00379
4.87507,0.14072,0.00011
4.63919,0.22357,0.00097
4.41614,0.33646,0.00127
