"Points:0","Points:1","Points:2"
3.55332,-0.7473,0.0012
3.63651,-0.51155,0.00124
3.39967,-0.59159,0.00138
3.15293,-0.63182,0.00067
2.97964,-0.45162,0
2.81851,-0.26049,0.00191
2.58453,-0.17245,0.00071
2.35112,-0.08289,0.00067
2.1522,0.06854,0
1.97157,0.24137,1e-05
1.72329,0.21205,0
1.47799,0.16381,0
1.25931,0.04266,0
