"Points:0","Points:1","Points:2"
6.26905,-10.3551,0
6.12501,-10.1508,0.00245
6.07279,-9.90632,0.00247
5.82729,-9.85918,0
5.59029,-9.77963,0.00182
5.52204,-9.53913,0
5.49888,-9.29021,0.00117
5.55483,-9.04656,0.00271
5.45264,-8.81915,0.02114
5.34673,-8.59361,0.00073
5.34255,-8.34365,0
5.41415,-8.10412,0
5.57943,-7.91657,0.0026
