"Points:0","Points:1","Points:2"
7.44478,-4.96822,0
7.26369,-5.25381,0
7.13174,-5.60794,0
7.02076,-5.99824,0
6.46144,-7.33589,0
