"Points:0","Points:1","Points:2"
2.75489,-0.21995,0
2.33749,0.00171,0
2.961,-0.40343,0
2.67031,-0.15735,0
2.30763,0.01372,0
2.81283,-0.27552,0
3.744,-0.43015,0
4.36172,-0.04286,0
