"Points:0","Points:1","Points:2"
2.83565,-0.2415,0
2.75489,-0.21995,0
2.67031,-0.15735,0
3.1667,-0.34835,0
3.55215,-0.55706,0
3.74445,-0.49492,0
3.8283,-0.4016,0
4.04021,-0.2147,0
4.27713,-0.08693,0
4.36172,-0.04286,0
4.33478,-0.07243,0
4.43976,-0.00681,0
4.67457,0.02316,0
4.83146,-0.0087,0
4.97935,0.05991,0
5.01851,0.08847,0
