"Points:0","Points:1","Points:2"
3.14126,-0.62199,0
1.68442,0.17847,0
2.63655,-0.17949,0
2.16197,0.11328,0
