"Points:0","Points:1","Points:2"
7.96092,-2.45268,0
8.06162,-2.54039,0
8.20361,-3.13916,0
8.28943,-3.62929,0
8.25336,-3.6546,0
7.73183,-4.45748,0
7.54181,-4.63682,0
7.56226,-4.84149,0
7.60704,-4.942,0
