"Points:0","Points:1","Points:2"
3.02667,-0.27099,0
3.10444,-0.30773,0
3.21675,-0.41201,0
3.74445,-0.49492,0
3.92657,-0.30631,0
4.43976,-0.00681,0
4.67457,0.02316,0
5.1413,-0.01409,0
5.26962,-0.07316,0
