"Points:0","Points:1","Points:2"
7.56675,-4.73754,0
7.50449,-4.84466,0
6.96905,-5.92826,0
6.93792,-6.08995,0
6.87321,-6.40204,0
6.85419,-6.51814,0
6.8363,-6.56467,0
