"Points:0","Points:1","Points:2"
6.85517,-0.96285,0
6.84165,-0.9192,0
6.94953,-1.07008,0
7.04784,-1.17644,0
7.29423,-1.32018,0
7.91744,-2.31192,0
8.1754,-2.69795,0
8.34524,-3.08548,0
