"Points:0","Points:1","Points:2"
7.543,-1.72556,0
7.61984,-1.91117,0
7.71534,-2.02871,0
7.86782,-2.1696,0
8.02946,-3.78649,0
