"Points:0","Points:1","Points:2"
7.42413,-1.59167,0
7.61984,-1.91117,0
7.69353,-2.06199,0
7.7492,-2.14139,0
