"Points:0","Points:1","Points:2"
6.60933,-7.07502,0
6.09252,-7.61006,0
6.10138,-7.61228,0
5.4942,-8.50077,0
5.43636,-8.91704,0
