"Points:0","Points:1","Points:2"
8.17714,-2.83699,0
8.20059,-3.07334,0
8.26868,-3.27962,0
8.244,-3.23545,0
8.25336,-3.6546,0
7.96895,-4.1292,0
8.01225,-4.08238,0
7.72728,-4.51289,0
