"Points:0","Points:1","Points:2"
5.98437,-7.66856,0
6.09252,-7.61006,0
