"Points:0","Points:1","Points:2"
6.40478,-1.11475,0
6.76206,-1.09161,0
6.94953,-1.07008,0
7.16552,-1.17985,0
7.23297,-1.25644,0
7.3218,-1.36607,0
7.42087,-1.47563,0
7.44527,-1.52315,0
7.75622,-1.96818,0
8.06162,-2.54039,0
