"Points:0","Points:1","Points:2"
6.9854,-6.03304,0
6.97392,-6.05757,0
6.95731,-6.0854,0
