"Points:0","Points:1","Points:2"
7.3298,-5.22193,0
6.95731,-6.0854,0
6.87321,-6.40204,0
6.83336,-6.57826,0
