"Points:0","Points:1","Points:2"
6.323,-0.87072,0
6.57918,-1.10916,0
6.81471,-1.35662,0
7.68714,-2.16122,0
