"Points:0","Points:1","Points:2"
3.02667,-0.27099,0
3.19774,-0.36924,0
3.09585,-0.32464,0
4.98695,0.02576,0
5.08072,-0.00702,0
