"Points:0","Points:1","Points:2"
5.55563,-0.16971,0
5.50456,-0.00847,0
5.84412,-0.60266,0
6.12138,-0.80013,0
6.323,-0.87072,0
6.30988,-0.90949,0
6.62192,-1.12942,0
6.69032,-1.16441,0
6.84314,-1.28361,0
7.13908,-1.49246,0
7.16417,-1.53141,0
7.26895,-1.61554,0
7.51451,-1.80014,0
7.59726,-1.92374,0
