"Points:0","Points:1","Points:2"
5.66474,-0.51566,0
6.12138,-0.80013,0
6.67504,-1.19946,0
7.543,-1.72556,0
7.69353,-2.06199,0
7.73825,-2.16345,0
