"Points:0","Points:1","Points:2"
4.78858,0.1738,0
6.13735,-0.73641,0
6.30988,-0.90949,0
6.57918,-1.10916,0
