"Points:0","Points:1","Points:2"
6.95658,-5.93758,0
6.95731,-6.0854,0
6.62464,-7.07864,0
6.48767,-7.25341,0
6.32787,-7.40732,0
6.30851,-7.44919,0
5.98437,-7.66856,0
