"Points:0","Points:1","Points:2"
1.94466,0.07878,0
1.29153,0.15917,0
1.52148,0.1401,0
2.04811,0.0675,0
1.9579,0.09842,0
