"Points:0","Points:1","Points:2"
5.74661,-0.24456,0
6.13735,-0.73641,0
6.21706,-0.828,0
