"Points:0","Points:1","Points:2"
8.21713,-2.56829,0
8.22568,-2.96379,0
8.22393,-2.96819,0
8.22999,-3.0505,0
8.23908,-3.16899,0
8.23994,-3.03943,0
8.2848,-3.4136,0
8.29607,-3.50652,0
8.13706,-3.87782,0
8.07111,-3.97724,0
8.04938,-4.07272,0
7.80529,-4.34736,0
7.74325,-4.43169,0
7.66482,-4.49313,0
7.6522,-4.54912,0
7.62526,-4.56856,0
7.48386,-4.7794,0
7.42052,-4.93718,0
7.42319,-4.9472,0
7.40261,-5.00448,0
7.30228,-5.18871,0
