"Points:0","Points:1","Points:2"
7.3349,-4.99428,0
7.05307,-5.93098,0
6.89873,-6.56646,0
6.86675,-6.60814,0
6.48767,-7.25341,0
6.46144,-7.33589,0
6.38473,-7.44507,0
