"Points:0","Points:1","Points:2"
4.59429,0.24466,0
4.86965,0.13304,0
4.78858,0.1738,0
5.0671,0.05534,0
5.04287,0.06798,0
5.24422,0.06671,0
5.40768,-0.01163,0
5.41457,-0.0079,0
5.91747,-0.49795,0
6.02284,-0.59479,0
6.69032,-1.16441,0
