"Points:0","Points:1","Points:2"
8.244,-3.23545,0
7.93895,-4.23179,0
7.9663,-4.20705,0
7.34635,-5.11143,0
