"Points:0","Points:1","Points:2"
6.967,-5.832,0
6.41676,-7.35872,0
6.33841,-7.4394,0
5.70332,-7.97196,0
5.6704,-8.04942,0
5.56815,-8.26693,0
