"Points:0","Points:1","Points:2"
3.09681,-0.50362,0
3.34289,-0.5125,0
3.43589,-0.49582,0
3.65824,-0.466,0
4.59907,0.12466,0
4.925,0.0657,0
5.30355,-0.14523,0
5.1413,-0.01409,0
5.53622,-0.22808,0
