"Points:0","Points:1","Points:2"
2.63655,-0.17949,0
1.63655,0.2368,0
