"Points:0","Points:1","Points:2"
8.14522,-3.95784,0
7.93895,-4.23179,0
7.9663,-4.20705,0
7.64575,-4.48395,0
7.13174,-5.60794,0
6.96905,-5.92826,0
