"Points:0","Points:1","Points:2"
2.83565,-0.2415,0
3.4923,-0.50187,0
3.09681,-0.50362,0
2.85611,-0.2562,0
3.43589,-0.49582,0
3.55215,-0.55706,0
3.58209,-0.55326,0
