"Points:0","Points:1","Points:2"
6.69032,-1.16441,0
7.91356,-2.1158,0
