"Points:0","Points:1","Points:2"
7.77899,-4.35196,0
7.29676,-5.14165,0
6.96905,-5.92826,0
6.95658,-5.93758,0
6.93792,-6.08995,0
