"Points:0","Points:1","Points:2"
5.43006,-8.08202,0
5.32259,-8.28657,0
5.43663,-8.74253,0
5.37923,-8.4308,0
5.40627,-8.65997,0
5.52343,-8.91192,0
5.51329,-8.88753,0
5.74273,-9.82813,0
5.55293,-9.5296,0
6.02555,-9.9616,0
6.01771,-9.98509,0
6.1633,-10.2153,0
6.14736,-10.2032,0
6.19883,-10.2555,0
6.21665,-10.2712,0
