"Points:0","Points:1","Points:2"
3.02667,-0.27099,0
3.09585,-0.32464,0
3.58209,-0.55326,0
5.13521,0.00089,0
