"Points:0","Points:1","Points:2"
0.6968,-0.08141,0
1.95294,0.01822,0
0.78163,-0.05455,0
1.25341,0.18581,0
2.27145,-0.02503,0
2.34518,-0.07755,0
1.0639,0.15763,0
3.09681,-0.50362,0
2.87075,-0.43603,0
1.52148,0.1401,0
1.15956,0.19818,0
1.20007,0.21448,0
