"Points:0","Points:1","Points:2"
7.42087,-1.47563,0
7.543,-1.72556,0
7.76076,-1.97689,0
8.19349,-2.93632,0
8.19163,-3.02293,0
8.20181,-3.04598,0
