"Points:0","Points:1","Points:2"
5.36324,-8.43219,0
5.43663,-8.74253,0
5.52906,-9.08615,0
5.74273,-9.82813,0
5.55293,-9.5296,0
6.02555,-9.9616,0
6.01771,-9.98509,0
6.13173,-10.1525,0
6.14736,-10.2032,0
6.19883,-10.2555,0
6.21665,-10.2712,0
