"Points:0","Points:1","Points:2"
5.46115,-0.02204,0
5.96787,-0.55272,0
5.79764,-0.34061,0
6.30988,-0.90949,0
