"Points:0","Points:1","Points:2"
7.05307,-5.93098,0
7.02076,-5.99824,0
6.9854,-6.03304,0
6.97392,-6.05757,0
6.90975,-6.24806,0
6.35121,-7.36559,0
6.32787,-7.40732,0
6.10138,-7.61228,0
