"Points:0","Points:1","Points:2"
5.94406,-0.63349,0
7.565,-1.80093,0
7.61984,-1.91117,0
7.71534,-2.02871,0
7.9026,-2.36335,0
