"Points:0","Points:1","Points:2"
6.71761,-6.96621,0
6.60933,-7.07502,0
6.44819,-7.37949,0
5.95826,-7.56445,0
5.78439,-7.67226,0
5.93168,-7.60159,0
5.54121,-7.9871,0
5.46223,-8.36832,0
