"Points:0","Points:1","Points:2"
3.09585,-0.32464,0
3.74445,-0.49492,0
3.92657,-0.30631,0
4.36172,-0.04286,0
4.98695,0.02576,0
5.01851,0.08847,0
5.04287,0.06798,0
