"Points:0","Points:1","Points:2"
3.4923,-0.50187,0
3.43589,-0.49582,0
5.06718,-0.04361,0
5.07383,-0.03808,0
