"Points:0","Points:1","Points:2"
6.52116,-1.04415,0
6.94953,-1.07008,0
7.11792,-1.15599,0
7.23297,-1.25644,0
7.22726,-1.26867,0
7.44527,-1.52315,0
7.59435,-1.78489,0
7.7288,-2.00708,0
8.29307,-2.90464,0
