"Points:0","Points:1","Points:2"
7.4171,-1.23424,0
8.27383,-2.69674,0
8.25929,-2.8676,0
8.26671,-2.943,0
8.24584,-2.95636,0
8.20361,-3.13916,0
