"Points:0","Points:1","Points:2"
3.8283,-0.4016,0
5.06718,-0.04361,0
4.98182,-0.00812,0
