"Points:0","Points:1","Points:2"
1.82624,0.16403,0
2.961,-0.40343,0
2.7869,-0.36826,0
3.34289,-0.5125,0
2.04811,0.0675,0
0.93746,-0.04161,0
1.99512,0.10333,0
3.43589,-0.49582,0
3.58209,-0.55326,0
3.64616,-0.58305,0
