"Points:0","Points:1","Points:2"
7.48327,-1.35378,0
7.57047,-1.63149,0
7.76076,-1.97689,0
8.04087,-2.32075,0
8.20181,-3.04598,0
7.92013,-3.66016,0
7.87818,-3.67068,0
7.81513,-3.70828,0
