"Points:0","Points:1","Points:2"
4.4221,0.09414,0
4.55107,0.13313,0
4.59907,0.12466,0
5.02409,0.15734,0
5.40768,-0.01163,0
5.41967,-0.0196,0
5.96813,-0.58214,0
