"Points:0","Points:1","Points:2"
3.02667,-0.27099,0
3.8283,-0.4016,0
3.744,-0.43015,0
5.06718,-0.04361,0
5.07383,-0.03808,0
5.09729,-0.05892,0
5.41838,-0.17457,0
5.40866,-0.15196,0
5.53622,-0.22808,0
