"Points:0","Points:1","Points:2"
6.71761,-6.96621,0
6.46144,-7.33589,0
6.41676,-7.35872,0
5.45269,-8.18661,0
