"Points:0","Points:1","Points:2"
4.36172,-0.04286,0
4.71749,0.00076,0
