"Points:0","Points:1","Points:2"
7.68604,-4.5257,0
7.5896,-4.68415,0
7.25353,-5.53551,0
6.96905,-5.92826,0
6.8676,-6.27897,0
