"Points:0","Points:1","Points:2"
5.4831,-8.02273,0
5.43006,-8.08202,0
5.52906,-9.08615,0
5.49709,-9.26657,0
5.51585,-9.23325,0
5.74273,-9.82813,0
5.82132,-9.8568,0
5.5664,-9.72625,0
6.0017,-9.88305,0
6.07853,-10.0869,0
6.1633,-10.2153,0
6.14736,-10.2032,0
6.21665,-10.2712,0
