"Points:0","Points:1","Points:2"
7.21285,-1.06911,0
7.26625,-1.21172,0
7.59435,-1.78489,0
7.75622,-1.96818,0
7.70396,-1.93347,0
7.74764,-1.95197,0
8.22318,-2.85911,0
