"Points:0","Points:1","Points:2"
7.59726,-1.92374,0
7.71534,-2.02871,0
8.11812,-2.35949,0
8.14385,-2.46052,0
8.22318,-2.85911,0
8.27432,-3.26147,0
8.23469,-3.42965,0
8.22332,-3.55069,0
8.12416,-3.70166,0
8.04195,-3.81556,0
8.14887,-3.69627,0
7.85108,-4.06066,0
7.86548,-3.97786,0
7.77899,-4.35196,0
