"Points:0","Points:1","Points:2"
4.6749,0.20396,0
4.97935,0.05991,0
4.78858,0.1738,0
5.94741,-0.48485,0
5.97275,-0.52707,0
6.323,-0.87072,0
