"Points:0","Points:1","Points:2"
5.38989,-8.17671,0
5.53125,-8.80021,0
5.57152,-8.97335,0
5.74273,-9.82813,0
5.82132,-9.8568,0
5.75638,-9.81222,0
5.81154,-9.84492,0
5.49581,-9.71172,0
6.09097,-9.90376,0
6.1633,-10.2153,0
6.14736,-10.2032,0
6.19883,-10.2555,0
6.21665,-10.2712,0
6.24001,-10.3034,0
