"Points:0","Points:1","Points:2"
5.4774,-8.2973,0
5.51829,-8.41045,0
5.46905,-8.73926,0
5.41924,-9.04275,0
