"Points:0","Points:1","Points:2"
7.7288,-2.00708,0
8.03599,-2.2696,0
8.19399,-2.80714,0
8.30062,-3.11316,0
8.27432,-3.26147,0
8.26868,-3.27962,0
8.27504,-3.32313,0
8.23469,-3.42965,0
8.22332,-3.55069,0
8.14887,-3.69627,0
7.85108,-4.06066,0
7.77899,-4.35196,0
7.77663,-4.40402,0
