"Points:0","Points:1","Points:2"
8.19399,-2.80714,0
8.19349,-2.93632,0
8.20059,-3.07334,0
7.93208,-4.1086,0
7.92709,-4.11227,0
7.77663,-4.40402,0
7.69827,-4.48548,0
7.68604,-4.5257,0
7.56675,-4.73754,0
7.56226,-4.84149,0
