"Points:0","Points:1","Points:2"
5.67505,-7.79132,0
5.56881,-7.8696,0
5.51829,-8.41045,0
5.46874,-8.63697,0
