"Points:0","Points:1","Points:2"
3.09681,-0.50362,0
3.04627,-0.49529,0
2.15581,-0.00934,0
