"Points:0","Points:1","Points:2"
5.32182,-0.03729,0
5.44393,-0.12878,0
5.53622,-0.22808,0
5.68742,-0.30008,0
5.96787,-0.55272,0
5.91747,-0.49795,0
6.16439,-0.82679,0
