"Points:0","Points:1","Points:2"
8.22318,-2.85911,0
8.24584,-2.95636,0
8.25389,-3.20225,0
8.01225,-4.08238,0
7.41322,-4.93023,0
7.37787,-5.06579,0
