"Points:0","Points:1","Points:2"
7.55259,-4.61192,0
7.3349,-4.99428,0
