"Points:0","Points:1","Points:2"
8.1754,-2.69795,0
8.22318,-2.85911,0
8.19349,-2.93632,0
8.20059,-3.07334,0
8.20361,-3.13916,0
8.26868,-3.27962,0
8.33036,-3.4842,0
8.25336,-3.6546,0
8.02464,-3.95196,0
8.2645,-3.63694,0
8.19302,-3.73859,0
7.93208,-4.1086,0
7.77663,-4.40402,0
7.73183,-4.45748,0
7.69827,-4.48548,0
7.56226,-4.84149,0
7.60704,-4.942,0
