"Points:0","Points:1","Points:2"
6.38473,-7.44507,0
5.54121,-7.9871,0
5.51829,-8.41045,0
5.4942,-8.50077,0
