"Points:0","Points:1","Points:2"
7.25631,-5.51645,0
7.17178,-5.66428,0
7.13101,-5.72799,0
6.96905,-5.92826,0
6.93792,-6.08995,0
6.99864,-6.4716,0
6.60933,-7.07502,0
6.30851,-7.44919,0
6.15285,-7.67361,0
