"Points:0","Points:1","Points:2"
3.4923,-0.50187,0
1.00354,-0.05464,0
2.05882,0.09024,0
2.01781,0.09226,0
0.99622,-0.06274,0
2.961,-0.40343,0
3.34289,-0.5125,0
1.12801,-0.00225,0
2.10208,0.05025,0
2.81283,-0.27552,0
3.43589,-0.49582,0
3.55215,-0.55706,0
3.64616,-0.58305,0
