"Points:0","Points:1","Points:2"
2.51478,-0.09878,0
2.05882,0.09024,0
2.27145,-0.02503,0
2.23122,0.00376,0
1.99512,0.10333,0
4.35725,0.00814,0
