"Points:0","Points:1","Points:2"
8.11597,-2.45523,0
8.1109,-2.48978,0
8.19399,-2.80714,0
8.27432,-3.26147,0
8.26868,-3.27962,0
8.11567,-3.86726,0
8.31819,-3.62007,0
8.01225,-4.08238,0
