"Points:0","Points:1","Points:2"
3.84202,-0.29891,0
3.95598,-0.24107,0
4.7326,0.13753,0
5.26062,-0.01409,0
5.39189,-0.09576,0
5.68742,-0.30008,0
