"Points:0","Points:1","Points:2"
7.48327,-1.35378,0
8.03599,-2.2696,0
8.26685,-2.7302,0
8.25929,-2.8676,0
7.92013,-3.66016,0
8.02369,-3.58612,0
7.90507,-3.69507,0
