"Points:0","Points:1","Points:2"
5.4831,-8.02273,0
5.43006,-8.08202,0
5.40627,-8.65997,0
5.51532,-8.94281,0
5.49709,-9.26657,0
5.51585,-9.23325,0
5.48993,-9.29503,0
5.74273,-9.82813,0
5.70759,-9.80023,0
5.82132,-9.8568,0
5.75638,-9.81222,0
5.81154,-9.84492,0
5.5664,-9.72625,0
6.0017,-9.88305,0
6.07853,-10.0869,0
6.14736,-10.2032,0
