"Points:0","Points:1","Points:2"
2.62682,-0.22831,0
2.15581,-0.00934,0
0.41991,0.02087,0
