"Points:0","Points:1","Points:2"
2.75489,-0.21995,0
2.27145,-0.02503,0
1.90106,0.10053,0
2.04811,0.0675,0
