"Points:0","Points:1","Points:2"
3.8283,-0.4016,0
3.744,-0.43015,0
4.55107,0.13313,0
4.44112,0.05812,0
5.07383,-0.03808,0
5.1413,-0.01409,0
5.26062,-0.01409,0
5.40139,-0.13608,0
5.53622,-0.22808,0
5.68742,-0.30008,0
