"Points:0","Points:1","Points:2"
6.41676,-7.35872,0
5.70332,-7.97196,0
