"Points:0","Points:1","Points:2"
6.95731,-6.0854,0
6.95682,-6.30529,0
6.60933,-7.07502,0
5.70308,-8.02366,0
5.6704,-8.04942,0
