"Points:0","Points:1","Points:2"
2.76657,-0.28494,0
2.87075,-0.43603,0
2.63655,-0.17949,0
3.74445,-0.49492,0
