"Points:0","Points:1","Points:2"
7.30228,-5.18871,0
7.27916,-5.30469,0
7.27319,-5.33103,0
7.25327,-5.44698,0
7.25402,-5.47074,0
7.25663,-5.50915,0
7.14428,-5.69052,0
7.02324,-5.7834,0
6.96356,-5.98175,0
6.95663,-6.08043,0
6.96034,-6.0793,0
6.98995,-6.142,0
6.98148,-6.27112,0
6.98955,-6.30456,0
6.98655,-6.25605,0
6.98756,-6.57878,0
6.96875,-6.58938,0
6.94019,-6.72995,0
6.9102,-6.76816,0
6.87932,-6.79775,0
6.61413,-7.0788,0
6.4873,-7.18294,0
6.41872,-7.26081,0
6.31439,-7.48381,0
