"Points:0","Points:1","Points:2"
8.23469,-3.42965,0
8.19695,-3.85435,0
7.68604,-4.5257,0
7.33405,-4.9674,0
