"Points:0","Points:1","Points:2"
4.89334,0.0429,0
4.84206,0.05176,0
4.84902,0.03555,0
5.0547,0.09261,0
5.09265,0.11538,0
5.27794,0.09695,0
5.29118,0.08945,0
5.69987,-0.18269,0
5.94718,-0.55127,0
5.89431,-0.48493,0
5.87319,-0.43636,0
5.98981,-0.58635,0
5.79582,-0.27898,0
5.93806,-0.56483,0
6.22845,-0.80444,0
6.27263,-0.85277,0
6.24578,-0.80588,0
6.31079,-0.9203,0
6.34648,-0.95851,0
6.38581,-0.98579,0
6.45026,-1.03159,0
7.07602,-1.44218,0
