"Points:0","Points:1","Points:2"
1.68442,0.17847,0
1.99512,0.10333,0
