"Points:0","Points:1","Points:2"
5.90025,-0.65088,0
5.82525,-0.59864,0
5.91965,-0.68385,0
6.02981,-0.74335,0
5.96788,-0.70404,0
6.26624,-0.82209,0
6.31263,-0.85623,0
6.41379,-0.89804,0
6.44334,-0.93926,0
6.491,-1.01292,0
6.48402,-1.01281,0
6.53855,-1.04259,0
6.55597,-1.07728,0
6.5943,-1.12481,0
6.67488,-1.26353,0
6.78401,-1.3339,0
6.80054,-1.35547,0
7.60906,-1.88674,0
7.58897,-1.88755,0
7.66253,-1.9922,0
7.65562,-2.01508,0
7.66542,-2.03152,0
7.68003,-2.05477,0
