"Points:0","Points:1","Points:2"
4.4221,0.09414,0
4.92589,0.15371,0
5.40768,-0.01163,0
5.41457,-0.0079,0
5.41967,-0.0196,0
5.74661,-0.24456,0
5.68262,-0.17609,0
5.9099,-0.53692,0
