"Points:0","Points:1","Points:2"
4.4221,0.09414,0
4.925,0.0657,0
4.97935,0.05991,0
5.74661,-0.24456,0
5.68262,-0.17609,0
5.94741,-0.48485,0
