"Points:0","Points:1","Points:2"
4.78858,0.1738,0
5.02205,0.14308,0
5.50456,-0.00847,0
5.74661,-0.24456,0
