"Points:0","Points:1","Points:2"
8.08551,-2.29846,0
8.11812,-2.35949,0
8.14385,-2.46052,0
8.20059,-3.07334,0
8.21098,-3.14875,0
8.27432,-3.26147,0
8.27504,-3.32313,0
8.244,-3.23545,0
8.25389,-3.20225,0
8.12416,-3.70166,0
8.14887,-3.69627,0
8.00946,-3.90007,0
7.64575,-4.48395,0
