"Points:0","Points:1","Points:2"
4.925,0.0657,0
4.84941,0.07157,0
5.40175,-0.06478,0
5.97275,-0.52707,0
6.02284,-0.59479,0
6.13735,-0.73641,0
