"Points:0","Points:1","Points:2"
8.27432,-3.26147,0
8.27504,-3.32313,0
8.244,-3.23545,0
8.22733,-3.65226,0
8.19302,-3.73859,0
7.91875,-4.26323,0
7.77663,-4.40402,0
7.3349,-4.99428,0
7.34635,-5.11143,0
7.33124,-5.37813,0
