"Points:0","Points:1","Points:2"
5.74273,-9.82813,0
5.81154,-9.84492,0
6.0017,-9.88305,0
6.13173,-10.1525,0
6.1633,-10.2153,0
6.19883,-10.2555,0
6.21665,-10.2712,0
6.24001,-10.3034,0
6.26164,-10.3527,0
