"Points:0","Points:1","Points:2"
3.47806,-0.54309,0
3.12509,-0.36146,0
2.7784,-0.22722,0
3.04917,-0.34551,0
2.35617,-0.11204,0
3.72971,-0.49032,0
3.83801,-0.3929,0
3.78931,-0.4529,0
3.924,-0.30115,0
3.8652,-0.38557,0
3.98013,-0.27512,0
4.22619,-0.09859,0
4.39113,-0.01531,0
4.41962,-0.02431,0
4.43731,-0.02388,0
4.58527,0.02559,0
4.55999,0.01117,0
4.86364,0.00109,0
4.89321,0.01577,0
4.83624,0.0029,0
4.9667,0.06639,0
5.0547,0.09261,0
