"Points:0","Points:1","Points:2"
7.68662,-4.42094,0
7.38624,-4.93342,0
7.29676,-5.14165,0
7.26369,-5.25381,0
