"Points:0","Points:1","Points:2"
5.95373,-7.60101,0
5.5051,-7.88637,0
5.4831,-8.02273,0
5.34669,-9.27512,0
