"Points:0","Points:1","Points:2"
7.50449,-4.84466,0
7.13101,-5.72799,0
