"Points:0","Points:1","Points:2"
7.11792,-1.15599,0
7.84116,-2.10689,0
8.24584,-2.95636,0
