"Points:0","Points:1","Points:2"
2.27145,-0.02503,0
1.94235,0.17689,0
2.62682,-0.22831,0
2.23122,0.00376,0
3.04627,-0.49529,0
1.48476,0.16798,0
1.63655,0.2368,0
3.55215,-0.55706,0
3.58209,-0.55326,0
3.61644,-0.65802,0
