"Points:0","Points:1","Points:2"
7.05382,-6.0326,0
6.83355,-6.36895,0
6.30851,-7.44919,0
6.09252,-7.61006,0
5.6704,-8.04942,0
