"Points:0","Points:1","Points:2"
3.4923,-0.50187,0
2.01781,0.09226,0
0.99622,-0.06274,0
1.94235,0.17689,0
2.62682,-0.22831,0
2.15581,-0.00934,0
2.81283,-0.27552,0
1.30726,0.03524,0
3.43589,-0.49582,0
3.58209,-0.55326,0
3.64616,-0.58305,0
