"Points:0","Points:1","Points:2"
3.8283,-0.4016,0
3.744,-0.43015,0
3.98487,-0.30446,0
3.99744,-0.30421,0
4.98182,-0.00812,0
5.1413,-0.01409,0
5.41838,-0.17457,0
5.40866,-0.15196,0
5.53622,-0.22808,0
5.68742,-0.30008,0
5.79764,-0.34061,0
