"Points:0","Points:1","Points:2"
4.4221,0.09414,0
4.55107,0.13313,0
5.44393,-0.12878,0
5.40175,-0.06478,0
5.93412,-0.35461,0
