"Points:0","Points:1","Points:2"
8.11646,-3.92843,0
7.91875,-4.26323,0
7.77663,-4.40402,0
7.54181,-4.63682,0
7.35777,-5.01045,0
7.13174,-5.60794,0
7.09826,-5.67697,0
7.02045,-5.98768,0
