"Points:0","Points:1","Points:2"
5.23881,0.19446,0
5.27429,0.15138,0
5.57141,0.00145,0
5.63698,-0.04698,0
6.02284,-0.59479,0
6.41958,-0.97039,0
7.08912,-1.4277,0
