"Points:0","Points:1","Points:2"
3.99363,-0.1699,0
3.97436,-0.1571,0
4.13207,0.00467,0
4.15555,0.01902,0
4.11407,-0.03843,0
4.17535,0.0208,0
4.24316,0.07319,0
4.35881,0.11113,0
4.56553,0.14649,0
4.59231,0.15496,0
4.60043,0.14856,0
4.62053,0.17553,0
4.66235,0.17887,0
5.22798,-0.0447,0
5.25699,-0.03972,0
5.25524,-0.03614,0
5.36188,-0.0966,0
5.56841,-0.21689,0
5.64485,-0.28933,0
5.78135,-0.32569,0
5.84523,-0.35488,0
5.80111,-0.36435,0
6.03396,-0.38397,0
6.06758,-0.38342,0
6.06023,-0.40036,0
