"Points:0","Points:1","Points:2"
5.54133,0.05053,0
5.96787,-0.55272,0
5.96813,-0.58214,0
6.11835,-0.6709,0
6.09775,-0.68279,0
6.26137,-0.82219,0
6.323,-0.87072,0
6.41958,-0.97039,0
6.84314,-1.28361,0
7.14659,-1.52134,0
