"Points:0","Points:1","Points:2"
7.02045,-5.98768,0
6.97392,-6.05757,0
6.90975,-6.24806,0
6.8676,-6.27897,0
6.7862,-6.67019,0
6.72619,-6.73421,0
6.68328,-6.86824,0
6.62464,-7.07864,0
6.41676,-7.35872,0
