"Points:0","Points:1","Points:2"
5.74661,-0.24456,0
5.79764,-0.34061,0
6.11835,-0.6709,0
6.26137,-0.82219,0
6.323,-0.87072,0
7.08912,-1.4277,0
7.11985,-1.50276,0
