"Points:0","Points:1","Points:2"
2.19646,-1.27234,2e-05
2.00551,-1.11098,0.00031
2.24974,-1.0576,0.00205
2.41397,-0.86913,0
2.47459,-0.62662,0.00361
2.52501,-0.38178,0
2.71615,-0.22066,0.0021
2.95132,-0.13586,0
3.20119,-0.14347,0.0024
3.44188,-0.21103,0
3.54915,-0.43684,0.00206
3.59824,-0.68196,0
3.48094,-0.90274,0
