"Points:0","Points:1","Points:2"
3.8798,-1.02358,0.00104
4.12523,-0.97598,5e-05
4.34907,-1.08723,0.00452
4.31326,-0.83985,2e-05
4.50517,-0.67962,2e-05
4.70605,-0.5308,0.00051
4.95503,-0.55337,0.0002
5.14869,-0.39527,0.00079
4.94063,-0.25677,0.00582
4.75964,-0.08438,0.00089
4.67629,0.15131,0.00296
4.69754,0.40039,1e-05
4.57048,0.61569,0.00053
