"Points:0","Points:1","Points:2"
16.4264,2.25749,0
16.4041,2.50648,0.00281
16.3183,2.74131,0.00326
16.192,2.95702,3e-05
16.136,3.20061,0.00534
15.9741,3.39109,0.00364
15.7959,3.56641,0.00057
15.7376,3.80953,0
15.4883,3.82716,1e-05
15.2959,3.6675,0.00212
15.0513,3.71924,0.0016
14.8414,3.85506,0.00058
14.6254,3.98016,0.01418
