"Points:0","Points:1","Points:2"
2.67034,-0.7333,0.00124
2.88072,-0.86836,0.00021
3.08611,-1.01085,0.004
3.30985,-1.12231,3e-05
3.30309,-0.8724,0
3.29752,-0.62247,0.00215
3.49191,-0.46527,0.00209
3.74055,-0.49123,0.00187
3.97612,-0.57496,0.00271
4.20441,-0.67684,0.00254
4.32659,-0.89495,0.00305
4.51863,-1.05502,0.00334
4.60925,-1.288,0.00077
