"Points:0","Points:1","Points:2"
15.5122,3.14458,0.00179
15.7145,3.29146,0
15.6634,3.53618,0
15.4376,3.64341,0.00407
15.1889,3.61841,0
15.0393,3.81872,0.00074
14.885,4.01546,1e-05
14.6477,4.0937,0.00858
14.4066,4.1591,2e-05
14.159,4.19377,0
13.9093,4.20461,0.00147
13.6596,4.19151,1e-05
13.4099,4.18065,0
