"Points:0","Points:1","Points:2"
12.4412,3.97848,0
12.2765,3.79038,0.00042
12.2409,3.54294,0
12.1268,3.32048,0.00076
12.0066,3.10127,0
12.0108,2.85131,0.00215
11.9875,2.6024,0.00255
11.973,2.35283,0.0001
11.8119,2.16165,0
11.5868,2.05291,0.00013
11.3423,2.00107,0.00448
11.0924,1.99504,0.00064
10.8433,1.97417,0
