"Points:0","Points:1","Points:2"
4.11871,-0.78416,0.00041
4.31927,-0.63491,1e-05
4.54251,-0.5224,0.00193
4.72767,-0.35443,0.00033
4.77303,-0.10858,3e-05
4.7834,0.14121,0
4.75104,0.3891,0.00181
4.50182,0.40881,0.00343
4.3384,0.59797,0.00017
4.09545,0.53904,0.00239
3.90856,0.37299,0.00227
3.85609,0.12857,0
3.77158,-0.10671,0.00187
