"Points:0","Points:1","Points:2"
13.4151,4.19236,0.0057
13.1657,4.17616,0.00029
12.9164,4.1945,0.00346
12.6665,4.2029,0.00184
12.4261,4.13431,0
12.2004,4.02694,0.00012
12.0391,3.83591,0.00252
11.9164,3.61808,2e-05
11.9603,3.37195,2e-05
11.9508,3.12214,0.00259
11.9685,2.87277,0.0035
12.0527,2.63736,0.00093
12.1479,2.4062,0.00138
