"Points:0","Points:1","Points:2"
5.68028,0.39817,0.00141
5.62631,0.15407,1e-05
5.38578,0.22223,1e-05
5.19359,0.38212,0
4.94835,0.43065,0.00017
4.6994,0.45352,0.00033
4.46555,0.54188,0.00304
4.21571,0.55038,0
4.10657,0.32546,0
3.93277,0.14575,0
3.75806,-0.033,0.0045
3.50817,-0.02715,0
3.25844,-0.03884,0.00082
