"Points:0","Points:1","Points:2"
4.03115,0.02859,0
3.78115,0.0275,1e-05
3.53188,0.00841,0
3.28197,0.00182,2e-05
3.03202,-0.00191,0.00327
2.78204,-0.00209,0
2.53212,0.00404,0.0006
2.28299,-0.01671,0.00344
2.03668,0.02576,0.00851
1.79022,-0.01529,3e-05
1.54093,0.00359,2e-05
1.29137,0.01806,0.00352
1.04363,0.05062,0.0114
