"Points:0","Points:1","Points:2"
2.46892,-1.02418,0
2.49024,-0.77512,0.00398
2.51649,-0.52654,0
2.71751,-0.3779,0.00128
2.96744,-0.37242,1e-05
3.07764,-0.59682,0
3.02763,-0.84177,0
2.96721,-1.08431,0.00474
2.98541,-1.3336,0
3.22647,-1.39986,0.00017
3.46222,-1.31667,0.00148
3.70192,-1.24569,1e-05
3.89894,-1.09179,0.00022
