"Points:0","Points:1","Points:2"
13.4071,4.18637,0
13.1576,4.17069,0
12.9081,4.1875,2e-05
12.6588,4.20522,0
12.4256,4.11522,0
12.1947,4.01934,0.00183
12.0241,3.8366,0
11.9659,3.59347,7e-05
11.9666,3.34347,1e-05
11.936,3.09535,0.0008
12.0161,2.85856,0.00405
12.0523,2.61221,0.02647
12.1066,2.3728,0.07373
