"Points:0","Points:1","Points:2"
2.72318,-0.76024,0
2.91314,-0.92276,0.00249
3.15859,-0.97018,5e-05
3.35264,-0.81258,0.00227
3.40119,-0.56734,0.00377
3.58578,-0.39878,2e-05
3.79563,-0.53467,0
3.94583,-0.73452,9e-05
4.0534,-0.96015,0.0042
4.23358,-1.13345,0.00217
4.42237,-1.29729,0.00586
4.65406,-1.3911,0.00155
4.90401,-1.39609,0
