"Points:0","Points:1","Points:2"
2.1865,-1.27983,0.00123
1.99658,-1.11726,0.00024
2.24318,-1.07618,0.00206
2.40654,-0.88695,0
2.52744,-0.66813,0.00019
2.51745,-0.41832,0
2.69977,-0.24728,0.00225
2.92134,-0.13152,0
3.16813,-0.09197,0.00548
3.3902,-0.20666,0.00016
3.54663,-0.40167,0.00183
3.60993,-0.64351,0.00013
3.73824,-0.85807,0.00067
