"Points:0","Points:1","Points:2"
16.965,0.75213,0.00251
16.7318,0.84216,0.00117
16.6609,1.08189,0
16.4524,1.2198,0.00446
16.3144,1.42825,0
16.2294,1.66332,0
16.257,1.91179,0.00011
16.3271,2.15176,0.00295
16.3737,2.39735,0
16.4096,2.64477,0.00059
16.3598,2.88968,0.00657
16.2736,3.12426,0
16.1964,3.36192,0.00788
