"Points:0","Points:1","Points:2"
2.65588,-1.39823,0.00499
2.41817,-1.47546,2e-05
2.17252,-1.52194,0.00056
1.95487,-1.39895,0.00139
1.77333,-1.22707,0
1.71762,-0.98336,1e-05
1.91308,-0.82749,0
2.09777,-0.659,0.00024
2.34694,-0.67934,0.00161
2.59144,-0.73144,0
2.75139,-0.92357,0.00129
2.82925,-1.16112,0.00482
3.02916,-1.31089,0.01476
