"Points:0","Points:1","Points:2"
2.12583,-1.22918,0
2.17179,-0.98347,0.00366
2.39292,-0.86688,0.00014
2.40053,-0.617,0
2.57112,-0.43424,0
2.81529,-0.38087,0.00544
3.06014,-0.33066,0
3.30433,-0.38426,6e-05
3.26683,-0.63141,0.00393
3.21366,-0.87568,0.00562
3.19891,-1.12519,0.00043
3.17401,-1.37395,0.00011
3.13829,-1.62133,0.00532
