"Points:0","Points:1","Points:2"
4.66854,0.2328,0.01768
4.46759,0.08512,9e-05
4.29215,-0.09289,0.00581
4.04257,-0.10611,0.0001
3.79306,-0.09052,0
3.54981,-0.03296,0.00424
3.30172,-0.00241,0
3.05173,-0.00477,0.00074
2.80391,-0.03766,0.00097
2.55395,-0.03513,0.00486
2.31776,0.04668,0
2.06812,0.05972,0.00263
1.8183,0.06889,0
