"Points:0","Points:1","Points:2"
2.54522,-0.67062,0.00623
2.79519,-0.66733,0.00527
3.04282,-0.70154,0.00176
3.03582,-0.95144,0.00075
3.01051,-1.20015,0
3.24708,-1.28098,3e-05
3.4436,-1.12645,2e-05
3.34854,-0.89523,0.00011
3.20223,-0.69251,0.00104
3.29306,-0.4596,2e-05
3.4779,-0.29127,2e-05
3.72193,-0.23706,0.00339
3.96532,-0.2941,0.00041
