"Points:0","Points:1","Points:2"
2.59937,-1.05612,0.00603
2.40748,-0.89598,1e-05
2.47394,-0.65498,8e-05
2.65968,-0.48789,0.00931
2.89909,-0.41615,0.00338
3.14862,-0.40118,0
3.20802,-0.64402,2e-05
3.04706,-0.83531,0
2.95581,-1.06803,0.0036
2.97994,-1.31684,0
3.17735,-1.47023,0
3.41478,-1.54848,2e-05
3.65298,-1.62439,0.00116
