"Points:0","Points:1","Points:2"
2.00504,-1.09025,1e-05
2.21834,-0.96007,0.00734
2.37698,-0.76695,0.00108
2.52588,-0.56614,0.00368
2.73973,-0.43665,0.00303
2.98332,-0.38043,0.00255
3.22908,-0.4263,0.00216
3.3003,-0.66593,0
3.14641,-0.86295,1e-05
3.11248,-1.11064,0
3.16189,-1.35571,7e-05
3.35345,-1.51635,1e-05
3.55197,-1.66802,0.00919
