"Points:0","Points:1","Points:2"
2.48602,-0.98951,0.00038
2.45983,-0.74089,0.00207
2.50874,-0.49573,0.00425
2.7268,-0.37353,0
2.9757,-0.39688,0.00056
3.06761,-0.62937,5e-05
3.0241,-0.87555,0
2.95903,-1.11693,0
3.00056,-1.36346,0
3.24955,-1.38592,0
3.48858,-1.31269,0.00018
3.71909,-1.21604,0.00492
3.90877,-1.05326,2e-05
