"Points:0","Points:1","Points:2"
15.6862,3.23606,0.00016
15.6349,3.48075,0.00017
15.4336,3.62892,0.00583
15.1954,3.70437,3e-05
14.9701,3.81279,0.00395
14.7769,3.97139,0.00739
14.5423,4.0578,0.01051
14.3203,4.17237,0.00131
14.0706,4.1841,0
13.9324,3.97581,0
13.75,3.80476,0.00104
13.5004,3.79209,0.00366
13.2504,3.79167,0.00458
