"Points:0","Points:1","Points:2"
4.45378,-0.30731,2e-05
4.34452,-0.08245,0
4.40743,0.15948,0.00346
4.17902,0.26106,0
4.09715,0.02485,0.0001
4.02418,-0.21426,8e-05
3.78438,-0.27789,0.0309
3.58604,-0.12571,0.02944
3.40611,0.04626,0.006
3.17436,0.13987,0.00025
2.92455,0.13109,0.00432
2.68739,0.05204,0.00206
2.48994,-0.10129,0.0041
