"Points:0","Points:1","Points:2"
2.58544,-1.51833,0.01027
2.33992,-1.47237,1e-05
2.09694,-1.41355,0.00019
1.88671,-1.27826,0
1.76231,-1.06141,0.00011
1.96301,-0.91235,0.00131
2.17928,-0.78695,0
2.4275,-0.75806,0.00723
2.61719,-0.92074,7e-05
2.77948,-1.11091,1e-05
3.01261,-1.20118,0.00051
3.26195,-1.21883,0.00446
3.51191,-1.21469,0.00596
