"Points:0","Points:1","Points:2"
3.35913,-0.94434,0
3.60792,-0.91978,0.00011
3.8577,-0.93031,0
4.09068,-1.02096,0.0001
4.32694,-1.1027,0.00105
4.56912,-1.16475,0.0015
4.66255,-0.93287,0.00104
4.55332,-0.70801,0.00294
4.35167,-0.56023,0.00335
4.4636,-0.33671,3e-05
4.71105,-0.30108,0
4.96084,-0.30935,0.00605
5.19105,-0.40671,0.00098
