"Points:0","Points:1","Points:2"
4.49532,-0.30698,0.00233
4.35152,-0.10248,0.00047
4.40609,0.14149,0
4.18935,0.26605,0.00316
4.06653,0.04832,1e-05
4.05074,-0.20117,0.00229
3.81972,-0.29671,0.00051
3.62007,-0.14625,0
3.41463,-0.00379,0.00153
3.20846,0.1363,0.02063
2.96061,0.16169,0
2.72343,0.08273,0.00369
2.47357,0.07532,0
