"Points:0","Points:1","Points:2"
15.6128,3.30686,0
15.5418,3.54659,0
15.352,3.70923,4e-05
15.1196,3.80134,0
14.8718,3.83432,0.00594
14.7168,4.03041,0.00198
14.5092,4.16967,0.00383
14.2606,4.1963,0
14.0306,4.0985,0
13.8522,3.92332,0.00262
13.6458,3.78229,0.00167
13.4194,3.88838,1e-05
13.1831,3.96973,0
