"Points:0","Points:1","Points:2"
16.5303,1.81115,0
16.5,2.0593,3e-05
16.474,2.30794,0.00087
16.5205,2.55354,0.00417
16.3886,2.76582,7e-05
16.2317,2.96045,0.00061
16.115,3.18157,0.00191
16.0466,3.42202,0.0002
15.9446,3.65028,0
15.76,3.81882,0.00163
15.5176,3.87984,0.00089
15.2676,3.88385,0.00228
15.019,3.85786,0.00654
