"Points:0","Points:1","Points:2"
5.72678,1.10741,0.01181
5.78428,0.86436,0.00068
5.82229,0.61727,0.00217
5.86929,0.37174,0.00045
5.84181,0.12329,0.00477
5.6667,-0.05513,0.00296
5.42187,-0.10566,0.00197
5.17689,-0.0558,0.00281
4.93126,-0.00946,0.0072
4.8056,0.20654,0
4.78942,0.45602,0
4.69202,0.68622,0.00447
4.62063,0.92577,0
