"Points:0","Points:1","Points:2"
4.31624,-0.19189,0
4.32544,0.05794,0
4.11106,-0.07068,0.00125
3.93551,-0.24863,0.0049
3.73679,-0.09695,0.00319
3.53308,0.04794,5e-05
3.30408,0.14824,0
3.05804,0.10395,3e-05
2.90624,-0.09469,1e-05
2.66663,-0.16561,0.00739
2.41705,-0.17849,0.00066
2.16814,-0.20102,0.00656
1.92331,-0.18597,0.05488
