"Points:0","Points:1","Points:2"
14.4819,3.97825,0.00381
14.2651,4.10265,0
14.0195,4.05606,0.00141
13.7756,4.00117,0
13.5257,4.00783,0.00398
13.3202,4.14909,0.02217
13.1115,4.28489,5e-05
12.8824,4.38482,1e-05
12.633,4.40338,3e-05
12.3881,4.35358,2e-05
12.2016,4.187,4e-05
12.051,3.98748,0.00016
11.8455,3.84508,0.00105
