"Points:0","Points:1","Points:2"
4.28732,-0.19761,0.00167
4.37248,0.03743,0
4.13854,0.12557,0.00108
4.0524,-0.10891,0.01093
3.89448,-0.30242,0
3.69609,-0.1503,2e-05
3.52075,0.0279,1e-05
3.29173,0.12815,1e-05
3.04395,0.16137,0.00035
2.83868,0.0207,0.02439
2.62129,-0.10031,0
2.38336,-0.17692,0.0044
2.14409,-0.24924,1e-05
