"Points:0","Points:1","Points:2"
13.9389,4.12383,0.00092
13.6889,4.1235,0.00603
13.4391,4.11461,0
13.2112,4.21729,0.00123
12.9637,4.25266,0.00312
12.7179,4.29826,0
12.4682,4.2874,0.00193
12.3205,4.08564,0.00104
12.1407,3.91203,0
11.9724,3.72716,0
11.8118,3.53552,6e-05
11.662,3.3354,0
11.5751,3.101,0.00389
