"Points:0","Points:1","Points:2"
16.4016,1.22564,0.00299
16.3829,1.47493,0.00214
16.3595,1.72382,0
16.3088,1.96861,0.00265
16.4198,2.19257,0.00043
16.5014,2.42888,0
16.5389,2.67605,0.00021
16.4283,2.90022,0.0006
16.2415,3.06637,0
16.002,3.13827,0
15.888,3.3607,0.00325
15.8331,3.60461,0.00244
15.8308,3.85459,0.00368
