"Points:0","Points:1","Points:2"
4.15077,-0.75829,0
4.3438,-0.59958,0.00742
4.54589,-0.45255,0.00102
4.73794,-0.29253,0.00394
4.79261,-0.04861,0
4.70414,0.1852,0.00232
4.46855,0.26884,0
4.45459,0.5184,0.00473
4.21188,0.57822,0.00112
4.02256,0.41495,3e-05
3.93489,0.18087,0.00466
3.82886,-0.04553,0.00387
3.71805,-0.26959,0
