"Points:0","Points:1","Points:2"
2.68662,-0.71955,0
2.86821,-0.89138,1e-05
3.08181,-1.02128,0
3.31428,-1.11324,0
3.28199,-0.86534,0.00046
3.31266,-0.61723,0
3.50973,-0.46341,0.00249
3.74697,-0.54225,0.00382
3.99141,-0.59456,3e-05
4.21614,-0.70409,0.00062
4.35468,-0.9122,0.00075
4.48003,-1.1285,0.00156
4.51722,-1.37571,5e-05
