"Points:0","Points:1","Points:2"
4.11132,0.10542,5e-05
3.86422,0.0674,0
3.61446,0.05649,0
3.37626,-0.0194,1e-05
3.12821,0.01178,5e-05
2.87935,-0.01205,0
2.63299,-0.05453,0.00047
2.38323,-0.06544,0.00171
2.14511,0.01069,0
1.89704,0.04149,0.00381
1.64847,0.06816,0.00198
1.39917,0.08674,0
1.15005,0.10772,0
