"Points:0","Points:1","Points:2"
4.23951,-0.01836,0
3.99152,-0.05,1e-05
3.74158,-0.05525,0
3.49627,-0.00716,0.00372
3.25983,0.07395,5e-05
3.01692,0.01489,0.00253
2.76839,-0.01209,0
2.52707,0.05299,0.00512
2.28292,-0.00056,0
2.03559,0.03587,0.00066
1.78573,0.04435,0
1.53574,0.04284,0
1.28853,0.00561,0.00121
