"Points:0","Points:1","Points:2"
2.67955,-0.7115,0.00319
2.87644,-0.86556,0.00361
3.09428,-0.98823,0.00393
3.30218,-1.12702,0.00055
3.29228,-0.87723,0.00324
3.26443,-0.6288,0.00508
3.46231,-0.4761,6e-05
3.71202,-0.48782,0.00232
3.94675,-0.57384,0.00017
4.18647,-0.64479,0.00032
4.35383,-0.8305,0
4.46938,-1.0522,3e-05
4.6351,-1.23929,0.00559
