"Points:0","Points:1","Points:2"
8.14083,2.35284,0
7.95661,2.18383,3e-05
7.73412,2.06981,0
7.48588,2.0411,0.00703
7.34792,1.83273,0
7.10534,1.77271,0.00739
6.85629,1.79322,0
6.63847,1.91585,0.00374
6.4546,2.08523,0.00151
6.2796,2.26376,0.00196
6.02978,2.27315,0
5.78099,2.29771,0
5.53462,2.25535,0.00234
