"Points:0","Points:1","Points:2"
5.67594,0.79816,0.00332
5.77033,0.56669,3e-05
5.79741,0.31816,0.00043
5.72419,0.07912,0.00048
5.48095,0.02142,0.00265
5.23512,0.0669,0.00231
4.98522,0.06022,1e-05
4.95391,0.30824,0.00317
4.83882,0.53014,0
4.60645,0.62237,0.00132
4.35646,0.62318,0.00271
4.12933,0.51874,0.00068
3.90445,0.41191,0.02345
