"Points:0","Points:1","Points:2"
12.2097,3.3024,0.00493
12.1048,3.07555,0
11.9976,2.85001,0.01176
11.8529,2.64637,0.00116
11.684,2.4621,1e-05
11.5338,2.26223,0.00106
11.3315,2.11549,0.00757
11.0818,2.10674,5e-05
10.8993,2.2776,0.00028
10.7005,2.42894,0.00938
10.4907,2.56459,0.00018
10.2762,2.69289,0.00266
10.0756,2.842,0.00993
