"Points:0","Points:1","Points:2"
2.97915,-0.94623,0.0024
3.17924,-0.79635,0.00143
3.40693,-0.69316,0.00422
3.61366,-0.55264,0
3.84449,-0.64864,0.0006
4.0226,-0.82408,0.00048
4.0568,-1.07173,0.0001
4.21395,-1.26591,0.01006
4.4294,-1.39233,0.00018
4.6781,-1.36766,0.00631
4.78255,-1.14055,0.00242
4.69315,-0.90709,5e-05
4.52947,-0.72081,0.0318
