"Points:0","Points:1","Points:2"
16.0126,2.98628,0.00414
15.7719,3.05378,0
15.6236,3.25497,0.00513
15.6829,3.49777,0
15.5774,3.72438,0.00306
15.3309,3.7312,0.04428
15.0955,3.65753,0.00336
14.9035,3.81718,0.01523
14.7771,4.03271,0.00736
14.5788,4.18477,0
14.3453,4.27415,0
14.111,4.36148,0.00158
13.886,4.47031,0
