"Points:0","Points:1","Points:2"
7.56053,1.76826,0
7.90338,2.50914,0
7.77582,2.42444,0
8.18648,2.5921,0
8.89686,2.48955,0
