"Points:0","Points:1","Points:2"
15.1663,3.85866,0
16.5139,2.60042,0
16.4937,2.0405,0
16.5076,2.00462,0
