"Points:0","Points:1","Points:2"
3.40407,-0.91771,0
3.51958,-0.90111,0
3.59308,-0.91124,0
4.44602,-0.30897,0
4.32648,-0.38296,0
3.37624,-0.91374,0
4.63716,-0.74529,0
4.63466,-0.78504,0
4.66001,-0.74452,0
4.6458,-0.75489,0
4.65197,-0.77918,0
4.66605,-0.84045,0
