"Points:0","Points:1","Points:2"
2.38882,-0.06424,0
1.45496,0.07869,0
1.65589,0.05827,0
3.78511,0.04362,0
2.05265,0.02278,0
2.77441,-0.04069,0
1.88209,0.06667,0
1.28317,0.07719,0
2.30464,-0.06401,0
1.95316,0.06307,0
1.32997,0.0989,0
2.59851,-0.04836,0
1.80277,0.07826,0
1.96005,0.07413,0
4.02283,0.0684,0
2.31049,-0.06088,0
4.0135,0.07794,0
