"Points:0","Points:1","Points:2"
14.7228,3.85146,0
14.7464,3.83556,0
15.4005,3.78349,0
15.4651,3.79462,0
15.5653,3.75524,0
15.5978,3.73706,0
15.5728,3.76492,0
15.6837,3.69743,0
15.7215,3.6876,0
15.923,3.42947,0
16.0454,3.13131,0
16.0212,3.20383,0
16.0231,3.1645,0
16.0864,2.96781,0
16.1754,2.79546,0
16.0636,3.01969,0
16.112,2.96528,0
16.1577,2.75427,0
16.1798,2.71951,0
