"Points:0","Points:1","Points:2"
3.88322,-1.02201,0
4.2411,-1.07549,0
4.05863,-0.99555,0
4.5607,0.45161,0
4.60242,0.35719,0
4.60081,0.34007,0
4.82825,-0.14157,0
4.93155,-0.46757,0
5.09056,-0.33032,0
