"Points:0","Points:1","Points:2"
4.48477,-0.559,0
3.25398,-0.50129,0
3.30961,-0.48705,0
3.79704,-0.46966,0
3.8781,-0.45761,0
3.42721,-0.50711,0
4.50075,-0.55815,0
4.50399,-0.54163,0
4.59414,-0.20663,0
4.57263,-0.01228,0
4.58834,-0.00283,0
4.64074,-0.11503,0
