"Points:0","Points:1","Points:2"
2.76184,-0.70441,0
2.98188,-0.83883,0
3.24515,-0.70434,0
2.6325,-0.72525,0
