"Points:0","Points:1","Points:2"
3.22728,0.03117,0
3.00114,0.02035,0
1.35023,0.11195,0
1.99279,0.0297,0
1.3344,0.10119,0
2.66293,-0.08292,0
1.93256,0.01952,0
2.58241,-0.09119,0
4.06097,0.02784,0
