"Points:0","Points:1","Points:2"
1.70005,-0.97512,0
2.24969,-0.62041,0
2.1983,-0.60823,0
1.89336,-0.77367,0
2.16722,-0.63155,0
2.32692,-0.60105,0
2.32042,-0.60753,0
1.92268,-0.77778,0
2.01845,-0.68469,0
1.70068,-1.28665,0
1.73252,-1.31703,0
1.81617,-1.42611,0
1.75042,-1.35386,0
1.84287,-1.44655,0
1.92076,-1.47944,0
2.72063,-1.40257,0
