"Points:0","Points:1","Points:2"
2.17513,-1.24981,0
2.40945,-1.09845,0
2.4308,-1.09919,0
2.35273,-1.12437,0
2.02872,-1.21952,0
2.02876,-1.23498,0
2.26326,-1.11067,0
1.98543,-1.20378,0
2.98259,-0.08219,0
