"Points:0","Points:1","Points:2"
4.34268,-0.44142,0
4.41373,-0.29715,0
4.3848,-0.35675,0
4.37376,-1.16829,0
4.33509,-0.48075,0
4.32902,-1.15588,0
4.17498,-1.12704,0
4.32867,-0.38758,0
3.45036,-0.88039,0
4.3294,-1.16696,0
4.63716,-0.74529,0
4.6458,-0.75489,0
4.65197,-0.77918,0
