"Points:0","Points:1","Points:2"
8.11654,2.89939,0
8.46676,2.76978,0
8.21168,2.84041,0
8.92295,2.47912,0
9.17221,2.2927,0
9.45129,2.24173,0
9.64791,2.31491,0
9.70996,2.36982,0
9.81677,2.46915,0
9.81242,2.46068,0
9.82303,2.47216,0
9.82758,2.47865,0
9.82868,2.4703,0
9.89971,2.49434,0
10.0013,2.46014,0
10.0718,2.44167,0
10.117,2.43081,0
10.0876,2.44503,0
10.1233,2.42179,0
10.1362,2.41566,0
10.427,2.32923,0
10.5975,2.31858,0
10.5524,2.30404,0
10.5876,2.30029,0
10.5237,2.31226,0
10.6357,2.29906,0
