"Points:0","Points:1","Points:2"
5.81622,1.23628,0
5.79987,1.18974,0
