"Points:0","Points:1","Points:2"
5.58543,0.87835,0
5.6093,0.93485,0
5.61046,0.95857,0
5.64331,1.08025,0
5.66216,1.1016,0
5.66019,1.52425,0
5.6154,1.77863,0
5.59708,1.91699,0
5.58955,2.01742,0
5.73567,2.16493,0
5.76406,2.18569,0
5.72624,2.18053,0
5.67743,2.11855,0
5.63419,2.09723,0
5.67185,2.12877,0
6.04809,2.19048,0
5.99258,2.21811,0
5.84311,2.23833,0
5.92788,2.21849,0
6.21979,2.03408,0
6.31778,1.90372,0
6.43202,1.78027,0
6.73345,1.56284,0
