"Points:0","Points:1","Points:2"
4.23841,0.71087,0
5.80844,0.84062,0
5.82446,0.75254,0
5.80274,0.75645,0
