"Points:0","Points:1","Points:2"
1.99569,-0.65117,0
1.60399,-1.17067,0
1.54868,-1.13231,0
2.10766,-0.53775,0
2.02008,-0.63374,0
2.17608,-0.51276,0
2.33928,-0.46157,0
1.61975,-1.19113,0
1.61336,-1.18623,0
2.23163,-0.48191,0
2.35694,-0.46971,0
2.44481,-1.53415,0
2.81172,-1.41615,0
2.80196,-1.42537,0
