"Points:0","Points:1","Points:2"
7.62184,2.30543,0
7.84644,2.54789,0
7.87249,2.56279,0
7.8491,2.53887,0
7.70781,2.44714,0
