"Points:0","Points:1","Points:2"
1.45894,0.16605,0
4.17192,0.05508,0
2.36718,-0.11714,0
4.03915,-0.02151,0
4.09321,-0.00339,0
1.69085,0.10357,0
4.08888,0.02954,0
2.38498,-0.10741,0
4.14894,0.04104,0
2.52326,-0.11258,0
