"Points:0","Points:1","Points:2"
4.18359,0.52591,0
5.65613,0.31861,0
5.65458,0.30583,0
