"Points:0","Points:1","Points:2"
3.95084,-0.33892,0
3.91337,-0.34477,0
4.32901,0.29368,0
4.47149,0.08248,0
4.46555,0.10006,0
4.19943,0.35077,0
4.20529,0.34731,0
4.17825,0.33769,0
4.51321,-0.03531,0
4.50388,0.03305,0
4.50739,-0.31836,0
4.50058,-0.41036,0
4.50354,-0.47638,0
4.51077,-0.29681,0
4.51614,-0.27759,0
4.51336,-0.25147,0
4.5257,-0.24809,0
4.5136,-0.39648,0
