"Points:0","Points:1","Points:2"
2.39922,-0.3177,0
2.39966,-0.30274,0
2.13954,-1.35918,0
2.20335,-1.37014,0
