"Points:0","Points:1","Points:2"
7.0081,1.61113,0
7.07958,1.60297,0
7.06667,1.61886,0
7.52196,1.82609,0
7.38632,1.67234,0
7.48238,1.71146,0
7.38877,1.64864,0
7.539,1.85698,0
7.53408,2.05372,0
7.54245,2.22697,0
7.53795,2.07008,0
7.53589,2.21083,0
7.79272,2.48954,0
7.97214,2.5606,0
7.67793,2.36214,0
7.66423,2.38817,0
8.29061,2.5809,0
8.3786,2.58179,0
8.49074,2.60903,0
8.68311,2.58604,0
8.79741,2.56806,0
8.74109,2.58411,0
8.93006,2.53156,0
8.95815,2.52541,0
9.29789,2.40238,0
9.21154,2.4321,0
