"Points:0","Points:1","Points:2"
4.04119,-0.086,0
3.35285,-0.00996,0
3.14894,0.02334,0
3.95859,-0.09651,0
2.22998,0.03472,0
4.25103,-0.02475,0
2.86938,0.08087,0
3.01094,0.07842,0
3.54714,-0.05401,0
1.91857,0.05549,0
2.49215,0.06465,0
3.45985,-0.05001,0
4.42882,0.00328,0
2.34896,0.06405,0
4.24969,-0.03797,0
2.4219,0.05655,0
4.07756,-0.08392,0
4.31653,-0.01859,0
3.25829,0.02654,0
2.69172,0.06259,0
2.76064,0.09403,0
4.19801,-0.06259,0
