"Points:0","Points:1","Points:2"
2.85353,-0.60081,0
2.73537,-0.50006,0
2.55076,-0.35725,0
2.67147,-1.07291,0
2.50685,-0.32242,0
2.94172,-0.7834,0
2.32454,-0.16232,0
2.2443,-0.07659,0
2.53822,-0.35824,0
2.213,-0.00629,0
2.382,-0.23938,0
2.76829,-1.03245,0
2.71399,-0.49936,0
2.58708,-1.08809,0
2.20063,-0.02742,0
1.94651,-1.27849,0
1.99331,-1.29503,0
1.98482,-1.30301,0
2.08153,-1.32685,0
2.2512,-1.39256,0
