"Points:0","Points:1","Points:2"
4.06323,-0.94825,0
3.99487,-0.92369,0
4.24995,-0.9187,0
4.10624,-0.94754,0
4.28701,-0.87175,0
4.08797,-0.93128,0
3.97115,-0.93462,0
4.16299,-0.96938,0
4.29784,-0.88554,0
3.95909,-0.9261,0
4.2125,-0.9417,0
4.25378,-0.91626,0
4.06383,-0.95522,0
4.19487,-0.96194,0
4.56391,0.75678,0
4.54094,0.77883,0
4.68259,0.04323,0
4.66669,0.01171,0
4.77908,-0.29642,0
4.793,-0.33486,0
4.63528,0.6673,0
4.85126,-0.39299,0
4.85874,-0.51079,0
4.89887,-0.50313,0
