"Points:0","Points:1","Points:2"
3.41053,-1.24387,0
3.05006,-1.18765,0
3.45154,-1.08986,0
2.49377,-0.68728,0
3.22521,-0.57485,0
3.46472,-1.03916,0
2.86607,-0.63819,0
3.40862,-0.28227,0
2.95507,-0.6613,0
3.46189,-1.2129,0
