"Points:0","Points:1","Points:2"
15.5776,3.86769,0
15.7179,3.85295,0
16.3042,2.85309,0
16.3269,2.8171,0
16.458,2.44664,0
16.3863,2.5949,0
