"Points:0","Points:1","Points:2"
1.79707,-0.75056,0
2.53561,-0.26935,0
2.27861,-0.43057,0
2.53997,-0.24229,0
2.3923,-0.36829,0
1.7435,-1.26996,0
1.75119,-1.26383,0
1.84659,-1.32614,0
2.24699,-1.59997,0
2.32218,-1.62001,0
2.48109,-1.56902,0
2.35955,-1.59598,0
2.44447,-1.58859,0
2.73964,-1.52681,0
2.69452,-1.53391,0
2.68943,-1.53275,0
