"Points:0","Points:1","Points:2"
10.2397,2.63694,0
10.0713,2.65865,0
10.7569,2.37551,0
11.2217,2.46913,0
11.4433,2.46591,0
11.5346,2.48989,0
11.5943,2.50988,0
