"Points:0","Points:1","Points:2"
13.3485,3.81363,0
13.6635,3.90966,0
15.1724,3.6997,0
15.3765,3.67711,0
15.5102,3.61149,0
15.6489,3.31311,0
15.5897,3.20594,0
