"Points:0","Points:1","Points:2"
3.86479,0.175,0
3.95646,0.40399,0
3.99283,0.44849,0
3.96998,0.4203,0
3.86163,0.15941,0
4.11677,0.54474,0
3.87987,0.24231,0
3.88784,0.30441,0
4.16574,-0.75114,0
4.69772,-0.39938,0
4.72662,-0.35491,0
4.73723,-0.33747,0
4.6634,0.40944,0
4.79431,0.03689,0
4.78272,0.08901,0
4.76872,0.12629,0
4.73474,0.38493,0
