"Points:0","Points:1","Points:2"
2.90893,-0.90781,0
3.83312,-0.56797,0
2.74673,-0.79446,0
2.80894,-0.82275,0
2.73786,-0.77413,0
2.90138,-0.93917,0
2.75545,-0.78838,0
4.80897,-1.38969,0
4.81088,-1.40161,0
4.73014,-1.40448,0
4.78502,-1.39252,0
4.85708,-1.3894,0
4.86094,-1.38658,0
