"Points:0","Points:1","Points:2"
5.50467,2.12303,0
6.37958,2.18176,0
6.31365,2.20348,0
