"Points:0","Points:1","Points:2"
3.2944,-0.72645,0
3.08213,-0.87074,0
3.05445,-0.86132,0
3.08083,-0.87372,0
3.40046,-0.69014,0
3.37931,-0.6935,0
3.40917,-0.65582,0
3.08934,-0.88117,0
3.08193,-0.86496,0
3.0356,-0.88098,0
3.42604,-0.64946,0
3.06723,-0.85799,0
4.63053,-1.3834,0
4.70035,-1.33452,0
4.71756,-1.33125,0
4.70602,-1.27256,0
4.66198,-1.36091,0
4.68198,-1.35193,0
4.66468,-1.36747,0
4.52358,-1.44435,0
