"Points:0","Points:1","Points:2"
11.9136,2.41699,0
11.9255,2.30254,0
11.9085,2.28976,0
11.9812,2.82862,0
11.9955,2.96383,0
11.966,3.36048,0
11.9695,3.44576,0
12.1235,3.66142,0
12.1555,3.81472,0
12.1377,3.6982,0
12.211,3.94522,0
12.2731,3.97668,0
12.439,4.11551,0
12.6066,4.14761,0
12.4942,4.12553,0
12.6455,4.14209,0
12.7029,4.1723,0
12.8308,4.18617,0
12.9064,4.19558,0
12.8719,4.18989,0
13.0241,4.19736,0
13.1869,4.18659,0
13.1026,4.19986,0
13.3334,4.22877,0
