"Points:0","Points:1","Points:2"
14.0296,3.84176,0
14.5678,4.09971,0
14.4859,4.09246,0
14.6729,4.08788,0
14.7241,4.044,0
14.8631,3.99607,0
14.6812,4.08719,0
14.9704,3.94222,0
15.2959,3.56934,0
