"Points:0","Points:1","Points:2"
5.70448,0.63874,0
6.04962,1.5869,0
6.06327,2.06285,0
5.90845,2.03217,0
5.9227,2.02571,0
6.14711,2.01413,0
