"Points:0","Points:1","Points:2"
3.32539,-0.23767,0
3.30611,-0.22547,0
4.09595,0.29745,0
3.31987,-0.21689,0
