"Points:0","Points:1","Points:2"
1.75698,-1.32168,0
1.78066,-1.355,0
1.87875,-1.46028,0
2.21996,-1.55166,0
2.08736,-1.55562,0
2.10717,-1.54866,0
1.91419,-1.48386,0
2.01521,-1.57221,0
1.93809,-1.51856,0
1.98341,-1.53601,0
2.01169,-1.55128,0
2.2497,-1.56677,0
2.61116,-1.46312,0
2.62088,-1.45646,0
2.7089,-1.47739,0
2.68945,-1.46272,0
