"Points:0","Points:1","Points:2"
5.62215,0.69571,0
5.55042,0.82218,0
5.58894,0.93451,0
6.10985,2.10946,0
