"Points:0","Points:1","Points:2"
2.61126,-1.1053,0
2.68191,-1.05579,0
2.48716,-1.14844,0
2.59154,-1.09951,0
1.94245,-1.26963,0
2.12109,-1.3269,0
2.20335,-1.37014,0
