"Points:0","Points:1","Points:2"
3.20578,0.06245,0
4.05554,-0.03598,0
3.29399,0.06435,0
