"Points:0","Points:1","Points:2"
4.22885,0.45637,0
3.86246,-0.43653,0
4.37663,0.34016,0
3.48056,-0.4886,0
3.74367,-0.49154,0
4.46954,-0.60759,0
4.40835,0.32548,0
3.882,-0.44168,0
4.38269,0.34179,0
3.92411,-0.41274,0
3.89598,-0.42614,0
4.59588,-0.09586,0
4.56839,-0.10076,0
4.59013,-0.12458,0
4.58834,-0.00283,0
4.59453,-0.08424,0
