"Points:0","Points:1","Points:2"
11.1188,1.81176,0
11.2303,1.83121,0
11.5342,1.9953,0
12.2982,3.75904,0
12.5591,3.98252,0
