"Points:0","Points:1","Points:2"
3.72462,-0.52948,0
4.2766,0.43952,0
3.50046,-0.54226,0
4.46954,-0.60759,0
3.75668,-0.51599,0
4.07381,0.35432,0
4.30158,0.45894,0
4.58814,-0.1157,0
4.63914,0.00846,0
4.61885,0.12683,0
