"Points:0","Points:1","Points:2"
3.93602,0.16026,0
4.45683,-0.49564,0
4.45108,-0.47977,0
4.36873,-0.56143,0
4.07491,0.44748,0
4.05446,-0.43211,0
4.06586,-0.37286,0
4.06556,-0.42279,0
4.34101,0.50109,0
4.01559,0.40071,0
4.31687,-0.63969,0
4.27911,-0.72136,0
4.07173,-0.44076,0
4.25883,-0.74368,0
4.32359,-0.63493,0
4.31933,-0.66881,0
3.98998,0.30057,0
3.94259,0.06856,0
4.57594,-0.44457,0
4.56902,0.24411,0
4.6428,-0.31215,0
4.73522,-0.15057,0
