"Points:0","Points:1","Points:2"
9.78542,2.54484,0
10.3038,2.43612,0
10.8637,2.31557,0
11.0408,2.20485,0
11.0843,2.18898,0
