"Points:0","Points:1","Points:2"
11.1112,1.81842,0
11.2271,1.84745,0
11.6133,2.07175,0
11.6626,2.07499,0
11.6616,2.09549,0
11.8465,2.27174,0
11.9194,2.3031,0
11.9189,2.31782,0
11.9389,2.31484,0
11.9111,2.80804,0
11.9014,2.88574,0
11.9671,2.43758,0
11.9678,2.51213,0
11.928,3.03171,0
12.1078,3.35116,0
12.0376,3.2371,0
12.1613,3.41665,0
12.1777,3.4696,0
12.2381,3.65098,0
12.464,3.8821,0
12.3847,3.85593,0
12.5575,3.95075,0
12.6344,4.03833,0
