"Points:0","Points:1","Points:2"
10.2083,2.72706,0
11.0463,2.36603,0
11.4862,2.47011,0
11.5214,2.46473,0
