"Points:0","Points:1","Points:2"
4.39946,-0.63273,0
4.39918,-0.61738,0
4.37809,-0.70954,0
4.44437,-0.44167,0
4.26762,0.52173,0
3.69172,-0.71009,0
4.44167,-0.44014,0
3.71802,-0.68604,0
3.78714,-0.57675,0
4.45441,-0.46042,0
4.62673,-0.29764,0
4.58974,-0.33953,0
4.70287,-0.10369,0
4.71358,-0.12091,0
4.6874,-0.15283,0
4.68675,-0.11167,0
