"Points:0","Points:1","Points:2"
2.6795,-0.5004,0
2.44531,-0.62944,0
3.23612,-1.45349,0
3.25262,-1.45652,0
3.52583,-1.61763,0
3.47625,-1.61865,0
3.56533,-1.67715,0
