"Points:0","Points:1","Points:2"
4.46481,0.51674,0
3.98578,0.34307,0
4.45312,-0.54179,0
4.02174,0.42626,0
4.18359,0.52591,0
4.39906,0.5362,0
4.44978,0.50838,0
4.39654,0.54371,0
4.27017,0.52812,0
4.42147,0.55878,0
4.69238,-0.21774,0
4.69781,-0.05269,0
4.73477,-0.15568,0
