"Points:0","Points:1","Points:2"
2.64274,-0.43331,0
2.75082,-0.44492,0
3.02033,-0.54737,0
3.08835,-0.61521,0
3.07131,-0.62951,0
3.07885,-0.59452,0
3.05079,-0.59094,0
3.80982,-1.05544,0
2.54873,-0.55756,0
2.60043,-0.50471,0
3.07151,-0.56397,0
3.74854,-1.10558,0
2.97119,-0.50797,0
3.74552,-1.0961,0
3.84716,-1.05517,0
2.65537,-0.41738,0
2.67359,-0.42961,0
