"Points:0","Points:1","Points:2"
4.49404,0.09687,0
4.30118,0.35639,0
4.32342,0.33567,0
4.4993,0.13208,0
4.11697,0.37531,0
4.39229,0.28139,0
4.01336,0.28342,0
4.44456,0.25932,0
4.43977,0.27886,0
3.99834,0.1943,0
4.50929,-0.0074,0
4.53305,-0.33594,0
4.52322,-0.51406,0
