"Points:0","Points:1","Points:2"
12.1084,3.62349,0
12.355,4.06137,0
13.251,4.22308,0
