"Points:0","Points:1","Points:2"
4.17192,0.05508,0
3.02214,0.0483,0
4.09321,-0.00339,0
2.30523,-0.09529,0
1.41642,0.20321,0
3.64037,0.02506,0
4.06152,-0.02492,0
2.56162,-0.1104,0
3.50294,0.02558,0
4.14894,0.04104,0
2.93005,0.02061,0
2.24102,-0.07021,0
