"Points:0","Points:1","Points:2"
5.50006,1.60827,0
5.52861,1.71027,0
6.22488,2.21742,0
6.99353,1.70938,0
