"Points:0","Points:1","Points:2"
2.17513,-1.24981,0
2.3865,-0.98974,0
3.50283,-0.25311,0
2.65859,-0.2983,0
3.20628,-0.11515,0
2.1703,-1.26791,0
