"Points:0","Points:1","Points:2"
3.30472,-0.98737,0
3.21251,-1.08291,0
4.37909,-1.14606,0
3.23159,-1.0792,0
4.29577,-0.91026,0
3.94723,-0.57017,0
3.02503,-0.98646,0
4.15184,-0.75089,0
3.31431,-0.74818,0
3.29224,-0.81127,0
3.31403,-0.91378,0
4.38103,-1.07998,0
3.29828,-0.94992,0
4.25171,-0.83468,0
2.69998,-0.75844,0
4.40315,-1.14006,0
4.28373,-0.9074,0
3.78845,-0.53436,0
3.31594,-0.97409,0
4.40741,-1.15159,0
3.30336,-0.88267,0
3.8776,-0.56384,0
