"Points:0","Points:1","Points:2"
6.93684,1.66916,0
7.61835,2.18134,0
7.65686,2.24887,0
