"Points:0","Points:1","Points:2"
5.50145,0.25951,0.00154
5.40338,0.02956,0.00046
5.20087,0.176,0.00701
5.02452,-0.00108,0.00055
4.83684,0.16408,0
4.58684,0.16468,0.00012
4.35904,0.26765,0.00252
4.12572,0.3574,2e-05
3.87688,0.33334,0.00013
3.6954,0.16141,0.00131
3.71378,-0.08791,0
3.64393,-0.32784,0.00749
3.50484,-0.53544,0
