"Points:0","Points:1","Points:2"
4.02721,0.05906,0.00768
3.80562,-0.05643,6e-05
3.5589,-0.01605,0.0014
3.33262,-0.12234,1e-05
3.12198,0.0123,0
2.97147,0.21193,2e-05
2.77315,0.05971,9e-05
2.65085,-0.15833,5e-05
2.40602,-0.20887,0
2.16736,-0.13446,0.00258
1.93593,-0.03995,0
1.72397,0.09256,0.0037
1.47414,0.10099,0
