"Points:0","Points:1","Points:2"
3.4664,-0.0691,0
3.41028,-0.07183,0
2.34495,-0.17976,0
3.78701,-0.05543,0
4.00119,0.04406,0
3.81936,-0.04602,0
3.37205,-0.09955,0
2.59741,-0.18195,0
3.28536,-0.10434,0
2.33223,-0.19868,0
3.38151,-0.1005,0
2.63466,-0.17574,0
2.3958,-0.19628,0
2.08673,-0.09701,0
3.2234,-0.05852,0
2.60794,-0.18403,0
2.49101,-0.20229,0
2.38519,-0.21201,0
