"Points:0","Points:1","Points:2"
4.00281,-0.03243,0
3.75646,0.01,0.00269
3.50707,-0.0075,0.00182
3.25724,0.00151,0
3.00796,0.02053,0
2.75911,-0.00341,0.00014
2.50915,0.00066,0.00123
2.25942,0.01224,9e-05
2.00958,0.00326,0
1.75978,0.01266,0.00375
1.51002,0.00242,1e-05
1.26006,0.00586,0.00259
1.01052,0.02084,2e-05
