"Points:0","Points:1","Points:2"
4.67242,0.36286,2e-05
4.78731,0.14083,0.00036
4.90815,-0.07802,0.00154
4.7029,-0.22074,0
4.4531,-0.21159,0.00377
4.26311,-0.37404,0.00011
4.14526,-0.59452,0
4.36706,-0.70986,0.00122
4.53711,-0.52662,1e-05
4.72618,-0.36305,0
4.60075,-0.14679,0.00071
4.45765,0.05819,0.00305
4.25907,0.21004,0.00063
