"Points:0","Points:1","Points:2"
4.11373,-0.24874,0
4.16554,-0.00419,0.00316
3.96871,0.14975,0.01105
3.77157,0.30312,0.00042
3.56288,0.44076,0.00195
3.35257,0.57593,0.00173
3.46534,0.35281,8e-05
3.23575,0.25387,5e-05
2.98603,0.24196,0
2.74918,0.32198,3e-05
2.50215,0.36038,1e-05
2.25281,0.34247,0.00355
2.00578,0.30427,0
