"Points:0","Points:1","Points:2"
4.64938,-0.06543,0
4.51929,-0.27892,0
4.27167,-0.24449,8e-05
4.03886,-0.33557,0.00145
3.87197,-0.52171,0.00223
4.08632,-0.65036,2e-05
4.24109,-0.45403,0
4.44328,-0.30699,6e-05
4.4537,-0.05721,0
4.31325,0.14956,0.0042
4.06627,0.18832,0.00314
3.81638,0.18101,0.00139
3.61088,0.03872,0.00581
