"Points:0","Points:1","Points:2"
4.03163,-0.02007,0.00246
3.78166,-0.02433,0.00177
3.53187,-0.01418,0.00034
3.28244,0.00271,0.00037
3.03266,0.01305,0.00219
2.78839,-0.04009,1e-05
2.53878,-0.05405,6e-05
2.28903,-0.04293,0.0008
2.0473,0.02086,0.00013
1.79748,0.03036,0
1.54749,0.03104,0.002
1.30021,-0.00564,6e-05
1.05796,-0.06738,0.00279
