"Points:0","Points:1","Points:2"
4.10182,0.00583,0.00141
3.88264,-0.11441,2e-05
3.63367,-0.09179,1e-05
3.45968,0.08774,1e-05
3.21068,0.11003,5e-05
3.015,-0.04546,0.00549
2.80903,-0.18705,7e-05
2.57134,-0.26452,0
2.38643,-0.09627,0.00017
2.22031,0.09055,0.00155
1.97885,0.15533,0
1.729,0.16399,0
1.48455,0.11176,0.00366
