"Points:0","Points:1","Points:2"
4.35338,-0.04555,0.0011
4.20418,-0.24615,1e-05
3.95531,-0.26957,0.00336
3.71845,-0.3495,0.00026
3.46912,-0.33119,0
3.23417,-0.24576,0.00012
3.25288,0.00353,0.00291
3.25705,0.25347,5e-05
3.00833,0.22817,0.00016
2.81557,0.07024,0.0202
2.63189,-0.09817,0.00023
2.47216,-0.29049,0.00166
2.27477,-0.44389,0
