"Points:0","Points:1","Points:2"
6.72286,1.50017,0.00104
6.53081,1.66022,6e-05
6.37081,1.85231,1e-05
6.23168,2.06003,5e-05
6.01944,2.19214,0.00108
5.76945,2.19119,0.00247
5.56774,2.04351,0
5.58701,1.79426,2e-05
5.66597,1.55706,0
5.74823,1.32098,0.00184
5.73155,1.07154,0.00087
5.58703,0.86755,4e-05
5.4304,0.67285,0.00785
