"Points:0","Points:1","Points:2"
4.0384,0.0641,0
3.78999,0.09222,1e-05
3.54191,0.0613,0
3.29327,0.03523,0.00031
3.04346,0.04427,0.00372
2.79348,0.04775,0.00214
2.54387,0.06153,0.00035
2.29474,0.08233,0.00076
2.04607,0.05651,0.00036
1.79738,0.03103,0.00167
1.54832,0.0525,0.00415
1.3043,0.10686,0.00474
1.05458,0.09597,0
