"Points:0","Points:1","Points:2"
4.01703,0.01023,0
3.76851,0.03744,0.0002
3.52149,-0.00105,0.0002
3.27149,-0.00167,0
3.02222,0.01733,0.00152
2.77234,0.00992,0
2.52237,0.0097,0.0043
2.2729,-0.00592,0.00015
2.0235,-0.02323,7e-05
1.77369,-0.01332,0
1.52629,0.02225,0.00496
1.2771,0.04183,1e-05
1.0271,0.04194,0
