"Points:0","Points:1","Points:2"
4.03868,0.07639,0.00108
3.78958,0.09756,0
3.54225,0.06113,0.00033
3.29396,0.03196,0.00015
3.04476,0.052,0
2.79498,0.04162,0.00011
2.54687,0.07235,3e-05
2.29701,0.08055,1e-05
2.04879,0.05082,0.00162
1.79932,0.03442,0.00109
1.54954,0.04483,0
1.30643,0.10312,0
1.05645,0.1005,0
