"Points:0","Points:1","Points:2"
4.75855,0.57523,0.00056
4.83901,0.33853,0.00184
4.96781,0.1243,0.00578
4.99876,-0.12377,0.00375
4.94444,-0.36776,0
4.83232,-0.59121,2e-05
4.58515,-0.55408,0.00554
4.5313,-0.31001,0
4.52024,-0.06175,0.02726
4.33723,-0.23015,0.00176
4.41929,-0.46626,0.00618
4.57162,-0.66444,0.00166
4.69599,-0.8813,0.0001
