"Points:0","Points:1","Points:2"
4.09818,0.10535,0
3.85349,0.15659,0
3.62046,0.24714,2e-05
3.37057,0.23974,1e-05
3.22466,0.03677,0.00337
2.9754,0.05578,1e-05
2.73458,0.12289,0.0006
2.489,0.16967,1e-05
2.24417,0.11908,0
1.99937,0.16981,0.00134
1.78661,0.03855,0.00131
1.56139,-0.06997,3e-05
1.32119,-0.13925,0.00227
