"Points:0","Points:1","Points:2"
2.97531,-0.93025,0
3.19264,-0.80669,0
3.40417,-0.67345,0
3.62706,-0.56022,1e-05
3.85304,-0.66715,0.00012
4.00129,-0.86845,0
4.09729,-1.09928,0.00148
4.25701,-1.29161,0.00222
4.4818,-1.40101,0.00216
4.72824,-1.359,0.004
4.74548,-1.1096,0.00345
4.63224,-0.88674,0
4.5856,-0.64141,0.01179
