"Points:0","Points:1","Points:2"
4.01261,0.00884,0.0001
3.76393,0.03448,0.00014
3.51667,-0.00222,0.0046
3.26706,-0.01536,0
3.01776,0.00326,0
2.76783,0.0092,2e-05
2.51786,0.00519,0
2.26786,0.00442,0
2.01936,-0.02295,0.00127
1.76973,-0.0096,0.00276
1.52051,0.00996,0.0001
1.27051,0.0089,0
1.02091,-0.00533,6e-05
