"Points:0","Points:1","Points:2"
4.04033,0.06444,3e-05
3.79081,0.07995,0
3.54228,0.05304,0.0023
3.29315,0.03224,0.0038
3.04343,0.04395,0.00159
2.79344,0.0461,0
2.54489,0.07189,0.00743
2.295,0.07074,3e-05
2.04707,0.03866,0.00029
1.79716,0.03182,2e-05
1.54771,0.04836,0
1.30704,0.116,0
1.05955,0.08081,0.00334
