"Points:0","Points:1","Points:2"
4.66095,-0.08228,0.00136
4.47916,-0.25389,1e-05
4.23094,-0.28371,0.0001
4.06223,-0.46818,0.00229
3.84393,-0.59002,0.00122
4.08812,-0.6436,0
4.2463,-0.45,7e-05
4.44914,-0.30394,0.00457
4.43142,-0.05458,0.00235
4.23414,0.09897,1e-05
3.99006,0.15304,0
3.75378,0.07137,0.0008
3.50542,0.0982,0.01068
