"Points:0","Points:1","Points:2"
3.79667,-0.87577,2e-05
4.01553,-0.99661,0
4.23132,-1.12283,0
4.47943,-1.09213,3e-05
4.59727,-0.87164,1e-05
4.43645,-0.68023,7e-05
4.56453,-0.46557,0.00382
4.79096,-0.57148,0
5.04076,-0.56162,0
5.09684,-0.31806,0.00585
4.93098,-0.13109,0.00033
4.76889,0.05705,0.02914
4.5784,0.20983,0.08275
