"Points:0","Points:1","Points:2"
4.76311,0.56877,0.00122
4.84173,0.33145,0.00147
4.97247,0.11837,0
4.99066,-0.13096,0.00115
4.92199,-0.37134,0.00025
4.81944,-0.59934,0.00123
4.58199,-0.52114,0
4.50109,-0.28463,0.00423
4.51026,-0.03484,0
4.36358,-0.23729,1e-05
4.42056,-0.48066,0.00477
4.56373,-0.68555,4e-05
4.73904,-0.86369,0.00569
