"Points:0","Points:1","Points:2"
4.89419,0.62023,0.00065
4.68532,0.48285,0.00119
4.89983,0.35445,0.00206
5.00052,0.12563,0.00021
5.07297,-0.11363,0.00202
5.10291,-0.36182,0
4.96937,-0.57313,0.00424
4.78094,-0.73741,0.00194
4.53554,-0.78512,2e-05
4.28822,-0.82161,0
4.05135,-0.74174,0.00352
3.9613,-0.50853,0.00225
3.91998,-0.26196,0.00248
