"Points:0","Points:1","Points:2"
2.12707,-1.23551,7e-05
2.16047,-0.98775,0
2.38786,-0.88384,2e-05
2.40433,-0.63439,0
2.52962,-0.41805,1e-05
2.77066,-0.35174,0
3.01192,-0.28621,0
3.2558,-0.34113,0.00309
3.30473,-0.58628,0
3.19669,-0.81172,0
3.1755,-1.06082,0.00072
3.17343,-1.31081,3e-05
3.15918,-1.56041,0
