"Points:0","Points:1","Points:2"
4.01228,0.00253,0.00256
3.76651,0.04826,0
3.52281,-0.0075,0.00035
3.273,0.00211,0
3.02348,0.01763,0.0002
2.7739,0.00319,0.00179
2.52391,0.00084,0.00143
2.2741,-0.00878,5e-05
2.02508,-0.03085,7e-05
1.77544,-0.01745,0.00102
1.5274,0.01377,0.00317
1.27886,0.04073,0.0028
1.02887,0.04031,0.00076
