"Points:0","Points:1","Points:2"
4.00003,-0.03,0.00425
3.75585,0.02346,0
3.5087,-0.01395,0.00427
3.25966,0.00748,0
3.01024,-0.00949,0.00054
2.76033,-0.00272,0.00011
2.51035,0.0008,1e-05
2.26056,0.01105,1e-05
2.01057,0.00996,0.0017
1.76074,0.01914,0
1.51092,0.00972,0.00121
1.26126,-0.00196,0.00668
1.01395,0.03404,0
