"Points:0","Points:1","Points:2"
4.00474,-0.02156,0
3.75715,0.01308,6e-05
3.50836,-0.01148,0
3.25881,0.00343,0.00011
3.00933,0.01957,6e-05
2.76002,0.001,0
2.51024,0.01104,0.00318
2.26028,0.00651,0.00278
2.01035,0.0119,0.00073
1.76035,0.01217,0.00084
1.51044,0.00558,0.00012
1.26045,0.00295,0.00117
1.01169,0.02777,0.00144
