"Points:0","Points:1","Points:2"
4.00462,-0.02454,0
3.75697,0.0097,2e-05
3.50776,-0.01009,3e-05
3.25888,0.01359,2e-05
3.00968,-0.00636,2e-05
2.76048,0.01362,0
2.511,-0.00249,0.00159
2.26117,0.00638,0
2.01117,0.00533,0
1.76136,0.01518,7e-05
1.51181,0.00025,0.00014
1.26184,-0.00395,0.00106
1.01384,0.02756,6e-05
