"Points:0","Points:1","Points:2"
4.17352,0.0028,0.00041
3.98164,-0.15746,0
3.74078,-0.22443,0.00149
3.51903,-0.109,0.00345
3.44453,0.12962,0.00688
3.21185,0.2209,0.00158
3.08301,0.00665,0.00269
2.90654,-0.17043,0.00303
2.66118,-0.21836,0.0034
2.41151,-0.20596,8e-05
2.17392,-0.12817,0.00149
1.92395,-0.12479,0
1.67491,-0.14661,0.0006
