"Points:0","Points:1","Points:2"
2.74822,-1.4655,0
2.49845,-1.45542,0.00389
2.26987,-1.55668,0.0036
2.01993,-1.56032,0
1.80403,-1.43442,0.00614
1.69656,-1.20878,2e-05
1.82018,-0.99168,0.00897
1.9973,-0.81547,0
2.19298,-0.66076,0.01654
2.43988,-0.6244,0.00171
2.64305,-0.77007,0.00163
2.77428,-0.98281,0.00625
2.95192,-1.15861,0.00012
