"Points:0","Points:1","Points:2"
4.00143,-0.02593,2e-05
3.7548,0.01496,1e-05
3.5064,-0.01331,4e-05
3.25806,0.01534,0.00196
3.00946,-0.0111,0.0009
2.75947,-0.00879,0.00079
2.50975,0.00247,0.00406
2.26016,0.01636,0.00027
2.01017,0.01825,0.00108
1.76018,0.01683,4e-05
1.51041,0.00605,0
1.26051,-0.00118,8e-05
1.0124,0.02946,5e-05
