"Points:0","Points:1","Points:2"
4.00316,-0.02889,0
3.75679,0.01341,0.00268
3.50774,-0.00827,0
3.25846,0.01067,1e-05
3.00991,-0.01622,0.00023
2.76075,0.00422,0
2.51077,0.00108,0.00032
2.261,0.01196,3e-05
2.01104,0.00791,0.00031
1.76111,0.01395,0
1.51115,0.00922,0
1.26125,0.00241,0.00011
1.01202,0.02201,2e-05
