"Points:0","Points:1","Points:2"
4.2301,-0.78621,0
4.33596,-0.55973,0.0008
4.56419,-0.4577,0
4.73421,-0.27441,0.00044
4.8024,-0.0339,0.0019
4.68519,0.18692,0.00032
4.47951,0.32901,0.00253
4.39189,0.56314,0
4.14337,0.53601,0.0005
3.99148,0.33744,0.00019
3.8793,0.11402,1e-05
3.81965,-0.12873,0.00414
3.69255,-0.34396,5e-05
