"Points:0","Points:1","Points:2"
4.00636,-0.02634,0.00141
3.75982,0.0151,0.00021
3.51063,-0.00489,0.00212
3.26101,0.00891,0.00107
3.01167,-0.00922,0.00118
2.7618,-0.0012,0.00115
2.51186,0.00436,3e-05
2.26188,0.00737,0
2.01193,0.01235,5e-05
1.76193,0.012,1e-05
1.512,0.00619,0.00051
1.26204,0.00247,0.00297
1.01338,0.02822,0.00061
