"Points:0","Points:1","Points:2"
4.66518,-0.07912,0.00031
4.48164,-0.24886,0
4.23664,-0.29848,0.00395
4.03826,-0.45056,8e-05
3.86456,-0.63037,0
3.84673,-0.381,5e-05
3.59692,-0.39073,0
3.37795,-0.51137,1e-05
3.14538,-0.41964,0.00012
2.90722,-0.34362,0
2.86786,-0.09674,0.00036
2.94068,0.14239,0.0043
3.068,0.35753,0.00221
