"Points:0","Points:1","Points:2"
6.29502,2.04038,0.00994
6.06237,2.13135,0
5.83346,2.03084,0
5.93149,1.80087,1e-05
6.08559,1.60401,0.00158
6.03688,1.35881,0.00184
5.8575,1.18468,0.00398
5.63335,1.07404,0
5.58748,0.82829,0
5.73388,0.62564,0.00187
5.88422,0.42591,0
6.02919,0.22223,0
6.1781,0.0215,0.00585
