"Points:0","Points:1","Points:2"
4.00556,-0.02253,0.00319
3.75758,0.009,0
3.50846,-0.01193,0.00187
3.25992,0.01496,3e-05
3.01153,-0.01335,0.00157
2.76178,-0.00236,0
2.51189,0.00511,0.00089
2.2621,0.01516,0
2.01214,0.01082,0.001
1.76228,0.00247,0.00043
1.51236,0.0088,0.00028
1.26243,0.00338,0.00327
1.01306,0.02078,0.00012
