"Points:0","Points:1","Points:2"
4.10295,0.0231,0
3.85763,-0.02502,0.00042
3.60958,0.00598,0.00408
3.36104,0.03266,0.00026
3.11155,0.01663,3e-05
2.86491,-0.02418,0
2.62066,0.02911,0.00181
2.37132,0.01101,0.00045
2.12611,0.05971,0
1.87656,0.04571,0.00511
1.63264,-0.00888,0
1.38517,0.02655,0.00104
1.15056,0.1129,0.00282
