"Points:0","Points:1","Points:2"
4.65274,0.43673,0.00186
4.57007,0.2008,0.00036
4.37623,0.04291,0.00147
4.1538,-0.0712,0
3.91527,-0.14603,0
3.66527,-0.14513,3e-05
3.42864,-0.06456,0.00437
3.18082,-0.03197,0
2.93708,-0.08755,0.00153
2.6877,-0.07006,0.00351
2.45108,0.01057,2e-05
2.21381,0.08934,0
1.96646,0.05302,0
