"Points:0","Points:1","Points:2"
4.04107,0.06982,1e-05
3.79149,0.08426,5e-05
3.54305,0.05654,0.00271
3.29411,0.03365,0
3.04445,0.04649,0.00224
2.79456,0.05354,0
2.54474,0.06291,0
2.29507,0.07575,0.00057
2.04664,0.04782,0.00163
1.79749,0.02719,0
1.54862,0.0509,0.00027
1.30579,0.11033,0.00027
1.05804,0.07685,0.00059
