"Points:0","Points:1","Points:2"
4.61147,-0.06389,0.00413
4.40483,-0.20457,0.00119
4.17936,-0.31256,3e-05
3.93168,-0.34652,2e-05
3.68309,-0.37283,0.0036
3.44013,-0.43163,0
3.19042,-0.4432,0.00282
3.06702,-0.2258,0
3.08909,0.02322,0.00198
3.12728,0.27028,0
2.95515,0.45159,0
2.71076,0.50425,0
2.46529,0.55161,0
