"Points:0","Points:1","Points:2"
4.09399,0.09265,1e-05
3.85218,0.15614,2e-05
3.60492,0.19306,1e-05
3.35523,0.18076,0
3.20039,-0.01542,0.00609
2.95725,0.04245,5e-05
2.72202,0.12703,0.00327
2.47206,0.13141,0.00289
2.22576,0.08851,0.0031
1.98102,0.13943,0
1.79298,-0.02529,0.00246
1.54709,-0.07034,0
1.30882,-0.14604,0
