"Points:0","Points:1","Points:2"
4.49681,-0.49293,0
4.52282,-0.24429,0.0014
4.51405,0.00555,0
4.38619,0.22037,0.00066
4.1877,0.37237,0
4.0804,0.14657,0
4.09366,-0.10308,0
4.02312,-0.3429,0.00363
3.77376,-0.3252,0.00536
3.59095,-0.15472,0.00109
3.39874,0.00513,5e-05
3.15528,0.06147,0.00752
2.93299,0.17563,4e-05
