"Points:0","Points:1","Points:2"
4.0386,0.06912,2e-05
3.78891,0.08155,0.00055
3.53966,0.06213,1e-05
3.29174,0.02999,1e-05
3.04311,0.05613,5e-05
2.79311,0.05722,0.00011
2.54318,0.06322,4e-05
2.2937,0.07934,3e-05
2.04609,0.04485,0.00111
1.79643,0.03197,0
1.54713,0.05063,7e-05
1.30188,0.09916,0
1.05188,0.09859,0
