"Points:0","Points:1","Points:2"
4.01293,0.0526,0
3.76301,0.04789,0.00422
3.52042,-0.01238,4e-05
3.27118,0.00708,5e-05
3.02459,0.04825,0
2.77602,0.02163,0.00181
2.52748,-0.00538,0.00217
2.27887,-0.03163,0
2.03292,0.01318,0
1.78426,0.03884,0.00313
1.53488,0.02136,0.00114
1.28504,0.03017,6e-05
1.03506,0.02665,0
