"Points:0","Points:1","Points:2"
4.00387,-0.02378,0.00331
3.75602,0.0088,0.00033
3.50662,-0.00845,0.00047
3.25688,0.00259,0.00344
3.0081,0.02718,0.00538
2.7594,0.00222,0
2.50941,0.00313,0
2.25954,0.01145,1e-05
2.00955,0.01042,0.00067
1.75957,0.01349,0
1.50963,0.00811,0
1.25965,0.00473,0.00167
1.01034,0.02321,0.00242
