"Points:0","Points:1","Points:2"
4.65879,-0.07641,0.00365
4.4847,-0.2558,3e-05
4.23715,-0.29008,0.00686
4.0555,-0.46183,0.0053
3.84589,-0.59797,1e-05
4.09128,-0.64567,0.00226
4.24882,-0.45157,9e-05
4.45393,-0.30863,1e-05
4.4363,-0.05925,1e-05
4.24405,0.1005,0.00448
3.99972,0.15325,0
3.7571,0.09297,4e-05
3.54227,-0.0347,0.00713
