"Points:0","Points:1","Points:2"
3.99903,-0.03478,0
3.75711,0.02826,0.00033
3.50939,-0.00546,0
3.25971,0.00719,0.00053
3.0106,-0.01386,0
2.76091,-0.00231,0.00439
2.51103,0.0042,0.00014
2.26114,0.01175,0
2.01116,0.01056,0.00241
1.76119,0.01443,0.00191
1.51124,0.00944,0.00347
1.26138,0.00169,0
1.01282,0.02845,1e-05
