"Points:0","Points:1","Points:2"
4.01446,0.00994,4e-05
3.76745,0.04844,0.00201
3.52333,-0.00549,0.00246
3.27352,-0.015,0.00451
3.02767,0.03019,0.00094
2.77767,0.03095,0.00014
2.52872,0.00804,0.00017
2.27967,-0.01347,0.00347
2.03007,-0.02735,0.00049
1.78025,-0.01799,0.00048
1.53188,0.01057,0.00012
1.28363,0.04009,0
1.03365,0.04088,0.0027
