"Points:0","Points:1","Points:2"
4.67106,-0.07926,0.00424
4.47722,-0.23713,0.0022
4.23355,-0.29302,0.00173
4.03833,-0.44918,0
3.87346,-0.6371,0.00266
3.88229,-0.38727,0
3.63237,-0.39316,0.00298
3.40377,-0.49431,0
3.16074,-0.43568,4e-05
2.92487,-0.35281,0
2.82675,-0.12288,0.00231
2.92378,0.10752,0.0009
3.03631,0.33026,0.01585
