"Points:0","Points:1","Points:2"
2.57416,-1.05679,1e-05
2.42126,-0.85901,0.00194
2.46096,-0.61219,0.00066
2.66114,-0.46244,2e-05
2.90536,-0.40899,0.00014
3.15533,-0.41178,0.00264
3.15666,-0.66177,5e-05
2.99654,-0.85377,0
2.93409,-1.09584,5e-05
2.98516,-1.34056,0
3.19228,-1.48057,0.00147
3.42344,-1.57578,0
3.67263,-1.59582,0.00084
