"Points:0","Points:1","Points:2"
4.11536,0.10336,0.0046
3.87028,0.1525,0
3.63404,0.23429,2e-05
3.39952,0.32089,0.00038
3.24808,0.12201,0.00365
2.99831,0.11188,0
2.75654,0.17547,0.00133
2.50849,0.20662,5e-05
2.25871,0.19614,0.00134
2.01193,0.15614,0
1.77964,0.06373,0.00038
1.55921,-0.05422,0
1.32485,-0.14123,6e-05
