"Points:0","Points:1","Points:2"
4.02498,-0.00667,0.00325
3.77641,-0.03337,0.00145
3.52666,-0.0223,0.00021
3.2784,0.00716,0.0007
3.02848,0.01283,0.00334
2.78843,-0.05691,0
2.53917,-0.03763,0.00013
2.2899,-0.0185,0.00015
2.04179,0.0121,0.00018
1.79206,0.02343,0.00317
1.54234,0.01167,0.00525
1.29336,-0.01029,0.00041
1.05236,-0.07678,0.00015
