"Points:0","Points:1","Points:2"
4.11856,-0.02686,0.006
3.93114,0.13848,0
3.71627,0.26627,0.00036
3.46704,0.28582,0.00048
3.26159,0.14339,0.00236
3.01171,0.13589,0.0011
2.76261,0.15693,0.00427
2.51362,0.17913,0.00141
2.26365,0.18263,0
2.01563,0.1512,0.00014
1.78404,0.05705,0.00167
1.55864,-0.0511,0.00054
1.32797,-0.14748,0.0002
