"Points:0","Points:1","Points:2"
4.13914,-0.23504,0.00324
4.10471,0.01256,1e-05
3.94489,0.20481,3e-05
3.7303,0.33302,0.0035
3.49965,0.42939,3e-05
3.26022,0.50118,0.00449
3.46125,0.35262,0.00011
3.23544,0.24533,0.0009
2.98549,0.25023,0.00055
2.74219,0.30774,5e-05
2.4993,0.36693,0
2.25014,0.34647,0
2.00311,0.30802,0.00034
