"Points:0","Points:1","Points:2"
4.00835,0.01036,0.00122
3.75894,0.02758,0
3.51263,-0.01512,0.00269
3.26274,-0.00765,0.00309
3.01319,0.007,0.00016
2.76319,0.00626,0.00039
2.51321,0.00321,0
2.26345,-0.0076,4e-05
2.01418,-0.02673,0.00109
1.76532,-0.00286,0.00058
1.51549,0.00634,0.00042
1.26612,-0.0114,0.00011
1.01657,0.00353,0
