"Points:0","Points:1","Points:2"
4.25272,-0.3169,0.00033
4.10471,-0.11544,0.00323
4.00439,0.11352,0
3.83966,0.30156,0.00266
3.65258,0.46737,1e-05
3.47534,0.64368,0.00016
3.60227,0.4283,0
3.3612,0.36214,0.00307
3.11211,0.3411,0
2.86924,0.28179,0
2.652,0.40549,0.00199
2.40286,0.42603,0
2.1645,0.35119,0.00921
