"Points:0","Points:1","Points:2"
4.00736,-0.02377,0.00578
3.75899,0.00431,0.00128
3.50928,-0.00767,0.00323
3.25959,0.00445,0.00015
3.01032,-0.01466,0.00065
2.76111,0.00471,0.00449
2.51121,-0.00083,5e-05
2.26165,0.01404,0.00176
2.01177,0.00658,0.00373
1.7621,0.01881,0.00014
1.51253,0.00417,0.00099
1.26254,0.00658,0.00191
1.01328,0.02573,0
