"Points:0","Points:1","Points:2"
4.00547,-0.026,0.00278
3.75893,0.01537,0.00067
3.50958,-0.00271,1e-05
3.25994,0.01063,0.00039
3.01109,-0.01328,0.00069
2.76138,-0.00122,0.00116
2.51143,0.00358,0
2.26168,0.01458,0.00193
2.01168,0.01544,0.00014
1.76171,0.01187,0
1.51183,0.00406,2e-05
1.26187,0.00844,0.00087
1.01271,0.02894,1e-05
