"Points:0","Points:1","Points:2"
4.12195,-0.2441,1e-05
4.13535,0.00554,0.00161
3.94775,0.17078,0.00281
3.73897,0.30822,0.00736
3.51848,0.42602,0.01022
3.29455,0.53672,0.00019
3.46661,0.35535,2e-05
3.23802,0.25412,0.00016
2.98815,0.24606,0
2.74744,0.31356,0.00014
2.50235,0.3629,9e-05
2.25346,0.33941,0
2.00708,0.29701,1e-05
