"Points:0","Points:1","Points:2"
2.93076,-1.42717,2e-05
2.69013,-1.49486,0.00369
2.44224,-1.52712,0.00012
2.1936,-1.50276,0.00926
1.95192,-1.43883,0.00685
1.744,-1.30019,3e-05
1.54661,-1.14677,0.00058
1.70217,-0.95107,0.00162
1.91206,-0.81526,4e-05
2.03045,-0.59508,0.00214
2.24777,-0.47153,4e-05
2.49767,-0.46647,0.00496
2.74336,-0.51245,0.00016
