"Points:0","Points:1","Points:2"
4.0417,0.07077,7e-05
3.79229,0.08788,0
3.54384,0.0601,0.00014
3.29541,0.03208,6e-05
3.0462,0.05166,0.00283
2.79635,0.06004,0.00015
2.54637,0.06103,0.00312
2.29712,0.08016,0.0001
2.04849,0.05407,0
1.7993,0.03388,1e-05
1.54944,0.04223,7e-05
1.3046,0.09271,0.00172
1.05474,0.10104,0
