"Points:0","Points:1","Points:2"
4.66216,-0.02905,0
4.4126,-0.04323,0.00393
4.17106,-0.10761,0
3.92127,-0.11785,0
3.67202,-0.0985,5e-05
3.42828,-0.04303,0.00384
3.19342,0.04256,0
2.9489,-0.0095,0.00184
2.7,-0.03266,0.00473
2.45168,-0.00367,0.00488
2.20187,0.00565,0.0072
1.9628,0.07843,1e-05
1.72018,0.13871,0
