"Points:0","Points:1","Points:2"
4.00285,-0.02876,0.00121
3.75572,0.00901,0
3.50627,-0.00747,1e-05
3.25721,0.01424,0.00012
3.00848,-0.01087,0.00094
2.75916,0.00731,0.0041
2.50933,-0.00169,0.00244
2.25973,0.01227,0.00013
2.00973,0.01265,0.00033
1.75976,0.01693,0.00056
1.50995,0.00717,9e-05
1.26022,-0.00446,7e-05
1.01185,0.02403,0
