"Points:0","Points:1","Points:2"
11.0591,2.11158,8e-05
10.8366,2.22559,0.00059
10.6312,2.36804,9e-05
10.4503,2.54059,0.00263
10.2091,2.60639,0.00183
9.95922,2.61389,0.0021
9.73417,2.50504,0
9.62425,2.2805,0.00014
9.38938,2.19485,1e-05
9.17243,2.31905,0.00256
8.95305,2.4389,0.00032
8.77619,2.61559,0.00207
8.63381,2.82018,0.02139
