"Points:0","Points:1","Points:2"
4.08987,0.09235,0.00265
3.85219,0.16982,0
3.60322,0.19225,0.00288
3.35329,0.18614,0.0038
3.20571,-0.01561,0
2.96223,0.0411,0
2.72513,0.12009,0.00674
2.48125,0.17465,0
2.2357,0.1277,0
1.98586,0.13667,0
1.79625,-0.02626,3e-05
1.55043,-0.07177,0.00128
1.3136,-0.15183,0
