"Points:0","Points:1","Points:2"
2.74681,-1.49262,0
2.50649,-1.4237,0
2.28427,-1.53823,2e-05
2.03505,-1.55791,0
1.81992,-1.43055,0
1.67312,-1.22819,1e-05
1.69425,-0.97909,1e-05
1.84796,-0.78192,0
2.06097,-0.65105,2e-05
2.30503,-0.59694,0.00195
2.55503,-0.5953,0.00104
2.80271,-0.62927,0
3.03327,-0.72592,0.00013
