"Points:0","Points:1","Points:2"
4.01819,0.01828,0.00057
3.7715,-0.02231,4e-05
3.52163,-0.01425,0
3.27171,-0.0082,0.00198
3.02212,0.00571,0.00511
2.77477,-0.03041,0.00138
2.52614,-0.00452,0.00452
2.277,0.01588,0.00071
2.0271,0.00862,0.00044
1.77717,0.00306,4e-05
1.52821,0.02579,0.00123
1.2798,-0.0024,2e-05
1.04241,-0.08078,0.00166
