"Points:0","Points:1","Points:2"
4.80188,0.60816,0.00157
4.78963,0.35847,0.00441
4.93126,0.1525,0.0007
5.02674,-0.07852,0.00465
4.99888,-0.32692,0.00022
4.80667,-0.48678,0
4.67522,-0.69943,0.00214
4.47555,-0.549,1e-05
4.3448,-0.33592,0
4.30712,-0.08886,0.00658
4.23971,0.15181,0.00062
4.109,0.36491,1e-05
3.92731,0.53637,0.0096
