"Points:0","Points:1","Points:2"
4.01485,-0.03335,0
3.7897,0.0753,1e-05
3.54005,0.06206,2e-05
3.29198,0.03101,0
3.0427,0.04995,0.00099
2.79271,0.05128,0
2.54422,0.07867,0
2.2943,0.07225,0.00082
2.04542,0.04864,0.00016
1.79581,0.03468,0.00047
1.54683,0.05729,0.00016
1.30282,0.11167,0
1.05338,0.0953,0.00368
