"Points:0","Points:1","Points:2"
4.00982,0.00975,0
3.76178,0.04094,0.00135
3.51502,0.00088,4e-05
3.26509,-0.00536,0
3.01576,0.0128,0.00208
2.76577,0.01155,0
2.51602,0.00046,0.0005
2.2662,-0.00907,0
2.01657,-0.02266,0.00039
1.76711,-0.00625,2e-05
1.51731,0.00376,0
1.26731,0.00466,3e-05
1.01732,0.00348,0
