"Points:0","Points:1","Points:2"
4.03957,0.06455,0.00239
3.79052,0.0862,0.00027
3.54176,0.06133,0.00021
3.29398,0.02805,0.0001
3.04465,0.04625,0.00029
2.79466,0.04413,0
2.54538,0.06314,0.00062
2.2959,0.07925,0.00165
2.04724,0.0535,0.00019
1.7981,0.03272,4e-05
1.54917,0.05583,3e-05
1.30259,0.09705,3e-05
1.05283,0.10678,0.00471
