"Points:0","Points:1","Points:2"
4.01455,0.05055,0
3.76501,0.06446,0.00611
3.52683,-0.01126,0
3.27849,0.01733,0.00308
3.03793,0.0853,0
2.79016,0.05211,0.003
2.54088,0.03339,0
2.29118,0.02104,0.00078
2.04124,0.02621,0.0022
1.79128,0.03037,0.00066
1.54157,0.01841,0.00167
1.29183,0.0297,9e-05
1.04231,0.01455,0.00326
