"Points:0","Points:1","Points:2"
4.03614,-0.00862,0
3.80418,-0.10187,1e-05
3.5653,-0.02813,0
3.33018,0.05678,0.00273
3.0833,0.09608,0
2.89469,-0.06801,0
2.65557,-0.14097,0
2.40775,-0.10861,0.00613
2.19109,0.01609,0.00348
1.95659,0.10267,0
1.71495,0.03858,0.00251
1.49852,-0.08653,0.00113
1.30525,-0.2451,0
