"Points:0","Points:1","Points:2"
4.64608,-0.07346,0
4.47407,-0.25487,0
4.23113,-0.31385,0.00125
4.03469,-0.4685,0.00053
3.83166,-0.32262,0
3.63402,-0.47564,0.00484
3.38414,-0.4687,0.00161
3.21728,-0.28254,0.00263
3.09901,-0.0623,0
3.04519,0.1818,0.00432
2.95975,0.41671,0
2.74572,0.5459,2e-05
2.51259,0.63619,0
