"Points:0","Points:1","Points:2"
4.00101,-0.03532,0.00175
3.75772,0.02217,1e-05
3.50944,-0.00711,4e-05
3.26001,0.0098,0
3.01072,-0.00891,0.00187
2.76084,-0.00115,0
2.51088,0.00335,0.00015
2.26126,0.01631,0.00455
2.0113,0.01319,0.00087
1.7615,0.02298,3e-05
1.51213,0.00527,0
1.26214,0.0029,0.00089
1.01308,0.02461,0.00011
