"Points:0","Points:1","Points:2"
4.00283,-0.0256,0.00161
3.75682,0.01889,0.00255
3.50852,-0.01017,0.00144
3.25892,0.00396,0.00036
3.00962,-0.01465,0
2.76011,0.00102,0.00032
2.51013,0.00316,0.00266
2.26058,0.018,0.00014
2.01065,0.01228,0.00035
1.76082,0.02172,0.00015
1.51133,0.00581,0
1.26141,0.00028,0.00306
1.01309,0.02906,0
