"Points:0","Points:1","Points:2"
4.01635,0.00879,0
3.76798,0.03729,6e-05
3.52237,-0.00938,2e-05
3.27238,-0.01077,0.00105
3.02348,0.01268,0.0001
2.7738,0.00027,0.00302
2.52384,0.00444,0.0023
2.27396,-0.003,0
2.0254,-0.02981,0
1.77557,-0.02058,0
1.52619,-0.00317,0.00209
1.28048,0.04293,0.00102
1.03049,0.04584,0.00156
