"Points:0","Points:1","Points:2"
4.17091,-0.18826,0.00053
4.07487,0.04253,0.00341
3.88893,0.20964,0.00095
3.68653,0.35638,0.00109
3.48343,0.50215,6e-05
3.23509,0.47348,0.00211
3.38633,0.27442,0.00239
3.1598,0.1687,1e-05
2.91602,0.22414,1e-05
2.67627,0.29499,2e-05
2.4308,0.34235,0
2.18876,0.27976,1e-05
1.94586,0.22059,0
