"Points:0","Points:1","Points:2"
4.04131,0.06942,2e-05
3.79173,0.08335,0.00371
3.54329,0.05558,0.00045
3.29468,0.02929,7e-05
3.04489,0.03949,0
2.79493,0.04431,5e-05
2.54628,0.07024,2e-05
2.29628,0.0708,0.00068
2.04756,0.04564,0
1.79837,0.02545,0.00031
1.54922,0.04601,0
1.30674,0.10688,7e-05
1.05731,0.09007,1e-05
