"Points:0","Points:1","Points:2"
4.24383,-0.31323,7e-05
4.13079,-0.09025,0
4.00699,0.12693,0.00258
3.83527,0.30861,0.00023
3.62956,0.45067,4e-05
3.4219,0.58989,0
3.47953,0.34662,0.0001
3.2377,0.28324,0.00118
2.99207,0.23692,0.00577
2.75601,0.31902,0
2.51165,0.2662,0.00018
2.27609,0.34992,0.00094
2.03261,0.29317,0
