"Points:0","Points:1","Points:2"
2.53496,-0.67693,0.00788
2.78483,-0.67486,4e-05
3.03379,-0.69768,0.0001
3.04746,-0.94731,0
3.00452,-1.19359,0.00139
3.23636,-1.2871,5e-05
3.45991,-1.17517,0.00062
3.39377,-0.93434,0.0118
3.24147,-0.73643,7e-05
3.24877,-0.48654,0.00111
3.43785,-0.32299,0
3.67335,-0.23918,0.00404
3.9213,-0.27099,0.0013
