"Points:0","Points:1","Points:2"
4.11426,0.00507,0.00061
3.89151,-0.10842,0
3.64185,-0.09537,4e-05
3.46638,0.08271,0
3.21911,0.1195,0.00223
3.02765,-0.04125,0.00092
2.81067,-0.16541,0.00262
2.58636,-0.27578,0.00085
2.40067,-0.1084,0
2.21161,0.05519,0
1.9915,0.17372,0.00045
1.74252,0.15116,3e-05
1.49564,0.11184,0.00158
