"Points:0","Points:1","Points:2"
4.64653,-0.0807,0.00138
4.42263,-0.19192,0.00218
4.20313,-0.31157,6e-05
3.98966,-0.44167,0.00213
3.77437,-0.3146,1e-05
3.53768,-0.39505,0.00168
3.28914,-0.422,2e-05
3.08942,-0.27163,0.00093
3.04739,-0.02519,0
3.05746,0.22461,0.00011
2.95831,0.45411,0
2.71639,0.51715,2e-05
2.46694,0.53376,0
