"Points:0","Points:1","Points:2"
4.00559,-0.02474,0
3.75863,0.01408,0.00197
3.50955,-0.00729,0
3.26056,0.01514,0
3.01169,-0.0086,1e-05
2.76175,-0.00517,0.00413
2.51203,0.00612,1e-05
2.26217,-0.0021,1e-05
2.01241,0.00883,0.00022
1.76262,0.01915,0
1.51289,0.00749,0.00014
1.26313,-0.00332,0
1.01536,0.03001,1e-05
