"Points:0","Points:1","Points:2"
4.01191,0.00844,0.00338
3.76496,0.04725,9e-05
3.52353,-0.01764,0.0003
3.27382,-0.00547,0.0003
3.02652,0.03116,0.0014
2.77653,0.03088,0.00054
2.52799,0.00398,0.00271
2.27824,-0.00688,4e-05
2.02899,-0.02628,6e-05
1.77902,-0.0234,0.00284
1.53143,0.01124,0.00316
1.2828,0.03716,0
1.03283,0.04086,0.00011
