"Points:0","Points:1","Points:2"
12.3569,3.40717,0.00124
12.2267,3.19376,0.00239
12.0914,2.98356,0
12.0622,2.73527,2e-05
11.9282,2.52427,0.00039
11.7345,2.36618,3e-05
11.5222,2.23408,0
11.3228,2.08339,0.00487
11.0731,2.07075,0.00244
10.8717,2.21875,0
10.7031,2.40338,0.0001
10.5146,2.5672,0.01139
10.2988,2.69313,0.00239
