"Points:0","Points:1","Points:2"
4.00232,-0.02118,0
3.75513,0.01621,0
3.50641,-0.00909,2e-05
3.25686,0.0059,0
3.00801,0.02979,0.00128
2.75891,0.0086,0.00055
2.50911,-0.00134,0
2.25968,0.01554,0
2.00974,0.01018,0.00192
1.75981,0.01574,2e-05
1.50983,0.01244,3e-05
1.25985,0.00957,1e-05
1.01067,0.02959,0.0028
