"Points:0","Points:1","Points:2"
4.17194,-0.00933,0
3.97542,-0.16385,0.00014
3.73208,-0.22117,0
3.53295,-0.07001,0.00028
3.45268,0.16675,0
3.20276,0.17308,2e-05
3.04235,-0.01866,0.00229
2.88828,-0.21553,0.00326
2.64553,-0.27525,0
2.404,-0.21076,1e-05
2.17203,-0.11752,0
1.92207,-0.11317,0
1.6741,-0.14498,0.00046
