"Points:0","Points:1","Points:2"
4.25136,-0.20765,0.00027
4.4094,-0.01394,0
4.27805,0.19878,0.00096
4.13019,-0.0028,0.00013
3.98516,-0.20637,0.00534
3.74726,-0.28302,0
3.55624,-0.12175,0.00152
3.37209,0.04732,0
3.12634,0.09324,2e-05
2.88248,0.14832,7e-05
2.66117,0.03203,0
2.49217,-0.15219,0.0001
2.28118,-0.28629,0.00193
