"Points:0","Points:1","Points:2"
4.52825,-0.1857,0
4.27931,-0.16304,0.00363
4.10265,-0.33989,0
3.85956,-0.39806,0.00527
3.61193,-0.36416,0
3.36489,-0.40254,2e-05
3.14393,-0.28559,0
3.1619,-0.03624,0.00116
3.18785,0.2124,0.00291
2.95305,0.29818,3e-05
2.71663,0.21689,0
2.6977,-0.03239,0.00086
2.73894,-0.27896,0.00183
