"Points:0","Points:1","Points:2"
4.0274,-0.01375,1e-05
3.77828,-0.03467,0.00157
3.52865,-0.02121,6e-05
3.281,0.01297,0
3.03102,0.016,0.00125
2.78821,-0.04354,0
2.53828,-0.03782,0.0016
2.28838,-0.0311,0.00343
2.04306,0.01695,0
1.79309,0.01347,1e-05
1.5431,0.01621,0.00076
1.29441,-0.00931,0
1.05172,-0.06921,0.00366
