"Points:0","Points:1","Points:2"
4.25098,-0.31514,0.00326
4.09686,-0.11832,1e-05
3.99351,0.10932,3e-05
3.83647,0.30384,2e-05
3.63988,0.45823,0.00388
3.48059,0.65088,4e-05
3.59708,0.42968,0.00061
3.35861,0.35464,0.00138
3.1096,0.33248,0.00352
2.86178,0.29971,0
2.64253,0.41979,0.00286
2.39397,0.39309,0
2.15678,0.3141,0.00032
