"Points:0","Points:1","Points:2"
4.00125,-0.03528,0.00212
3.75607,0.01353,0.00044
3.50751,-0.01325,0.00209
3.25857,0.00981,0.00236
3.01026,-0.01907,4e-05
2.76056,-0.00671,0.00084
2.51089,0.00601,1e-05
2.26091,0.00849,0.00163
2.01092,0.01077,0.00122
1.76093,0.01286,0
1.51108,0.00424,0.00109
1.26109,0.00562,0
1.01196,0.02656,0.00031
