"Points:0","Points:1","Points:2"
4.00322,-0.02806,3e-05
3.75778,0.01943,4e-05
3.50931,-0.00821,1e-05
3.2598,0.00749,0
3.01064,-0.01289,0.00082
2.7615,0.00792,0.00049
2.51152,0.0052,0.00123
2.2617,0.01462,0
2.01186,0.00575,0.00028
1.762,0.01426,4e-05
1.51233,0.00142,0.00125
1.26237,-0.00271,0
1.01399,0.02565,0.00156
