"Points:0","Points:1","Points:2"
4.24295,-0.32596,0.00075
4.10117,-0.12004,0.00019
4.00293,0.10979,0.00521
3.83263,0.29274,1e-05
3.66393,0.47724,1e-05
3.47266,0.63821,0.00176
3.64131,0.45368,0
3.41298,0.35186,0.0008
3.16324,0.36307,0.00184
2.91342,0.37241,5e-05
2.66551,0.4047,0.00055
2.41623,0.42358,8e-05
2.17568,0.35549,0
