"Points:0","Points:1","Points:2"
4.18643,-0.00439,0.00184
3.98159,0.13891,0.00032
3.78733,0.29627,0.00241
3.53975,0.26162,0.00053
3.29011,0.24828,0.00023
3.04944,0.18063,3e-05
2.80351,0.13568,9e-05
2.55614,0.17183,9e-05
2.31056,0.21863,0.00016
2.06197,0.19246,0.0045
1.819,0.13375,0
1.59692,0.019,0.00359
1.36937,-0.08451,0.00112
