"Points:0","Points:1","Points:2"
4.00901,0.01479,0.00088
3.76063,0.04315,1e-05
3.51587,-0.00781,3e-05
3.26593,-0.00253,0
3.01603,0.00393,0.00283
2.76605,0.006,9e-05
2.51635,-0.00621,0.00084
2.26636,-0.00825,3e-05
2.01688,-0.02427,2e-05
1.76783,-0.00243,0
1.51862,0.01734,0.00128
1.26868,0.01166,0.00069
1.01893,0.00056,0.00167
