"Points:0","Points:1","Points:2"
9.44699,2.35137,0.00257
9.23098,2.22553,0.00386
9.00179,2.32533,1e-05
8.80969,2.48532,0
8.60258,2.62534,7e-05
8.35267,2.61883,0.00204
8.11483,2.54184,0.00373
7.8671,2.50842,1e-05
7.66713,2.35838,9e-05
7.47075,2.20373,0.00427
7.42611,1.95775,0.00544
7.43069,1.70785,8e-05
7.40977,1.45875,0.00374
