"Points:0","Points:1","Points:2"
4.00794,0.06695,0.00189
3.76004,0.03467,0
3.51418,-0.01067,0.00065
3.26538,0.01374,0
3.01912,0.0568,0.00075
2.76972,0.04011,0.00528
2.52263,0.00205,0.006
2.27504,-0.03204,4e-05
2.02862,0.01011,0.00105
1.77969,0.03324,0.00244
1.53002,0.0205,0.00082
1.2804,0.03415,0.0001
1.0307,0.0218,0
