"Points:0","Points:1","Points:2"
4.17338,-0.19569,0
4.08293,0.03737,0
3.9109,0.21877,0.00015
3.6947,0.34428,0.00236
3.49477,0.49436,0.00015
3.24507,0.48228,0.00142
3.46136,0.35693,0
3.23495,0.25092,0.00014
2.98498,0.24729,0
2.74603,0.32079,0.00117
2.4992,0.36046,0
2.24966,0.34525,2e-05
2.00306,0.30416,0
