"Points:0","Points:1","Points:2"
4.67087,-0.08582,0.00336
4.47771,-0.2445,1e-05
4.2351,-0.30483,0
4.04456,-0.46667,3e-05
3.83877,-0.60861,0.00165
4.07748,-0.53434,0.00048
4.25004,-0.35347,0.00352
4.3198,-0.11342,0.00093
4.12741,0.04623,0.00226
3.87744,0.04695,0.00548
3.64615,-0.04788,0.00184
3.41964,-0.15367,0
3.20536,-0.28245,0
