"Points:0","Points:1","Points:2"
4.095,0.10089,0
3.85363,0.16598,0.00168
3.60597,0.20009,0
3.35606,0.19328,0.00025
3.21566,-0.01357,0.00012
2.97195,0.042,0.00457
2.7299,0.10438,0.00023
2.48779,0.1667,4e-05
2.24059,0.12945,0
1.9947,0.17454,0.00227
1.78386,0.0402,0.00024
1.55921,-0.06946,0.00263
1.31859,-0.1373,0.00128
