"Points:0","Points:1","Points:2"
4.01196,-0.02971,0.00351
3.79177,0.08862,0.00016
3.5429,0.06519,0.00412
3.2944,0.0382,0
3.04449,0.04509,0
2.79456,0.04959,0.00357
2.54505,0.06535,0.00316
2.29538,0.07764,3e-05
2.04722,0.04732,0.00023
1.7977,0.03178,2e-05
1.54836,0.04992,0
1.30219,0.09348,0
1.05274,0.11007,3e-05
