"Points:0","Points:1","Points:2"
4.10349,-0.00355,5e-05
3.87906,-0.11365,0.00268
3.63028,-0.08901,0.00095
3.45537,0.08961,2e-05
3.20635,0.11163,0.00225
3.01602,-0.05044,0.00494
2.80333,-0.18175,0.00013
2.56772,-0.26532,0.00131
2.38256,-0.09734,0.00121
2.21349,0.08677,0.00535
1.97275,0.15406,0.00127
1.72288,0.16203,3e-05
1.48234,0.09408,0.00462
