"Points:0","Points:1","Points:2"
4.23119,0.00401,0.00085
3.99768,0.09329,0
3.79579,0.24073,0.00027
3.56466,0.33603,0.00107
3.33531,0.43551,0.00134
3.30233,0.1877,0
3.08802,0.05898,0
2.85032,0.13636,0.00342
2.60072,0.15043,0.00439
2.35076,0.15178,0.00011
2.10096,0.14221,0.00327
1.85098,0.14513,0.00249
1.60104,0.15012,0.00014
