"Points:0","Points:1","Points:2"
4.01045,0.0528,0
3.7611,0.03513,0.00364
3.51459,-0.00644,0.00433
3.26593,0.01905,0
3.01953,0.06136,4e-05
2.77096,0.0348,0.00302
2.52442,-0.00658,0.00127
2.27563,-0.03115,0.00152
2.02943,0.01228,0
1.78097,0.03992,0.00101
1.53142,0.02493,0
1.2818,0.03873,8e-05
1.03256,0.01922,0.00015
