"Points:0","Points:1","Points:2"
4.0192,0.01182,1e-05
3.77121,0.04332,0.00316
3.53086,-0.02544,0.00186
3.28647,0.02719,0
3.03816,0.05622,6e-05
2.78858,0.04208,0.00298
2.54044,0.07245,0.00011
2.29149,0.04958,0
2.04213,0.03173,9e-05
1.79217,0.0361,0.00137
1.5425,0.04883,0.00232
1.29282,0.0362,0.00205
1.04283,0.03393,0
