"Points:0","Points:1","Points:2"
4.0037,0.0403,0
3.83182,-0.14125,1e-05
3.60532,-0.0355,0.00386
3.37814,0.06884,0.00291
3.14045,0.14628,0
2.99772,-0.05897,3e-05
2.78724,-0.19387,0
2.53724,-0.1933,0.00055
2.32608,-0.05947,0
2.1631,0.1301,0
1.91416,0.15284,0.00286
1.67809,0.07053,0.00351
1.53307,-0.13308,0.00041
