"Points:0","Points:1","Points:2"
2.88108,-1.38298,1e-05
2.64709,-1.47102,0.00052
2.40317,-1.5258,4e-05
2.15866,-1.47369,1e-05
1.91202,-1.43279,1e-05
1.67956,-1.34081,0.00104
1.56056,-1.12095,0.00111
1.74022,-0.94711,0.00241
1.92187,-0.77535,0.00052
2.04361,-0.55701,0.00284
2.27385,-0.45963,4e-05
2.52319,-0.47784,0
2.76576,-0.53834,1e-05
