"Points:0","Points:1","Points:2"
4.18352,-0.19699,0
4.07382,0.02765,0.00017
3.91336,0.21936,0.00072
3.70167,0.35236,0.00028
3.49424,0.49189,0.00157
3.24433,0.48532,4e-05
3.45977,0.35851,0.00113
3.2362,0.24663,0.00126
2.98637,0.23747,1e-05
2.74948,0.31735,0
2.50224,0.35426,0.00346
2.2526,0.34122,0.00058
2.00607,0.2997,0
