"Points:0","Points:1","Points:2"
4.14418,0.09433,0
3.89566,0.12142,0.00151
3.6841,0.25462,5e-05
3.44308,0.32103,0.00078
3.25083,0.16123,0.00237
3.0047,0.11746,0.0002
2.75986,0.16795,0.00177
2.51065,0.18774,0.00021
2.26067,0.19101,0
2.01287,0.1579,0.00023
1.78637,0.05209,0.00151
1.55946,-0.05284,0.00017
1.32352,-0.13551,1e-05
