"Points:0","Points:1","Points:2"
4.35275,-0.02871,0.00195
4.20215,-0.22824,0
3.95579,-0.27078,1e-05
3.7191,-0.35127,0
3.47034,-0.32646,0.00036
3.2347,-0.24294,0.00053
3.24279,0.00688,0.00524
3.26314,0.25602,0.00126
3.01456,0.22945,0.00053
2.82022,0.07219,1e-05
2.65457,-0.11506,0.00024
2.4783,-0.29235,0
2.27757,-0.44136,0.00026
