"Points:0","Points:1","Points:2"
10.1788,2.06396,0.00118
10.0095,2.24787,3e-05
9.77594,2.33711,0.00144
9.53402,2.27406,0
9.30363,2.177,0.00029
9.05834,2.22525,0.00062
8.89058,2.4106,0.00198
8.70339,2.57624,0.00682
8.49383,2.71241,0
8.24879,2.76195,1e-05
8.00874,2.69214,0.00214
7.79212,2.56737,6e-05
7.55295,2.49458,0
