"Points:0","Points:1","Points:2"
4.01226,0.00533,0
3.76632,0.0502,1e-05
3.52366,-0.00989,0.0032
3.27403,0.00331,1e-05
3.02434,0.01564,0.00031
2.77435,0.01285,0.00073
2.52445,0.00602,6e-05
2.27468,-0.00399,0.00431
2.02536,-0.02192,4e-05
1.7759,-0.00557,1e-05
1.52674,0.01482,0.00135
1.27976,0.05354,0
1.02989,0.04519,8e-05
