"Points:0","Points:1","Points:2"
4.35515,-0.02115,3e-05
4.22241,-0.23299,0.00129
3.97567,-0.27327,0.00059
3.73997,-0.35659,0.00017
3.49323,-0.31633,0
3.24537,-0.28374,0.00073
3.21139,-0.03606,0.00012
3.31369,0.19204,0.00265
3.08935,0.30233,0
2.87573,0.17246,0.00056
2.71731,-0.02085,0.00632
2.55312,-0.20937,0.00779
2.39196,-0.40033,0
