"Points:0","Points:1","Points:2"
4.89377,0.61308,3e-05
4.68089,0.48201,0.00075
4.90533,0.37189,0.00056
4.99887,0.14005,0.00061
5.06954,-0.09975,0
5.11283,-0.34598,2e-05
5.01776,-0.57719,0.00069
4.79832,-0.69697,0
4.56637,-0.79023,0
4.31926,-0.82814,2e-05
4.07368,-0.78134,0.00084
3.87856,-0.62505,0
3.79156,-0.39072,0.0046
