"Points:0","Points:1","Points:2"
4.0013,-0.02296,0
3.7547,0.01814,0
3.50643,-0.01112,0.00216
3.25674,0.00124,0.00032
3.00795,0.02576,0.00046
2.75886,0.00438,4e-05
2.50894,-0.00189,0
2.25945,0.01407,0.00103
2.00948,0.01076,0
1.75959,0.01718,0.00407
1.50987,0.00615,0
1.25992,0.00112,0
1.01106,0.02484,0.00302
