"Points:0","Points:1","Points:2"
4.1455,0.02752,0
4.02416,-0.19106,0.00143
3.79174,-0.28314,4e-05
3.58649,-0.1404,0
3.40557,0.03213,5e-05
3.28272,0.24986,0.00191
3.05675,0.14292,0.00022
2.99038,-0.09811,0.00011
2.77113,-0.21822,0.00069
2.52223,-0.24165,6e-05
2.27252,-0.22948,2e-05
2.02556,-0.19065,0
1.77612,-0.20746,0
