"Points:0","Points:1","Points:2"
4.66352,-0.07613,0
4.48039,-0.24631,7e-05
4.23695,-0.30314,0.00266
4.03709,-0.45333,0.00231
3.88047,-0.64818,8e-05
4.05005,-0.46453,0.00389
3.95162,-0.23472,0.00325
3.70197,-0.22356,0.01029
3.47046,-0.31735,0.00014
3.2343,-0.3994,0
3.0006,-0.3106,3e-05
2.7974,-0.16497,1e-05
2.62125,0.01243,0.00079
