"Points:0","Points:1","Points:2"
2.5638,-0.67575,0.00109
2.8113,-0.64048,0
3.05103,-0.71137,0.00161
3.03386,-0.96077,0
3.00902,-1.20952,0.00282
3.25482,-1.25513,0.00183
3.45398,-1.10415,0.00805
3.31489,-0.89648,0.00277
3.23224,-0.66055,0.00082
3.31656,-0.42521,0.00289
3.55426,-0.34779,0
3.78229,-0.24534,0.002
4.00721,-0.13901,0.02659
