"Points:0","Points:1","Points:2"
4.22288,0.00237,0
4.06395,-0.19058,0.00319
3.83602,-0.29325,0
3.59197,-0.23905,2e-05
3.39551,-0.08445,0
3.48195,0.15013,0.00096
3.24436,0.22793,0.00077
3.01186,0.13607,0.00326
2.8082,-0.00888,2e-05
2.63025,-0.18447,0.00054
2.38729,-0.24339,0.00165
2.13939,-0.27567,0.00279
1.89326,-0.23192,0
