"Points:0","Points:1","Points:2"
4.07209,-0.2447,0.00413
4.20087,-0.03046,0
3.99882,0.11677,0.00081
3.78937,0.25325,4e-05
3.61397,0.43137,0.00324
3.42346,0.59322,0.00013
3.47566,0.34873,0.00114
3.24006,0.26512,0
2.9914,0.23948,0.00325
2.75103,0.30813,0
2.50167,0.32587,0.0017
2.25273,0.34884,0.00097
2.00707,0.30246,0.00136
