"Points:0","Points:1","Points:2"
4.64537,-0.07772,1e-05
4.4707,-0.25658,0
4.22624,-0.30893,0
4.02018,-0.45048,4e-05
3.79742,-0.33701,3e-05
3.57259,-0.44631,0.00188
3.3231,-0.43673,0.01462
3.13314,-0.27468,0.00211
3.03648,-0.04413,0.00083
3.01646,0.20507,0.00044
2.95963,0.44853,6e-05
2.72049,0.5214,0
2.47084,0.53459,2e-05
