"Points:0","Points:1","Points:2"
4.09352,0.09423,0
3.85304,0.16252,0.002
3.60512,0.19464,0.00334
3.35517,0.19054,0
3.21326,-0.01528,3e-05
2.9694,0.03981,2e-05
2.72888,0.10799,6e-05
2.48462,0.16121,0.00237
2.23844,0.11771,0
1.99372,0.16881,3e-05
1.77991,0.03924,5e-05
1.55388,-0.06757,7e-05
1.31504,-0.1414,0.00244
