"Points:0","Points:1","Points:2"
4.0013,-0.02741,0.0018
3.75525,0.01684,0
3.50755,-0.01693,2e-05
3.25897,0.00969,1e-05
3.00976,-0.01017,0
2.76034,0.00682,0.00087
2.51039,0.00188,0
2.26039,0.00288,0.00035
2.01089,0.01867,0
1.7609,0.0182,0.00259
1.51123,0.00563,0.00026
1.2613,-0.0004,0
1.0121,0.01965,0
