"Points:0","Points:1","Points:2"
4.00604,-0.02324,0
3.7589,0.01433,0.00293
3.50972,-0.00571,0
3.26037,0.01226,3e-05
3.01101,-0.00572,4e-05
2.76102,-0.00451,0
2.51118,0.00457,0.00017
2.26143,0.0158,0.00052
2.01146,0.01183,8e-05
1.76155,0.01837,0
1.51168,0.01032,3e-05
1.26168,0.00988,0
1.01231,0.02762,0
