"Points:0","Points:1","Points:2"
4.08522,0.11033,0.00011
3.84085,0.1631,0.00132
3.59301,0.19583,0.00065
3.3432,0.18612,3e-05
3.18949,-0.01088,0.00812
2.94361,0.03359,0.0001
2.70954,0.12141,5e-05
2.45968,0.1292,0.00261
2.21484,0.0787,1e-05
1.97068,0.13243,0.00041
1.79861,-0.04892,0.00018
1.54943,-0.069,0.00296
1.30954,-0.13931,0
