"Points:0","Points:1","Points:2"
4.02154,0.00859,0
3.77427,0.0454,1e-05
3.52889,-0.00244,8e-05
3.27982,-0.02397,0.00011
3.03521,0.02748,0.00433
2.78729,0.05945,0.00021
2.53732,0.05615,1e-05
2.28849,0.03197,0.00139
2.03881,0.04456,7e-05
1.78906,0.0336,0.00148
1.53922,0.0425,0.00244
1.28933,0.03539,0
1.03948,0.04425,0.00016
