"Points:0","Points:1","Points:2"
4.00111,-0.02903,0.00102
3.75611,0.02066,0
3.50796,-0.00977,0
3.25855,0.00731,4e-05
3.00884,0.01932,0.00017
2.76006,-0.00537,0
2.51018,0.00222,1e-05
2.26034,0.01139,4e-05
2.01045,0.00417,0.00013
1.76049,0.00605,0.004
1.51053,0.00228,0.00149
1.26054,0.00051,0
1.01202,0.02771,2e-05
