"Points:0","Points:1","Points:2"
4.00973,0.0521,0.00369
3.76015,0.06626,3e-05
3.52526,-0.01932,0.00011
3.27795,0.01727,4e-05
3.03123,0.05764,0
2.78159,0.04429,0.00019
2.53391,0.01027,1e-05
2.28395,0.00614,0
2.03403,0.01263,0.00021
1.7855,0.0397,6e-05
1.53584,0.02664,0
1.28584,0.02634,0.0001
1.03585,0.02465,0
