"Points:0","Points:1","Points:2"
4.22283,-0.00012,0
4.02839,-0.15725,0
3.82363,-0.30069,0
3.57995,-0.24485,0
3.41501,-0.05697,0.00102
3.43227,0.19197,0.01608
3.20183,0.09625,0.03136
3.01824,-0.07059,0.0004
2.78932,-0.17106,0.00117
2.54093,-0.19921,0.00447
2.29262,-0.22784,0
2.04267,-0.2229,0.00139
1.79322,-0.20648,0.0036
