"Points:0","Points:1","Points:2"
4.03416,-0.00048,0.00267
3.80997,-0.11113,0.00249
3.57578,-0.02368,1e-05
3.32724,0.00334,0
3.1074,0.12237,0
2.94435,-0.06712,0.00326
2.70087,-0.12381,0.00139
2.45254,-0.09501,0
2.23442,0.02716,0.00134
2.00659,0.13006,0
1.75772,0.10626,0.00104
1.5556,-0.04074,0.00709
1.38537,-0.22369,0
