"Points:0","Points:1","Points:2"
4.63442,-0.0756,0.0028
4.40694,-0.17928,0.00045
4.19967,-0.31906,2e-05
3.95293,-0.35927,0.001
3.70317,-0.34832,0
3.46505,-0.42445,0.00011
3.21511,-0.42205,0.00507
3.04075,-0.24296,6e-05
3.09158,0.00182,0.00067
3.10382,0.25152,2e-05
2.96251,0.45775,1e-05
2.72047,0.52034,0
2.47163,0.54437,0
