"Points:0","Points:1","Points:2"
4.00677,0.03134,3e-05
3.7618,0.08124,9e-05
3.52875,-0.00927,0.00011
3.27935,0.00795,5e-05
3.03562,0.06346,0.00409
2.78671,0.04046,0.00011
2.53743,0.02187,0.00407
2.28836,0.0006,0.00093
2.03896,0.01795,5e-05
1.78907,0.0251,0.00037
1.53909,0.02828,3e-05
1.28911,0.03138,0.00015
1.03949,0.0182,0.00461
