"Points:0","Points:1","Points:2"
16.3994,2.22062,0
16.4411,2.46711,5e-05
16.356,2.70216,0.00266
16.2262,2.91563,0.01134
16.1474,3.15272,0.00219
16.0658,3.38904,0.00022
15.9591,3.61513,0.00026
15.7921,3.80108,0.00616
15.5437,3.82887,0.00596
15.3489,3.67234,0
15.0989,3.67517,0.00086
14.8865,3.80694,0.00651
14.6493,3.88553,8e-05
