"Points:0","Points:1","Points:2"
4.04009,0.07066,0
3.79092,0.09102,8e-05
3.54317,0.0576,1e-05
3.29395,0.03783,1e-05
3.04416,0.04816,0.0008
2.79418,0.04491,0.00047
2.54529,0.06835,0.00019
2.2953,0.07038,0.00144
2.04645,0.0464,0.00031
1.79665,0.03635,0.00116
1.54682,0.04535,0.00214
1.30708,0.11623,2e-05
1.05872,0.08763,1e-05
