"Points:0","Points:1","Points:2"
13.9694,4.0973,1e-05
13.7234,4.14167,0
13.4878,4.05802,2e-05
13.2884,4.20875,0.00288
13.0734,4.33633,0.00321
12.8275,4.29124,0
12.5779,4.30647,0
12.3516,4.20035,0.00134
12.2697,3.96414,0.00022
12.0559,3.8346,1e-05
11.9086,3.63257,0.00099
11.7576,3.43345,0.0067
11.6292,3.22126,0.03822
