"Points:0","Points:1","Points:2"
4.00171,-0.02727,0.00221
3.75485,0.01221,4e-05
3.50627,-0.01438,0
3.25659,-0.00176,3e-05
3.00727,0.01668,0
2.75773,0.00145,1e-05
2.50781,0.00751,0.00105
2.25781,0.00663,0.0011
2.00786,0.0019,0
1.75822,0.01534,1e-05
1.50839,0.00625,0.0022
1.25851,-0.00111,0
1.01037,0.02929,0
