"Points:0","Points:1","Points:2"
6.64441,1.78811,0
6.45069,1.94613,0.00115
6.23906,2.07922,2e-05
5.99592,2.13738,0
5.7464,2.15292,5e-05
5.56239,1.98371,0.00302
5.63144,1.74345,0.00575
5.77271,1.53727,4e-05
5.81548,1.29095,0
5.65536,1.09896,0
5.57249,0.8631,0.00017
5.51159,0.62063,3e-05
5.4401,0.38138,0.01228
