"Points:0","Points:1","Points:2"
4.01273,0.00274,0
3.79896,0.13237,3e-05
3.55571,0.07467,0.00085
3.30827,0.03899,5e-05
3.06101,0.00209,0
2.81108,0.00784,4e-05
2.56122,0.0163,4e-05
2.312,0.03602,1e-05
2.06239,0.04966,0.00256
1.83768,-0.05992,0.00159
1.59051,-0.02253,0.0044
1.34069,-0.03204,0.00626
1.09128,-0.04803,1e-05
