"Points:0","Points:1","Points:2"
4.0142,-0.0168,0.0023
3.79002,0.09384,1e-05
3.5411,0.07062,0
3.29381,0.03396,0
3.04468,0.05482,3e-05
2.79474,0.04919,0.00091
2.54527,0.06543,3e-05
2.29587,0.08265,0
2.04853,0.04628,0.00109
1.79862,0.03957,0.00129
1.54884,0.04998,0.00233
1.30262,0.09322,1e-05
1.05302,0.10749,0.00079
