"Points:0","Points:1","Points:2"
13.0965,4.43638,0.00849
12.892,4.29286,5e-05
12.6652,4.18771,0.00255
12.4443,4.07078,0.0012
12.3214,3.85303,0.00093
12.1596,3.6625,0
12.0691,3.42945,0.00102
11.937,3.2172,0.00187
11.9048,2.96933,0.00657
11.8468,2.72624,0
11.7229,2.5091,0
11.6841,2.26213,0.00119
11.6223,2.01989,0
