"Points:0","Points:1","Points:2"
3.99952,-0.02832,0
3.7537,0.01715,0.00265
3.50491,-0.00727,1e-05
3.2551,0.00256,0.00105
3.0064,0.02785,0.00316
2.75811,-0.0012,0
2.50818,0.00469,0.0003
2.25862,0.01944,0
2.00874,0.01158,0.00022
1.75874,0.0121,1e-05
1.50885,0.00483,0
1.25886,0.00738,0.0001
1.00945,0.02438,0.00255
