"Points:0","Points:1","Points:2"
4.03761,0.06374,0
3.78915,0.09148,0
3.54138,0.05813,1e-05
3.29292,0.03048,0.00013
3.04413,0.05509,0
2.79427,0.04691,0.00014
2.54528,0.06947,0.00045
2.29541,0.07749,0.00126
2.04757,0.04478,0.00011
1.79791,0.03174,0
1.54859,0.05016,0
1.30507,0.10675,1e-05
1.05534,0.09521,0
