"Points:0","Points:1","Points:2"
3.94394,-0.95656,1e-05
4.16306,-0.83622,0.00217
4.37804,-0.70864,0
4.59888,-0.59145,0
4.80272,-0.44672,0
4.70454,-0.2168,2e-05
4.72164,0.03261,0
4.81634,0.26398,0.00065
4.74231,0.50277,0
4.51478,0.60628,0.0038
4.26484,0.60236,9e-05
4.03333,0.50823,0.0065
3.82026,0.3776,4e-05
