"Points:0","Points:1","Points:2"
4.08983,0.09775,0
3.85138,0.17285,6e-05
3.60226,0.19379,0
3.35228,0.19011,2e-05
3.2069,-0.01327,2e-05
2.96479,0.04893,0.00364
2.72704,0.12614,8e-05
2.47972,0.16268,0.0004
2.2328,0.12364,0.00276
1.98323,0.13811,0.00041
1.79827,-0.03009,0.00013
1.54987,-0.05824,0.00161
1.3156,-0.14551,0
