"Points:0","Points:1","Points:2"
2.45291,-0.88737,0.00539
2.49808,-0.6415,0.00266
2.63674,-0.43349,0
2.88289,-0.47717,0.00172
3.10398,-0.59385,3e-05
2.98912,-0.81591,0
2.9249,-1.05752,0
3.05545,-1.27072,0
3.30306,-1.30506,0.00332
3.54218,-1.23214,0.00274
3.75216,-1.09646,0.002
3.98167,-0.99734,6e-05
4.16809,-0.8308,0.00277
