"Points:0","Points:1","Points:2"
2.97627,-0.9183,1e-05
3.20145,-0.8098,0.00475
3.4064,-0.66671,0
3.65228,-0.62154,1e-05
3.87903,-0.72683,0.00094
4.00701,-0.94158,0.00136
4.11892,-1.16514,0.00193
4.29871,-1.33884,0.00066
4.52117,-1.45291,0.00097
4.73232,-1.31907,0.00151
4.67733,-1.07519,0.00252
4.56633,-0.8512,5e-05
4.53894,-0.60274,0.00449
