"Points:0","Points:1","Points:2"
4.01093,0.05764,0.00141
3.7612,0.04599,0
3.51795,-0.0117,1e-05
3.27021,0.02182,2e-05
3.0233,0.061,2e-05
2.7773,0.01645,2e-05
2.5285,-0.00803,0
2.27877,-0.01979,2e-05
2.03006,0.00545,0.00182
1.78272,0.04176,0
1.53362,0.02053,9e-05
1.28419,0.03744,0
1.03477,0.02048,7e-05
