"Points:0","Points:1","Points:2"
4.67668,-0.08655,0
4.48223,-0.24368,0
4.24061,-0.30785,0
4.04627,-0.46512,0.00016
3.84867,-0.61827,7e-05
4.08073,-0.52527,1e-05
3.98848,-0.29292,0
3.80391,-0.1244,0.006
3.55787,-0.1684,0.00071
3.3696,-0.33288,0.00146
3.13412,-0.41683,0.00282
2.9191,-0.54436,0.00059
2.67456,-0.5963,0.00168
