"Points:0","Points:1","Points:2"
4.01084,0.01266,0.00039
3.76444,-0.0296,0.00083
3.51562,-0.00537,0.00089
3.26576,-0.01387,1e-05
3.01715,0.01241,1e-05
2.76813,-0.00971,1e-05
2.51815,-0.01307,0
2.27026,0.01934,0.00108
2.02103,-0.00015,0.0001
1.7711,-0.00629,0
1.52247,0.01986,0.00066
1.27361,-0.00389,0
1.03761,-0.08639,0
