"Points:0","Points:1","Points:2"
2.98046,-0.9672,0.00101
3.17709,-0.81281,0
3.40449,-0.70895,0.00248
3.57602,-0.5271,8e-05
3.80314,-0.63159,0.00049
4.0144,-0.76525,0.00271
4.05857,-1.0113,0.00033
4.10379,-1.25718,0
4.31716,-1.38747,0
4.56337,-1.34456,0.00616
4.7481,-1.17623,0
4.71212,-0.92883,3e-05
4.65816,-0.68472,0.00018
