"Points:0","Points:1","Points:2"
4.00115,-0.03139,0
3.75747,0.02447,0.00142
3.50887,-0.00187,0
3.25895,0.00437,0
3.00984,0.02543,0
2.76099,0.0015,0.00108
2.51101,0.00508,0
2.26117,0.01406,6e-05
2.01122,0.01,0.00199
1.76124,0.01334,0.00023
1.51135,0.00615,0
1.26152,-0.00309,0.00018
1.01301,0.0241,0.00253
