"Points:0","Points:1","Points:2"
4.00389,-0.02322,0.00061
3.75633,0.01161,3e-05
3.50743,-0.01181,0
3.25778,0.00146,1e-05
3.00823,0.01642,3e-05
2.75938,-0.00751,6e-05
2.50939,-0.00518,0.00019
2.25991,0.0108,0.00241
2.00993,0.0077,0.00238
1.76009,0.01635,0
1.51014,0.01148,0
1.26021,0.00558,0
1.01129,0.02879,0.00082
