"Points:0","Points:1","Points:2"
4.01535,0.00425,0.00087
3.76889,0.04621,6e-05
3.52103,0.01361,9e-05
3.27302,-0.0179,3e-05
3.02439,0.00818,0
2.77442,0.00439,0
2.52456,0.01284,1e-05
2.27608,-0.01469,0.0001
2.02627,-0.02434,0.00169
1.77644,-0.01525,0
1.52945,0.02332,0.00313
1.27981,0.03627,0
1.03016,0.04945,0
