"Points:0","Points:1","Points:2"
4.00045,-0.03108,0.00208
3.75735,0.02721,0.00102
3.51022,-0.01056,3e-05
3.26113,0.01078,0
3.01266,-0.01684,8e-05
2.76321,-0.00026,0
2.51345,0.01082,0.00033
2.26345,0.01009,0.00097
2.01346,0.01042,0
1.76348,0.01361,9e-05
1.51354,0.00997,0.00431
1.26356,0.00769,0.00212
1.01442,0.02827,2e-05
