"Points:0","Points:1","Points:2"
4.00594,-0.02276,0.00208
3.75867,0.01404,0.0036
3.51002,-0.01167,6e-05
3.26094,0.00979,4e-05
3.01163,-0.00875,6e-05
2.76187,0.00217,0
2.5119,-0.00179,1e-05
2.2622,0.01039,0.0005
2.0122,0.00879,0
1.76229,0.00264,0.0022
1.51231,0.00528,0
1.26232,0.00332,0
1.0138,0.03047,0
