"Points:0","Points:1","Points:2"
4.22044,0.01524,0.00132
3.98562,0.10103,0.00013
3.78533,0.25064,0.00078
3.55281,0.34248,0
3.30978,0.40109,3e-05
3.22501,0.1659,1e-05
2.98358,0.10101,5e-05
2.73549,0.13189,2e-05
2.48632,0.1521,0.00262
2.23649,0.14325,0
1.98709,0.12595,0
1.73786,0.10694,0.0048
1.48931,0.13336,6e-05
