"Points:0","Points:1","Points:2"
4.00242,-0.02363,0
3.75491,0.01158,0.00113
3.50579,-0.00927,0.0033
3.25618,0.00434,7e-05
3.00737,0.02866,0
2.75921,-0.00162,0.00013
2.50944,0.0087,0.00316
2.25953,0.01474,2e-05
2.00955,0.01177,6e-05
1.7596,0.01681,0
1.50964,0.01241,5e-05
1.25984,0.00246,0
1.01125,0.02899,0
