"Points:0","Points:1","Points:2"
2.65024,-1.40157,1e-05
2.41056,-1.47264,1e-05
2.16415,-1.51486,2e-05
1.94359,-1.39717,0.00134
1.76192,-1.22543,0
1.73305,-0.9771,0.00091
1.94301,-0.84139,0
2.10723,-0.6529,0.00032
2.35587,-0.67889,0.00117
2.58416,-0.7808,0.00202
2.70881,-0.9975,0
2.88495,-1.17488,0.00269
3.07473,-1.33762,0.00261
