"Points:0","Points:1","Points:2"
4.2293,-0.14014,0.0081
4.06577,0.04879,0.00012
3.88981,0.22638,8e-05
3.68364,0.36779,0.00154
3.4646,0.48828,0.00051
3.25489,0.35221,0.00275
3.36816,0.12936,6e-05
3.11854,0.11555,0.00036
2.8965,0.23043,0.00069
2.65367,0.28977,0.00409
2.40644,0.32666,0
2.15807,0.29811,8e-05
1.92703,0.20261,0
