"Points:0","Points:1","Points:2"
4.00566,-0.02632,0.00132
3.75859,0.0118,0.00244
3.50874,0.00295,0.00204
3.25921,0.01806,0.00012
3.01121,-0.01344,0.00156
2.76176,0.00323,0.00214
2.51211,0.01624,0
2.26222,0.00869,8e-05
2.01233,0.01604,0
1.76235,0.01374,0.00223
1.51247,0.00645,0.00013
1.26266,-0.0032,0.00109
1.01383,0.02103,0
