"Points:0","Points:1","Points:2"
4.00284,-0.02746,0
3.7568,0.01666,0.00374
3.50832,-0.01083,0.00132
3.25983,0.01653,0.0016
3.0118,-0.01484,0.00163
2.76199,-0.00526,0.00013
2.51252,0.01098,6e-05
2.26273,0.00072,0
2.01284,0.00806,2e-05
1.76296,0.01595,0
1.51337,0.00163,6e-05
1.2634,-0.00251,0.00055
1.01546,0.02952,0.00113
