"Points:0","Points:1","Points:2"
4.00375,-0.0254,1e-05
3.75632,0.01035,0
3.50698,-0.00781,0
3.25705,-0.00201,0
3.00906,0.02946,0.00344
2.76033,0.00452,0
2.51041,-0.00196,0.00013
2.26104,0.01573,0
2.01105,0.01328,0
1.76122,0.02239,8e-05
1.51151,0.01026,0
1.26152,0.00771,0
1.01192,0.02158,0.00252
