"Points:0","Points:1","Points:2"
4.61232,-0.06949,3e-05
4.4048,-0.20889,0.00078
4.17298,-0.30247,0.00247
3.92581,-0.33999,0.00136
3.68355,-0.40165,0.0042
3.43462,-0.42435,4e-05
3.18504,-0.43877,0.00075
3.07004,-0.21678,0.00044
3.10796,0.03032,0.00159
3.12784,0.27952,0
2.94526,0.45029,0.00219
2.6969,0.4788,0.00077
2.45421,0.41879,0
