"Points:0","Points:1","Points:2"
5.35504,0.25881,0.00335
5.10834,0.29921,0.00143
4.86421,0.35307,0
4.62216,0.4156,6e-05
4.37487,0.45202,0.00503
4.1449,0.3541,1e-05
3.95741,0.18875,0.00208
3.85311,-0.03846,0.00174
3.63059,-0.15238,7e-05
3.38981,-0.21968,0
3.14198,-0.18682,0
2.89339,-0.21331,2e-05
2.64463,-0.23819,0
