"Points:0","Points:1","Points:2"
4.03985,0.07117,0
3.79011,0.08255,1e-05
3.54126,0.05866,0.00201
3.2926,0.0331,0.00578
3.04339,0.05218,0.00017
2.79361,0.04199,0.00236
2.5462,0.0778,0.00471
2.29621,0.07577,0.00264
2.04814,0.04486,0.00111
1.79841,0.03321,0
1.54845,0.03786,2e-05
1.30735,0.10395,0
1.05776,0.08963,0
