"Points:0","Points:1","Points:2"
3.9167,-0.91753,0.00204
4.15878,-0.97992,0
4.39642,-0.90227,4e-05
4.36684,-0.65403,0.00017
4.61017,-0.59667,0.00037
4.85917,-0.619,0.00018
5.03723,-0.44352,0.00146
4.89352,-0.23896,0
4.6994,-0.08145,0.00284
4.74535,0.16429,0.0031
4.78016,0.41186,0.00245
4.71466,0.65311,6e-05
4.66496,0.89804,0.00626
