"Points:0","Points:1","Points:2"
4.00582,0.04906,3e-05
3.75636,0.06531,0.00228
3.5186,-0.01193,6e-05
3.27217,0.03017,0
3.02258,0.04448,7e-05
2.77284,0.03299,0.00019
2.52437,0.00542,0.0016
2.27707,-0.03123,0.00035
2.03024,0.00842,7e-05
1.78221,0.03973,0
1.53257,0.02621,0.0002
1.2826,0.02986,0
1.03267,0.02445,0.00228
