"Points:0","Points:1","Points:2"
6.31133,1.98295,0.00174
6.12378,2.14825,0.00182
5.87476,2.1261,1e-05
5.92215,1.88073,0.00673
6.01378,1.64822,2e-05
6.10827,1.41676,0
5.95905,1.21621,0.00304
5.72062,1.14109,2e-05
5.54436,0.9638,3e-05
5.57243,0.71551,0.00797
5.75553,0.54539,0.00214
5.95858,0.39955,0.00402
6.10525,0.19712,0.001
