"Points:0","Points:1","Points:2"
4.01556,0.00332,0
3.80517,0.13836,0
3.56537,0.06768,9e-05
3.31762,0.0342,0.00038
3.06876,0.0104,1e-05
2.82153,-0.02674,1e-05
2.57165,-0.03404,0.0022
2.33406,0.04373,0
2.08645,0.00927,0
1.84217,-0.04389,0.00047
1.59348,-0.01841,0.00255
1.34355,-0.01309,8e-05
1.09511,-0.04084,0.00288
