"Points:0","Points:1","Points:2"
4.00637,-0.02525,1e-05
3.75835,0.00614,1e-05
3.50886,-0.00985,2e-05
3.25961,0.00948,0.00066
3.01069,-0.01366,8e-05
2.76257,0.01695,0
2.51281,0.00597,6e-05
2.26302,0.01617,0.00019
2.01302,0.01504,0.00137
1.76303,0.0158,0.00014
1.51329,0.00423,1e-05
1.26338,-0.00221,0.00188
1.01526,0.02827,0.00458
