"Points:0","Points:1","Points:2"
4.00222,-0.02776,1e-05
3.75635,0.01747,0.00046
3.50832,-0.0139,1e-05
3.25876,0.00091,0.00012
3.00909,-0.01185,0
2.75934,-0.00137,0.00417
2.50938,0.00103,0.00023
2.25975,0.01446,0.00194
2.00976,0.015,0.00014
1.76012,0.00161,0
1.51013,-0.00045,4e-05
1.26013,-0.00184,2e-05
1.01105,0.01892,0.00512
