"Points:0","Points:1","Points:2"
4.00709,0.00343,0
3.76176,0.05151,9e-05
3.51484,0.01242,6e-05
3.26642,-0.01567,0
3.01761,0.00871,0.00047
2.76771,0.01575,0
2.51822,-0.00019,0.00014
2.26822,-0.00088,0.00047
2.0194,-0.02514,1e-05
1.77023,-0.00477,0
1.52077,0.01168,8e-05
1.27128,-0.0036,0.00427
1.02131,-0.00604,0.00067
