"Points:0","Points:1","Points:2"
4.01963,0.01647,0.00184
3.77092,0.04171,6e-05
3.52375,0.00419,0
3.27763,-0.03969,6e-05
3.0344,0.01802,0.00291
2.7883,0.06194,0
2.53849,0.05224,0
2.28922,0.03345,0.00365
2.03927,0.02976,0.00111
1.78927,0.02924,0.00024
1.53928,0.03164,0
1.28944,0.02276,0
1.04019,0.04197,0.0029
