"Points:0","Points:1","Points:2"
4.01134,0.05004,1e-05
3.76135,0.0475,0.00013
3.51801,-0.00981,0
3.27049,0.02527,0.00232
3.02178,0.05057,0.00102
2.77321,0.02425,0.00561
2.52405,0.00464,1e-05
2.27731,-0.03562,0.00022
2.03162,0.0106,0.00074
1.78307,0.03747,0.00126
1.53351,0.02256,0.00112
1.28377,0.03388,0
1.03401,0.02287,0
