"Points:0","Points:1","Points:2"
2.15579,-1.22507,0.00603
2.04678,-1.00017,3e-05
2.29005,-0.94254,1e-05
2.39518,-0.71572,5e-05
2.42757,-0.46783,0
2.60309,-0.28981,0.00177
2.84571,-0.22955,0.00345
3.09506,-0.21184,0
3.34474,-0.22446,0.00125
3.49955,-0.42075,0
3.49904,-0.67075,0.00073
3.38205,-0.89168,0.0018
3.20269,-1.06583,0.00393
