"Points:0","Points:1","Points:2"
4.0122,0.01534,0.00149
3.76223,0.01933,4e-05
3.51409,-0.01107,0
3.26409,-0.0113,0.0011
3.01506,0.01069,0.00249
2.7651,0.00713,0.00482
2.51515,0.00516,0
2.2654,-0.00602,0
2.0161,-0.02468,6e-05
1.76682,-0.00571,0
1.51766,0.01473,0.0001
1.26772,0.00936,0
1.01778,0.00346,5e-05
