"Points:0","Points:1","Points:2"
4.67195,-0.08834,0.00086
4.48234,-0.25127,0.00252
4.23567,-0.29195,0.00129
4.05932,-0.46914,0.00078
3.84226,-0.59319,0
4.08794,-0.63946,0.00198
4.24267,-0.44311,0
4.4325,-0.28045,0.00298
4.41632,-0.03099,0
4.19167,0.07869,0.00099
3.94241,0.09787,1e-05
3.69261,0.10773,0.00213
3.44261,0.10792,0.00337
