"Points:0","Points:1","Points:2"
4.84861,0.60504,0
4.75467,0.37336,0.00051
4.91031,0.17771,5e-05
5.04866,-0.03052,0.00055
4.98158,-0.27134,0.00205
4.91688,-0.51281,0.00449
4.73161,-0.6806,0
4.48267,-0.70363,0.00045
4.33348,-0.50307,0.00477
4.32014,-0.25343,0.0039
4.32821,-0.00356,0.00403
4.22983,0.22627,0.00492
4.08137,0.42736,0.00043
