"Points:0","Points:1","Points:2"
3.99834,-0.03271,2e-05
3.75438,0.02191,0.00023
3.50585,-0.00508,0.00234
3.2562,0.00805,0
3.00678,0.02465,0.00383
2.7586,-0.0052,0
2.5102,0.02298,0.00066
2.26032,0.01544,0.00292
2.01042,0.00859,0.0016
1.76055,0.0167,0.00102
1.51062,0.01077,0
1.26085,9e-05,2e-05
1.01264,0.02995,0
