"Points:0","Points:1","Points:2"
4.01176,0.01957,0.00251
3.76179,0.02349,0.00176
3.51416,-0.01081,2e-05
3.26421,-0.00565,0.00023
3.01527,0.01731,3e-05
2.76531,0.01261,0
2.5155,0.00417,0.00485
2.26573,-0.00649,0.00379
2.0163,-0.02294,0
1.76653,-0.01218,0.00024
1.51727,0.00696,0
1.26753,-0.00454,0
1.0176,0.00052,0.00289
