"Points:0","Points:1","Points:2"
4.00335,-0.02584,0.00161
3.75707,0.0171,0.00241
3.50853,-0.00983,2e-05
3.25947,0.0118,0
3.01054,-0.01104,0.00334
2.76067,-0.00318,0.00151
2.51082,0.00535,0.00159
2.26082,0.00486,0.00072
2.01088,0.01057,1e-05
1.76093,0.01495,0.00159
1.511,0.00955,0.00404
1.26134,-0.00315,0.00065
1.01334,0.0283,0.00308
