"Points:0","Points:1","Points:2"
3.99744,-0.04633,0
3.78533,0.08596,0.00298
3.53582,0.0707,1e-05
3.2905,0.02257,0.00094
3.04209,0.05068,1e-05
2.79209,0.05067,0.00128
2.54243,0.06373,0
2.29257,0.07188,3e-05
2.04573,0.03222,7e-05
1.79573,0.03142,0
1.54597,0.04238,2e-05
1.30015,0.08792,0
1.05065,0.10369,0
