"Points:0","Points:1","Points:2"
16.9042,0.7746,0
16.7186,0.94203,0.00253
16.5537,1.12994,0.00235
16.4301,1.34724,0
16.336,1.57885,0
16.281,1.82272,7e-05
16.3256,2.06872,0
16.348,2.31771,7e-05
16.3701,2.56672,0.00184
16.436,2.80787,0.00115
16.2945,3.01392,0.00301
16.1791,3.23574,0.00217
16.0658,3.45856,0.00406
