"Points:0","Points:1","Points:2"
13.1507,4.36349,0.00089
12.9062,4.31143,0.00171
12.6829,4.19895,0.00155
12.4583,4.08932,0.0019
12.3259,3.87724,0.00016
12.1627,3.68784,0
12.0973,3.44656,4e-05
11.9737,3.22922,0.00214
11.8599,3.00663,4e-05
11.8828,2.75777,0.00695
11.8357,2.51234,1e-05
11.7299,2.28591,0.00568
11.5693,2.09445,0.00021
