"Points:0","Points:1","Points:2"
4.01922,0.0058,0
3.8044,0.13363,0.00304
3.56444,0.06355,4e-05
3.31481,0.05004,0.00011
3.069,0.00445,0.00031
2.8194,-0.00973,0
2.57052,-0.03336,0
2.33241,0.04285,0
2.08727,-0.00606,0.00331
1.84191,-0.0539,3e-05
1.59307,-0.02987,0
1.34394,-0.00897,4e-05
1.0978,-0.05273,0
