"Points:0","Points:1","Points:2"
4.01161,-0.02944,0.00184
3.79057,0.08735,4e-05
3.54171,0.06358,0.00112
3.29394,0.03026,1e-05
3.04501,0.05339,0
2.79505,0.05707,0.00231
2.54523,0.06618,0
2.29529,0.07168,9e-05
2.04773,0.03679,0.00065
1.79776,0.03311,0.00148
1.54844,0.05142,0.00313
1.30338,0.10082,0.00534
1.05384,0.11512,2e-05
