"Points:0","Points:1","Points:2"
4.67213,-0.08412,1e-05
4.47881,-0.24264,1e-05
4.23968,-0.31554,0.0016
4.04874,-0.4769,4e-05
3.83595,-0.60801,0.00559
4.07671,-0.54092,0
4.24831,-0.3591,0.00011
4.33745,-0.12554,0
4.16564,0.05607,0.00015
3.92269,0.11502,0
3.68282,0.04459,0
3.48755,-0.11136,0.00697
3.23841,-0.09171,0.0004
