"Points:0","Points:1","Points:2"
3.99856,-0.03853,0
3.75421,0.01431,0.00016
3.50507,-0.00635,0.00166
3.25527,0.00369,8e-05
3.00597,0.0224,2e-05
2.75742,-0.00448,0
2.50748,0.00048,0.00138
2.25774,0.01191,6e-05
2.00794,0.02198,0
1.75821,0.01048,0
1.50822,0.0077,5e-05
1.25824,0.0047,0.00094
1.00894,0.02328,0.00014
