"Points:0","Points:1","Points:2"
4.09332,0.10018,0
3.85065,0.16028,6e-05
3.60515,0.2075,0
3.3554,0.19653,0.00056
3.2109,-0.00748,0.00179
2.9654,0.0397,0
2.72684,0.11446,0.00014
2.48276,0.16854,1e-05
2.23691,0.12321,0
1.99144,0.1706,0.00022
1.78269,0.0331,0.00486
1.55329,-0.06622,0.00176
1.31664,-0.14682,0.00334
