"Points:0","Points:1","Points:2"
4.00817,0.04156,0.00043
3.75898,0.06172,0
3.52066,-0.0138,6e-05
3.27462,0.0303,0.00428
3.02581,0.05427,5e-05
2.77662,0.03414,0
2.5295,-0.00366,0
2.27989,-0.01772,0.00033
2.03216,0.01588,0
1.78323,0.03897,0.00132
1.53395,0.02011,0
1.28418,0.03068,0.00154
1.03425,0.02468,0.00119
