"Points:0","Points:1","Points:2"
4.0068,-0.02536,2e-05
3.75924,0.00948,1e-05
3.50969,-0.0055,0
3.25969,-0.00473,0
3.01057,0.01623,0.00109
2.76102,0.00131,0
2.51107,-0.00347,0.00194
2.26137,0.0086,0.00043
2.0114,0.01247,6e-05
1.76143,0.01622,0.0007
1.51193,0.00046,1e-05
1.26193,-0.0015,0
1.0137,0.02817,0
