"Points:0","Points:1","Points:2"
4.16993,0.00016,0
3.9737,-0.15474,0.00104
3.73337,-0.22358,0
3.53203,-0.07538,0.00094
3.4448,0.1589,0
3.19687,0.191,0.00034
3.05429,-0.01435,0.00171
2.88722,-0.20032,0.00011
2.64454,-0.2603,0.003
2.39792,-0.21943,5e-05
2.16639,-0.12513,0
1.91639,-0.12424,0.00096
1.66886,-0.15927,0.00161
