"Points:0","Points:1","Points:2"
4.13617,-0.76655,0.00172
4.35211,-0.64059,0
4.54438,-0.48084,0.00327
4.73027,-0.3137,0
4.78287,-0.0693,0.00163
4.73949,0.1769,4e-05
4.49013,0.19474,0
4.49864,0.44459,0.00262
4.311,0.60977,0.00057
4.08026,0.51354,0
3.93037,0.31346,0.00084
3.88305,0.06798,0.0008
3.93173,-0.17724,0
