"Points:0","Points:1","Points:2"
4.63727,0.42382,0
4.86701,0.32523,0.00042
4.91526,0.07993,0.00055
4.88296,-0.16797,0
4.77376,-0.39281,0.00461
4.65304,-0.6117,0.00069
4.49022,-0.422,0.00302
4.54601,-0.17831,0.00109
4.34218,-0.03356,0.00228
4.34499,-0.28353,0
4.45816,-0.50645,1e-05
4.61187,-0.70361,7e-05
4.78924,-0.8798,0
