"Points:0","Points:1","Points:2"
4.0195,0.00596,0.0013
3.77157,0.03806,5e-05
3.52418,0.002,0.00024
3.27715,-0.03641,8e-05
3.03503,0.02584,0.00196
2.78706,0.05756,0.00345
2.53712,0.05214,0.00239
2.28746,0.03917,0
2.03782,0.05249,0.00116
1.78837,0.03604,0.00236
1.53906,0.05451,0.00013
1.28932,0.04348,0.00348
1.03943,0.03703,4e-05
