"Points:0","Points:1","Points:2"
17.5751,0.40059,0
17.3345,0.4684,0.00318
17.0847,0.47868,0.00483
16.844,0.54605,2e-05
16.674,0.72933,0
16.4907,0.89929,1e-05
16.4204,1.1392,0
16.2556,1.32717,0.00249
16.1007,1.52341,0.00042
16.0651,1.77086,0
16.2047,1.97824,0
16.3487,2.18262,0.00235
16.5028,2.37946,0.00216
