"Points:0","Points:1","Points:2"
12.863,4.42176,0.00916
12.7817,4.18542,0.00322
12.5677,4.05636,7e-05
12.3635,3.91208,0.00224
12.2167,3.70973,1e-05
12.1018,3.4877,0.00013
12.0526,3.24271,0.00808
11.9009,3.04412,0.00159
11.7915,2.81933,0
11.7975,2.56943,0.00364
11.7876,2.31965,0
11.7615,2.07102,8e-05
11.6829,1.83374,0.00465
