"Points:0","Points:1","Points:2"
4.00219,-0.02587,0
3.75677,0.02175,0.00074
3.50827,-0.00562,0.00059
3.25862,0.00754,0
3.00948,-0.01302,0.00244
2.75974,-0.00192,5e-05
2.50993,0.00786,7e-05
2.26018,-0.00342,0
2.01055,0.01016,8e-05
1.76059,0.01424,0
1.51106,-0.00119,0
1.26106,-0.00069,0
1.01411,0.03785,0.00552
