"Points:0","Points:1","Points:2"
4.01456,0.00527,4e-05
3.76771,0.0448,0.00143
3.52307,-0.0067,0.00127
3.2731,-0.0032,2e-05
3.0236,0.01234,0.00289
2.77372,0.00459,0.00154
2.52395,-0.00594,1e-05
2.27406,-0.01277,0.00278
2.02443,-0.02648,0.00205
1.77457,-0.01835,0.00184
1.52585,0.00689,0.00037
1.27932,0.04838,1e-05
1.0295,0.03869,4e-05
