"Points:0","Points:1","Points:2"
4.66997,-0.08376,0.00043
4.47744,-0.24324,0
4.23506,-0.30449,0
4.0375,-0.45763,0.00423
3.85807,-0.63166,0
4.07758,-0.51202,0
3.98527,-0.27971,0.00361
3.76355,-0.16422,0.00335
3.54929,-0.29301,0.00126
3.32564,-0.4047,0.00394
3.07994,-0.35894,0.01015
2.85767,-0.24537,0.02413
2.63392,-0.13555,0.00475
