"Points:0","Points:1","Points:2"
4.65477,-0.07791,0
4.48308,-0.25963,0.00011
4.23533,-0.29311,0
4.06153,-0.47281,0.00137
3.844,-0.59601,0.00032
3.67077,-0.41575,0.0007
3.46752,-0.56131,3e-05
3.23476,-0.47007,0
3.14771,-0.23572,0
3.05783,-0.00244,0.00137
2.95484,0.22536,0
2.85153,0.45301,0
2.7443,0.67885,0.00095
