"Points:0","Points:1","Points:2"
4.01368,0.03629,0
3.82897,-0.13218,0.00111
3.60728,-0.01664,0.00154
3.37039,0.06327,0.00103
3.13416,0.1451,0.00062
3.00095,-0.06645,0.00157
2.78579,-0.19375,0.00233
2.53653,-0.17465,0
2.31601,-0.05698,0.00513
2.15228,0.13187,0
1.9028,0.14777,0.00191
1.69456,0.00945,0
1.45943,-0.07549,0.00077
