"Points:0","Points:1","Points:2"
4.00771,0.07028,0.00393
3.76004,0.03633,0.00097
3.51468,-0.01156,0.00354
3.26518,0.00386,4e-05
3.02175,0.06077,5e-05
2.77312,0.03456,0
2.52507,0.00341,0.00026
2.2765,-0.02327,0.00012
2.02919,0.01329,0
1.78187,0.04979,0.00115
1.53212,0.03865,2e-05
1.28212,0.0373,0
1.03233,0.02794,0.00392
