"Points:0","Points:1","Points:2"
4.08731,-0.24597,0.0039
4.20145,-0.02358,0
4.00296,0.12841,6e-05
3.79044,0.26008,0
3.60287,0.42535,0.00243
3.41723,0.59278,0.00103
3.47238,0.34894,0
3.23747,0.2634,4e-05
2.98808,0.24599,0
2.74624,0.30936,0
2.50261,0.36542,1e-05
2.25409,0.33827,0.00086
2.0059,0.30824,6e-05
