"Points:0","Points:1","Points:2"
4.01935,0.02271,0.00167
3.7741,-0.02578,0.00202
3.52423,-0.01767,0.00045
3.2749,0.00055,0.00219
3.02504,0.00853,2e-05
2.77921,-0.03692,0.00075
2.52938,-0.02753,0.00053
2.27981,-0.01294,0.00042
2.03046,0.00509,1e-05
1.78121,-0.01387,0.0038
1.53322,0.01756,0
1.28518,-0.0135,0.00277
1.04397,-0.07915,1e-05
