"Points:0","Points:1","Points:2"
4.00159,-0.03024,0.00106
3.75647,0.01891,1e-05
3.50799,-0.00846,0.00216
3.25889,0.01278,0.00242
3.00979,-0.00839,0.00405
2.75988,-0.0032,1e-05
2.50988,-0.0043,0
2.26034,0.01086,5e-05
2.01037,0.00701,0.00104
1.76051,0.01533,5e-05
1.5108,0.00348,0.0009
1.26088,-0.00312,0.00029
1.01234,0.0238,0
