"Points:0","Points:1","Points:2"
4.00948,0.01967,0.00027
3.76044,-0.00214,0.00183
3.51066,-0.01238,0.00441
3.26068,-0.01034,0.00187
3.01161,0.01106,3e-05
2.76163,0.00802,5e-05
2.51195,-0.00461,0.00066
2.26203,-0.01104,0.00011
2.01245,-0.0255,0
1.76304,-0.00842,0.00206
1.5133,0.00272,0
1.26352,-0.00783,0.00156
1.01371,0.00156,0.00337
