"Points:0","Points:1","Points:2"
4.10689,0.09876,0
3.86429,0.15884,0.006
3.62728,0.23815,0
3.38654,0.30553,0.00209
3.24437,0.0999,0
2.99464,0.11137,0
2.74597,0.13714,0.00098
2.49707,0.16057,0.00255
2.24717,0.16686,1e-05
1.99727,0.17407,0.00024
1.78603,0.04036,0
1.56026,-0.06699,0.00101
1.31982,-0.13546,0
