"Points:0","Points:1","Points:2"
4.03992,-0.02591,7e-05
3.7949,-0.07556,0
3.55945,0.00849,2e-05
3.31467,0.0593,0
3.06482,0.05157,0.00401
2.82091,-0.00314,0.00027
2.58132,-0.07453,0.00034
2.33468,-0.1154,0.00108
2.10084,-0.02698,0.00122
1.87368,0.07741,1e-05
1.62984,0.02226,0
1.40376,-0.08445,0
1.15397,-0.09441,0.00282
