"Points:0","Points:1","Points:2"
4.00273,-0.02784,0.00046
3.75739,0.02025,0.00025
3.50887,-0.00693,0.00033
3.25958,0.01184,0.00051
3.01056,-0.01027,0.00037
2.76082,0.00105,0
2.51082,0.00176,0
2.26097,0.01049,0
2.01099,0.01356,0
1.76107,0.01039,0.00565
1.51125,0.00273,6e-05
1.26125,0.00382,0
1.01191,0.02187,2e-05
