"Points:0","Points:1","Points:2"
4.00435,-0.02651,1e-05
3.75847,0.01868,3e-05
3.50985,-0.00752,0.00148
3.26084,0.01464,3e-05
3.01244,-0.01366,2e-05
2.76293,0.00123,0.00452
2.51303,0.00692,0
2.26311,0.01326,0.00013
2.01323,0.02105,9e-05
1.76333,0.01396,0
1.51349,0.00546,0.00276
1.26377,-0.00599,0
1.01557,0.02391,0
