"Points:0","Points:1","Points:2"
4.17447,-0.19594,0.0016
4.08321,0.0368,0.00013
3.9089,0.21598,0.00356
3.70589,0.36185,0.0009
3.49602,0.49769,0.00016
3.24679,0.478,0
3.46151,0.34994,0
3.23399,0.24633,0
2.98402,0.25028,0
2.74292,0.31638,0.00036
2.49694,0.36105,1e-05
2.24738,0.34624,0.00022
2.00137,0.30176,0
