"Points:0","Points:1","Points:2"
4.06921,0.0601,0.0001
3.83268,0.14104,0.00178
3.58401,0.1667,5e-05
3.36539,0.04545,0.00209
3.12276,-0.01478,0.00419
2.8754,0.02136,0.00209
2.63275,0.08153,0.00316
2.38372,0.0598,0.00023
2.13819,0.01271,0
1.90364,-0.07382,0.00028
1.6537,-0.07892,1e-05
1.43068,0.03406,0.0002
1.2027,0.13657,0.00425
