"Points:0","Points:1","Points:2"
2.57891,-0.66013,0
2.82882,-0.66657,0.0018
3.04197,-0.79719,0
3.04834,-1.0471,0.00161
3.22009,-1.22875,0.00434
3.41685,-1.07452,0.00512
3.45647,-0.82774,0
3.29522,-0.63672,0.00345
3.33623,-0.39013,0
3.57108,-0.30442,0
3.82048,-0.32176,0
4.06227,-0.38459,0.00959
4.30839,-0.4277,0.00166
