"Points:0","Points:1","Points:2"
4.00386,-0.01293,0.00324
3.75553,0.01573,1e-05
3.50595,0.00131,3e-05
3.25619,-0.00865,0.00473
3.00719,0.01318,0
2.75744,0.00194,0
2.50756,-0.00481,0.0035
2.25761,-0.00098,0
2.00796,0.01139,0.00475
1.75807,0.01874,0.00396
1.50859,0.00307,6e-05
1.2586,0.0023,4e-05
1.00959,0.02368,0.00636
