"Points:0","Points:1","Points:2"
4.00319,-0.01677,0
3.75611,0.02135,0
3.50801,-0.00938,1e-05
3.25949,0.01775,5e-05
3.01034,-0.00293,0.00093
2.76049,0.00555,0.00012
2.51074,-0.00559,0.00126
2.26088,0.00283,0.00014
2.0109,0.00606,0
1.76118,0.01777,2e-05
1.51133,0.00908,0
1.26138,0.00394,4e-05
1.01241,0.02658,0
