"Points:0","Points:1","Points:2"
4.49706,-0.14394,0.00033
4.24918,-0.17639,9e-05
4.03653,-0.30784,0.00062
3.79031,-0.35117,0.00171
3.54059,-0.33962,3e-05
3.29164,-0.31678,0.00181
3.1743,-0.09602,0.00135
3.33384,0.09645,0
3.1805,0.29391,0
2.93051,0.29296,0.00121
2.72487,0.15078,0.00171
2.61033,-0.07144,0.00117
2.51617,-0.30301,0.00369
