"Points:0","Points:1","Points:2"
4.24787,-0.31761,0
4.08444,-0.12842,2e-05
4.00362,0.10815,0
3.83508,0.29279,0.00188
3.66283,0.47397,0.00367
3.47724,0.64143,0
3.6586,0.46936,1e-05
3.43238,0.36294,0.00026
3.18244,0.36821,0.00147
2.93261,0.37759,0.00029
2.68387,0.40259,0
2.43396,0.39577,0.00109
2.18479,0.37542,0.00167
