"Points:0","Points:1","Points:2"
4.01541,0.01115,1e-05
3.76807,0.04754,1e-05
3.52876,-0.02475,0.00239
3.28384,0.02531,3e-05
3.0371,0.06548,0.00259
2.78722,0.0581,0
2.53723,0.05718,0.00163
2.28822,0.03489,0.00112
2.0383,0.04077,0
1.78866,0.02755,0.00241
1.53913,0.04298,0.00154
1.29154,0.00839,4e-05
1.04408,0.0439,0.00115
