"Points:0","Points:1","Points:2"
4.07289,0.06304,0
3.83278,0.13267,0.00012
3.5855,0.16947,1e-05
3.37065,0.04166,0.00162
3.12178,0.01798,0
2.87238,0.00061,0
2.63765,0.08662,0
2.3883,0.06849,1e-05
2.14509,0.01065,0.00039
1.90924,-0.07227,0
1.65925,-0.07456,0.00128
1.43268,0.03109,0.00017
1.20222,0.12795,0.00277
