"Points:0","Points:1","Points:2"
4.00486,-0.02197,0
3.7571,0.01129,0.00205
3.50778,-0.00712,0.00285
3.25881,0.01546,0
3.00968,-0.00529,0.00084
2.75968,-0.00658,3e-05
2.51012,0.00817,0.00091
2.26036,-0.00281,4e-05
2.01078,0.01158,0
1.76082,0.01602,0.00035
1.51085,0.01326,0.00369
1.26151,-0.00468,0.00158
1.01374,0.02861,0
