"Points:0","Points:1","Points:2"
4.88505,0.62173,0.00321
4.70649,0.44677,0.00092
4.91109,0.30312,4e-05
5.02824,0.08227,0.00126
5.07994,-0.16232,3e-05
5.03061,-0.40741,0.00051
4.90918,-0.62593,0
4.6995,-0.76205,0.00277
4.44952,-0.76437,2e-05
4.22378,-0.65697,0.00253
4.06829,-0.46121,0.00145
4.02404,-0.21624,0.02457
4.0874,0.02384,0.05365
