"Points:0","Points:1","Points:2"
4.00872,0.01906,0
3.75937,0.00104,0.00114
3.51,-0.01666,5e-05
3.26029,-0.00452,0.00096
3.01096,0.01371,0.0011
2.76126,0.00144,0.00213
2.51136,0.00828,5e-05
2.26173,-0.00517,6e-05
2.01257,-0.02572,2e-05
1.76319,-0.00819,0
1.51362,0.00618,0.00321
1.26369,0.00113,4e-05
1.01375,0.00674,0
