"Points:0","Points:1","Points:2"
4.03916,0.07042,0.00463
3.78953,0.0832,1e-05
3.54048,0.06137,0.00034
3.29308,0.02542,0
3.04491,0.05561,0
2.7951,0.04607,0.00151
2.54628,0.07039,0.00016
2.29657,0.08208,0.00206
2.04881,0.04864,0.00252
1.79914,0.036,0.00116
1.54931,0.04546,0.0016
1.30341,0.09048,1e-05
1.05412,0.10933,4e-05
