"Points:0","Points:1","Points:2"
4.0403,-0.03369,0.00284
3.79275,-0.06863,0.00262
3.55491,0.00838,0.0016
3.31236,0.0689,1e-05
3.06318,0.04865,0.00105
2.81709,0.00497,0.0069
2.57842,-0.06916,0.00077
2.33167,-0.10937,0
2.10055,-0.01408,0
1.8699,0.08235,0.00099
1.62758,0.02086,0.00247
1.39915,-0.08069,0
1.14959,-0.09557,0
