"Points:0","Points:1","Points:2"
4.00662,-0.0207,0.00079
3.75777,0.00327,2e-05
3.50814,-0.01032,0.00023
3.25869,0.00629,0
3.00935,-0.01177,0.00162
2.7595,-0.00321,0.00164
2.5097,0.00677,0
2.2597,0.00752,7e-05
2.0097,0.00754,0.00119
1.75993,0.01807,7e-05
1.51015,0.00751,0
1.26032,-0.00164,0.00069
1.01182,0.02568,0
