"Points:0","Points:1","Points:2"
4.00106,-0.03775,0
3.75584,0.0109,0.00104
3.50691,-0.01225,0
3.25837,0.01473,0
3.01045,-0.01738,0.0007
2.76076,-0.00504,0.00232
2.51084,0.0011,0.00083
2.26097,0.00875,0.00343
2.01121,0.01918,7e-05
1.76129,0.01268,4e-05
1.51145,0.00387,0
1.2615,-0.00131,3e-05
1.01251,0.02108,2e-05
