"Points:0","Points:1","Points:2"
4.01673,0.00418,0
3.77,0.04449,0.00073
3.53001,-0.0255,0.00319
3.28712,0.03359,3e-05
3.03836,0.05848,0.00017
2.78842,0.0544,0.00371
2.53868,0.06531,0.00011
2.28916,0.08073,0
2.04289,0.03773,0.00189
1.79292,0.0347,0
1.54336,0.04962,0.00052
1.2936,0.03874,5e-05
1.04361,0.04066,0.00145
