"Points:0","Points:1","Points:2"
4.00084,-0.02301,3e-05
3.75536,0.02435,1e-05
3.50661,-0.00058,0.00057
3.25661,-0.00044,0.00022
3.00794,0.02528,1e-05
2.75912,0.00096,0
2.5092,0.00717,0.00093
2.25948,0.01906,0.00157
2.00973,0.00801,0.00017
1.75991,0.01682,0.00315
1.51012,0.00692,0
1.2602,0.00098,0.00129
1.0123,0.0332,0.00422
