"Points:0","Points:1","Points:2"
4.3769,-0.01325,0.00236
4.13223,-0.06457,0
3.8823,-0.05901,7e-05
3.63725,-0.00947,0
3.44259,0.14738,0.00219
3.20568,0.06761,0.00534
2.96459,0.00146,0.00373
2.72624,-0.07393,0.00626
2.47901,-0.11049,0
2.23035,-0.08478,0.00297
1.98039,-0.08775,1e-05
1.73212,-0.05842,0.00016
1.48299,-0.07607,0.01127
