"Points:0","Points:1","Points:2"
4.00135,-0.02702,1e-05
3.75585,0.02021,0.0001
3.50731,-0.00666,0.00164
3.25749,0.00281,0.00011
3.00809,0.02017,0.00068
2.75937,-0.00504,7e-05
2.50971,0.00806,2e-05
2.25971,0.00946,2e-05
2.00974,0.01276,0
1.75974,0.01088,4e-05
1.50978,0.00637,0
1.25981,0.0103,2e-05
1.01017,0.02352,0.00184
