"Points:0","Points:1","Points:2"
4.01201,0.01886,0.0014
3.77481,0.09781,0.00274
3.54337,0.00332,0
3.29357,-0.0066,8e-05
3.04759,0.03805,0.00194
2.80026,0.07444,9e-05
2.55079,0.05858,0.00336
2.30242,0.03025,1e-05
2.05352,0.05357,0.00167
1.8247,-0.04713,3e-05
1.58319,0.01748,0
1.33712,-0.02664,0.00173
1.08797,-0.04717,0.00065
