"Points:0","Points:1","Points:2"
4.01621,-0.98255,0.00084
4.16981,-0.7853,0.0021
4.40002,-0.68785,0.00024
4.61931,-0.5678,0.00059
4.74663,-0.35265,0
4.73104,-0.10313,0.00016
4.71535,0.14637,0
4.75607,0.39303,0
4.56257,0.55128,0.00398
4.32965,0.64201,0
4.11092,0.52118,0.0075
3.95188,0.32836,0.00254
3.81798,0.11724,0.00106
