"Points:0","Points:1","Points:2"
4.00363,-0.02756,0.00253
3.75732,0.01519,0.00428
3.5086,-0.00972,4e-05
3.25936,0.00972,0
3.01062,-0.01527,0.00233
2.76097,-0.00203,0.00111
2.51103,0.00274,0.00276
2.26126,0.01344,0.0011
2.01134,0.00739,0.00207
1.76136,0.01051,0
1.51136,0.0112,0.00016
1.26145,0.00449,0
1.01224,0.02427,6e-05
