"Points:0","Points:1","Points:2"
3.33881,-0.91592,0
3.58878,-0.91259,0
3.83872,-0.90868,0.00423
4.06175,-1.02155,0
4.28352,-1.13695,2e-05
4.53054,-1.17545,1e-05
4.68644,-0.98003,0.00226
4.63147,-0.73616,0
4.43484,-0.58178,0.00206
4.36179,-0.3427,0.00405
4.60746,-0.29643,0.00202
4.85224,-0.34723,0.00135
5.10208,-0.33824,5e-05
