"Points:0","Points:1","Points:2"
4.63595,0.42119,4e-05
4.86275,0.31603,0.00158
4.91683,0.07195,2e-05
4.88725,-0.17629,0.0007
4.78202,-0.40306,0.00166
4.63908,-0.60817,0.00026
4.48238,-0.41338,0.00088
4.54277,-0.17078,0
4.32283,-0.05192,7e-05
4.33007,-0.30182,0.00077
4.46277,-0.51369,2e-05
4.63309,-0.6967,7e-05
4.79467,-0.88747,0.00082
