"Points:0","Points:1","Points:2"
17.6087,0.36738,5e-05
17.3942,0.49579,0.00362
17.147,0.45823,0.00493
16.906,0.52459,0
16.7271,0.69911,0.00104
16.5212,0.84094,1e-05
16.4618,1.08371,0.00652
16.323,1.29151,0.00016
16.1365,1.45801,0.00117
16.0524,1.69342,0.00243
16.1605,1.91885,0.00198
16.2698,2.14367,0
16.4472,2.319,0.01722
