"Points:0","Points:1","Points:2"
4.00777,0.02169,0.00392
3.75931,-0.00576,1e-05
3.50964,-0.01863,0
3.25974,-0.01161,0.00039
3.01068,0.00972,0.00439
2.7607,0.00759,0.00239
2.51071,0.00803,1e-05
2.26141,-0.01068,0
2.01187,-0.02584,0
1.76287,-0.0036,0.00157
1.51334,0.01158,1e-05
1.26352,0.00191,0
1.01352,0.00173,0
