"Points:0","Points:1","Points:2"
4.01199,0.06331,0.00273
3.7632,0.03886,0
3.51735,-0.00651,0
3.26761,0.00478,0.00149
3.0218,0.05032,0
2.77266,0.02962,0
2.52449,-0.00019,0.00516
2.27625,-0.02973,0.0038
2.02901,0.00717,0.0001
1.78073,0.03646,0
1.53092,0.02679,7e-05
1.28102,0.03344,0.00232
1.03158,0.01672,0.00095
