"Points:0","Points:1","Points:2"
4.18148,-0.0046,3e-05
3.98057,-0.15338,0
3.74365,-0.23303,0.00477
3.51756,-0.12643,0.0001
3.4349,0.10951,0.00011
3.2323,0.25598,1e-05
3.09801,0.04512,0.00243
2.93841,-0.1473,5e-05
2.70556,-0.23809,0.0058
2.45628,-0.21989,0.00016
2.20805,-0.19022,0
1.96344,-0.1386,9e-05
1.71489,-0.1117,0
