"Points:0","Points:1","Points:2"
4.03837,-0.02217,1e-05
3.79138,-0.06083,0
3.55398,0.01751,0.00175
3.30914,0.06803,0
3.05928,0.05975,0.00125
2.81777,-0.00483,0
2.58157,-0.08675,0.00034
2.33177,-0.09677,0
2.09039,-0.03168,0.00024
1.86486,0.07618,0
1.62382,0.00984,4e-05
1.39443,-0.08956,0
1.14459,-0.09841,0
