"Points:0","Points:1","Points:2"
4.00596,-0.02169,0
3.75819,0.01168,0
3.50872,-0.00457,0.00121
3.2589,0.0046,0
3.00966,0.02419,0
2.76104,-0.00201,4e-05
2.51114,0.00485,0.00181
2.26129,0.0135,0.00234
2.0113,0.01507,0.00014
1.76137,0.02076,0
1.51181,0.00596,0
1.26183,0.0084,0.00276
1.01222,0.02203,0.00041
