"Points:0","Points:1","Points:2"
4.09545,0.10101,0.00125
3.85554,0.17131,4e-05
3.60743,0.20196,2e-05
3.35797,0.18555,0
3.21218,-0.01751,0.00411
2.96837,0.03759,2e-05
2.72937,0.11095,0
2.48351,0.15623,0
2.2366,0.11702,1e-05
1.9879,0.14247,0.00175
1.79221,-0.01311,0.00135
1.54891,-0.07061,0.00011
1.31399,-0.15588,0.00648
