"Points:0","Points:1","Points:2"
4.04123,0.06614,0
3.79164,0.08042,0.00043
3.54265,0.05794,0
3.29354,0.03687,3e-05
3.04391,0.05059,0.00044
2.79395,0.04653,5e-05
2.54434,0.06056,0.00024
2.29496,0.07808,2e-05
2.04721,0.04473,0.00313
1.7973,0.03833,0.00099
1.54746,0.04732,0.00069
1.30624,0.11299,0
1.05813,0.08233,0
