"Points:0","Points:1","Points:2"
8.06726,2.08863,0.05881
7.8312,2.03021,0.00085
7.5853,1.98511,0
7.39104,1.82776,0.00221
7.15316,1.75092,0.00511
6.90507,1.72017,0.00253
6.69446,1.85485,0
6.53754,2.04946,0.00011
6.33801,2.20008,0.0013
6.09509,2.25912,0
5.84545,2.24784,0.00726
5.61502,2.15113,1e-05
5.38265,2.05914,0.00632
