"Points:0","Points:1","Points:2"
5.7895,1.76192,0.00049
5.7973,1.51204,0
5.84045,1.2658,0.00142
5.82395,1.01635,0.00298
5.89589,0.77694,0
5.97065,0.53838,0.00081
5.98267,0.28867,0.00028
5.91449,0.04816,0.00231
5.7237,-0.11337,1e-05
5.48184,-0.17667,0
5.25563,-0.07023,0
5.05602,0.08029,0
4.87767,0.25542,0.00436
