"Points:0","Points:1","Points:2"
4.01295,0.00791,0.00107
3.7643,0.03384,0.00282
3.51786,-0.0081,0
3.26791,-0.013,0.00047
3.01943,0.01456,4e-05
2.76947,0.01855,0.002
2.51998,0.00258,0.00235
2.27008,-0.0045,0.00271
2.02118,-0.02787,0.00454
1.77149,-0.01631,2e-05
1.52376,0.01724,0.00181
1.27516,0.04363,1e-05
1.02522,0.04795,0.00337
