"Points:0","Points:1","Points:2"
4.64648,0.39323,0
4.86308,0.26839,0.00035
4.92069,0.02512,0
4.92127,-0.22488,2e-05
4.77779,-0.42961,0
4.52781,-0.42659,0
4.47313,-0.1827,0.00542
4.25753,-0.05616,0.00346
4.24194,-0.30566,0.00095
4.45012,-0.44407,0.00037
4.70008,-0.44155,0.00433
4.93274,-0.35006,0.00442
5.1115,-0.17535,0
