"Points:0","Points:1","Points:2"
4.01739,0.0083,8e-05
3.80511,0.14034,0.00035
3.56361,0.07569,0
3.31461,0.05337,1e-05
3.06511,0.03753,0
2.82455,-0.03052,0
2.57464,-0.03718,3e-05
2.33772,0.04262,8e-05
2.09164,-0.00151,0
1.84553,-0.04538,0.00193
1.59617,-0.02749,0.00058
1.34632,-0.0189,0.00037
1.09811,-0.04874,0.00205
