"Points:0","Points:1","Points:2"
4.2471,-0.76724,0.00238
4.35918,-0.54379,0
4.57509,-0.41775,1e-05
4.71608,-0.21131,0.00197
4.74155,0.03739,0.00237
4.58289,0.23058,0.00478
4.42885,0.42742,0
4.23582,0.58626,0.00341
4.04239,0.42792,4e-05
3.93835,0.20059,0.00071
3.94393,-0.04934,0.00016
4.04497,-0.27801,0.00175
4.07017,-0.52673,0
