"Points:0","Points:1","Points:2"
4.52111,-0.16498,0
4.27115,-0.16658,0.00446
4.08573,-0.33421,0
3.83996,-0.37997,4e-05
3.59016,-0.39001,0
3.34052,-0.37655,0
3.15542,-0.20851,0.00111
3.2568,0.02001,0.00183
3.1914,0.2613,0.00049
2.94506,0.30387,0.00183
2.71903,0.19705,0.00128
2.64645,-0.04218,1e-05
2.5853,-0.28459,0
