"Points:0","Points:1","Points:2"
4.71014,0.14826,0
4.77654,-0.09276,0.00122
4.62445,-0.29035,0.0193
4.40355,-0.40582,8e-05
4.1853,-0.52774,4e-05
3.95173,-0.61689,0
4.16934,-0.73997,0.00023
4.35642,-0.57415,0.00023
4.42116,-0.33268,0.00172
4.35046,-0.09288,0.00243
4.18801,0.09714,0.00287
4.01285,0.27551,0.0046
3.81551,0.42893,1e-05
