"Points:0","Points:1","Points:2"
2.42478,-0.88827,0.00321
2.50036,-0.64998,1e-05
2.63203,-0.43747,0.0009
2.87884,-0.47725,0
3.10677,-0.57995,0.00054
3.01229,-0.81141,0.00016
2.86694,-1.01481,6e-05
2.99121,-1.23173,0.00137
3.23302,-1.29519,0.00278
3.47839,-1.24734,4e-05
3.70565,-1.14318,0.0002
3.93446,-1.04503,0.02286
4.13605,-0.90282,0.06333
