"Points:0","Points:1","Points:2"
4.01645,0.00776,1e-05
3.77013,0.05054,4e-05
3.52249,0.01632,7e-05
3.27784,-0.03495,0.0044
3.03469,0.02313,0.00134
2.78728,0.0588,0.0053
2.53746,0.0507,0.00038
2.28788,0.03634,0.00096
2.03845,0.05302,0.00407
1.78922,0.03374,0.00094
1.54014,0.05522,0.00104
1.29112,0.03315,0.0026
1.04139,0.04445,0.00078
