"Points:0","Points:1","Points:2"
4.25472,-0.31535,5e-05
4.10256,-0.11698,0
3.99716,0.10969,0.00347
3.83653,0.30125,0.00433
3.64484,0.46167,2e-05
3.48012,0.64973,0.00162
3.59599,0.42821,0
3.35694,0.35502,0
3.10762,0.33658,0
2.86415,0.27982,0.00034
2.65182,0.41178,0
2.40214,0.39916,0.00021
2.15942,0.33928,0.00161
