"Points:0","Points:1","Points:2"
4.09702,-0.24847,0
4.19637,-0.01906,0.0018
3.9967,0.13137,0.00032
3.7848,0.26393,0.00568
3.58425,0.41311,0.00057
3.41347,0.59568,2e-05
3.46921,0.35197,7e-05
3.23747,0.2582,0
2.98755,0.25179,0.00041
2.74622,0.31704,0.00022
2.49929,0.35613,0.00031
2.24939,0.34898,0
2.00253,0.3095,4e-05
