"Points:0","Points:1","Points:2"
4.31873,-0.03412,2e-05
4.13598,-0.20471,0.00083
3.8992,-0.28495,0.00091
3.64995,-0.30425,0.00055
3.41364,-0.22265,0
3.42015,0.02725,0.00273
3.3474,0.26641,0.00026
3.10521,0.20441,0.0009
2.86455,0.13671,0.00213
2.74291,-0.08169,7e-05
2.52655,-0.20694,1e-05
2.30276,-0.31826,0.00498
2.08649,-0.44368,0.00575
