"Points:0","Points:1","Points:2"
4.17586,-0.18951,0
4.06638,0.03523,0.00239
3.89451,0.21678,0.00117
3.68432,0.35212,0
3.48907,0.50825,4e-05
3.25074,0.43277,0
3.36754,0.21173,0.0008
3.13014,0.13336,0.00017
2.90065,0.23254,0
2.66104,0.30385,0.00016
2.41194,0.32492,0.00218
2.16432,0.29054,5e-05
1.93035,0.20256,0.00387
