"Points:0","Points:1","Points:2"
4.02208,0.01198,9e-05
3.77456,0.04708,4e-05
3.52823,0.00436,0.00014
3.28069,-0.03063,0.00046
3.03807,0.02965,0.00103
2.7897,0.05816,0.00141
2.5398,0.05138,0.00036
2.29005,0.04009,0
2.04029,0.05107,0.00018
1.79075,0.03599,3e-05
1.541,0.04696,0.00296
1.29178,0.02734,0.00131
1.04219,0.03985,0.00806
