"Points:0","Points:1","Points:2"
3.99885,-0.02754,4e-05
3.75396,0.02276,2e-05
3.50566,-0.00625,0.00118
3.2557,-0.00153,1e-05
3.0072,0.02576,0
2.75833,0.00215,0.00228
2.50839,0.00755,0.00082
2.25858,0.01733,0.00221
2.0086,0.01904,0
1.75863,0.01506,8e-05
1.50891,0.00343,0.00234
1.25892,0.00246,0
1.0099,0.02436,0.00258
