"Points:0","Points:1","Points:2"
4.13442,-0.03302,0.00498
3.98723,0.169,0.00016
3.77182,0.29584,0.00321
3.52304,0.27122,0.003
3.27823,0.22052,0.0031
3.03339,0.17007,0.0053
2.78377,0.15727,0
2.54065,0.21552,0
2.29108,0.22983,0.0028
2.04302,0.1988,0.00043
1.80508,0.1221,0
1.62352,-0.04976,0
1.42622,-0.2033,0
