"Points:0","Points:1","Points:2"
3.99863,-0.0292,0.00056
3.7541,0.02281,1e-05
3.50583,-0.00657,0.00072
3.25786,0.02514,0.00257
3.00993,-0.00701,0.00382
2.75996,-0.00595,0.00726
2.51054,0.0111,0.00786
2.26085,0.00159,4e-05
2.01135,0.01749,0
1.76136,0.01518,1e-05
1.51144,0.00892,0
1.26159,0.00036,0
1.01318,0.02859,0
