"Points:0","Points:1","Points:2"
4.64176,0.3965,0.00108
4.85613,0.26795,0.00556
4.90829,0.0235,0.00044
4.91815,-0.2263,0.00068
4.77085,-0.4283,0.00182
4.52114,-0.41641,6e-05
4.47141,-0.17141,0.00119
4.23573,-0.08803,0.00295
4.2464,-0.33768,0.01076
4.45331,-0.47766,0.00106
4.70043,-0.4398,0
4.93469,-0.35251,0.00111
5.11135,-0.17563,0
