"Points:0","Points:1","Points:2"
2.21805,-1.2469,0
1.96832,-1.23532,0
2.17399,-1.0933,0.0052
2.41334,-1.16533,1e-05
2.56986,-0.9704,0
2.752,-0.79918,0.00329
2.75291,-0.5492,0.00011
2.57699,-0.3716,0.00281
2.64415,-0.1308,0
2.88637,-0.06894,0.00058
3.13506,-0.04339,1e-05
3.38293,-0.01082,0.00052
3.63015,0.02622,0.00369
