"Points:0","Points:1","Points:2"
4.00844,0.00571,0.00106
3.76124,0.04298,6e-05
3.51658,-0.00843,0
3.26658,-0.0094,0.00082
3.01682,0.00158,0.00105
2.76701,0.01107,0
2.51738,-0.00269,2e-05
2.26741,-0.00615,0.00051
2.01853,-0.02954,0.00362
1.76939,-0.00886,0.00121
1.52035,0.01271,0.0045
1.27043,0.00796,0.00042
1.02061,-0.00161,0
