"Points:0","Points:1","Points:2"
2.56659,-1.06181,0.00057
2.4647,-0.83352,0.00037
2.49318,-0.58516,0.00326
2.68635,-0.42648,0.00468
2.9334,-0.38817,0.00394
3.17336,-0.45821,0
3.12972,-0.70437,0
2.97993,-0.90452,0.00213
2.90824,-1.14401,0.00333
3.04169,-1.35541,0.00255
3.2866,-1.40511,0.00955
3.52991,-1.34805,0.00275
3.74396,-1.22382,0.03808
