"Points:0","Points:1","Points:2"
4.01387,0.01018,0
3.76844,-0.03736,0
3.51957,-0.01359,0.00027
3.26973,-0.00455,0
3.01991,0.00485,0
2.77158,-0.02384,0.00322
2.52196,-0.01053,0
2.27336,0.01591,0.0011
2.0234,0.01139,0.00012
1.77437,-0.0106,0
1.52613,0.01897,0.0002
1.27766,-0.0087,7e-05
1.03772,-0.0789,0.00168
