"Points:0","Points:1","Points:2"
4.04039,0.06947,0
3.79071,0.08181,0.00229
3.5424,0.05278,0.00329
3.29385,0.02605,4e-05
3.04539,0.05364,0.00211
2.79554,0.0451,0.00014
2.54737,0.07523,0.00174
2.2974,0.0787,0.00014
2.05079,0.03768,0.00029
1.80079,0.03942,0
1.55116,0.05297,8e-05
1.30559,0.09977,0.00208
1.05561,0.10221,0
