"Points:0","Points:1","Points:2"
4.03878,0.06117,0
3.79035,0.08913,0.00081
3.54343,0.05001,0.00024
3.29351,0.04392,0.00176
3.04354,0.04701,0.00014
2.79357,0.05099,0.00012
2.54429,0.07004,0.00012
2.29456,0.08163,0
2.04624,0.05268,0.00044
1.7969,0.03565,0.00656
1.54719,0.04585,0
1.30498,0.10774,0.00121
1.05526,0.09585,0.00031
