"Points:0","Points:1","Points:2"
4.02127,0.00268,0.00166
3.7772,0.05679,0.00106
3.53715,-0.01302,0
3.29129,0.03231,0
3.04274,0.05913,0.00105
2.79291,0.04982,0
2.54383,0.07121,8e-05
2.294,0.08048,0.00049
2.0453,0.05502,6e-05
1.79636,0.03217,0.00294
1.54704,0.05038,0
1.3055,0.11485,2e-05
1.05795,0.07999,0.00262
