"Points:0","Points:1","Points:2"
4.06154,0.05858,0.00012
3.83156,0.15661,0
3.58157,0.15463,0
3.36203,0.03503,2e-05
3.11235,0.02242,0.0006
2.86587,-0.01935,0
2.6235,0.04195,0.0001
2.37541,0.07284,0
2.13243,0.01408,0.00282
1.89989,-0.07765,1e-05
1.65025,-0.06424,0.00169
1.43454,0.06211,0
1.19118,0.11936,8e-05
