"Points:0","Points:1","Points:2"
4.00313,-0.02758,0.0024
3.75718,0.01718,0.00036
3.50869,-0.01029,0
3.25998,0.01505,2e-05
3.01148,-0.01235,2e-05
2.76201,0.00385,0.00035
2.51201,0.00316,7e-05
2.26202,0.00357,0.00223
2.01219,0.01264,0.00026
1.76219,0.01238,0
1.51239,0.00236,0.0002
1.26248,0.00757,0.00421
1.01303,0.02361,0
