"Points:0","Points:1","Points:2"
4.00327,-0.02841,0
3.75665,0.01256,1e-05
3.50722,-0.00429,0
3.2573,0.00198,0.00133
3.00833,0.02466,0
2.75963,-0.00057,0.00293
2.50967,0.00406,0.00381
2.2598,0.01115,5e-05
2.00982,0.01411,0
1.75982,0.01247,0.00012
1.50984,0.01005,0
1.2599,0.00426,0
1.01097,0.02739,0.00054
