"Points:0","Points:1","Points:2"
4.22283,-0.31577,9e-05
4.0982,-0.09905,0
4.02009,0.13844,0.00017
3.8362,0.3078,0.00032
3.63011,0.44931,0
3.4282,0.59672,0.00079
3.48457,0.35317,0.00222
3.24359,0.28664,0.00281
2.99909,0.23453,0
2.76794,0.3297,0.0034
2.52924,0.25546,0
2.28888,0.32419,0
2.0392,0.31156,0
