"Points:0","Points:1","Points:2"
4.01935,0.01333,0.00188
3.771,0.04193,0.00013
3.5238,0.00461,7e-05
3.27734,-0.03734,0
3.03451,0.02207,0.00115
2.78695,0.05693,0
2.53719,0.04661,0.0037
2.2875,0.03473,0
2.03764,0.04319,1e-05
1.78795,0.03089,0
1.53841,0.04604,0.00087
1.28848,0.04004,0.00195
1.03849,0.04192,0.00285
