"Points:0","Points:1","Points:2"
4.89774,0.62479,0
4.69987,0.472,0
4.89151,0.31146,0
5.01961,0.09678,0
5.06953,-0.14818,0.00137
5.05688,-0.39786,0
4.94029,-0.61901,0
4.73492,-0.76156,0.00167
4.49452,-0.83017,0.00026
4.25616,-0.75477,3e-05
4.11532,-0.54822,0
3.88616,-0.44845,0.00561
3.67128,-0.32081,6e-05
