"Points:0","Points:1","Points:2"
4.31007,-0.06647,0
4.08307,-0.17121,0.00019
3.84968,-0.2608,0.00035
3.59992,-0.24965,2e-05
3.39031,-0.11343,0.00252
3.50646,0.10782,0.01
3.31422,0.26755,0.00477
3.07826,0.18504,0.00094
2.86634,0.05242,0.00163
2.66409,-0.09453,1e-05
2.4618,-0.24142,0
2.21792,-0.29643,5e-05
1.96795,-0.29985,0
