"Points:0","Points:1","Points:2"
4.25014,-0.31819,0
4.09786,-0.11992,0.0014
4.00928,0.11386,0.00026
3.83531,0.2934,0.00211
3.65939,0.47101,0.0005
3.48298,0.64815,0.00207
3.63698,0.45122,0.00332
3.40227,0.36517,6e-05
3.15231,0.36092,0
2.90276,0.34584,0
2.65891,0.40093,0
2.41178,0.4387,6e-05
2.178,0.35012,0.002
