"Points:0","Points:1","Points:2"
3.9982,-0.03061,2e-05
3.7542,0.02387,0
3.50711,-0.01413,0.00096
3.25862,0.0133,0
3.00956,-0.00836,3e-05
2.75957,-0.00698,0
2.50993,0.00648,4e-05
2.26015,-0.00402,0.0006
2.01056,0.01029,0
1.76058,0.01181,0.00314
1.51072,0.00404,0
1.26073,0.00375,0.0019
1.01157,0.02419,0.00011
