"Points:0","Points:1","Points:2"
4.17367,0.00693,0.00133
3.97935,-0.15036,0.00199
3.74051,-0.2242,0
3.51287,-0.12106,0.00624
3.43625,0.11683,0
3.21825,0.2392,0.00094
3.09295,0.02287,1e-05
2.92416,-0.16153,0.00253
2.68428,-0.2319,4e-05
2.43827,-0.18742,0
2.1888,-0.17114,1e-05
1.94028,-0.1445,0.0051
1.69172,-0.11818,1e-05
