"Points:0","Points:1","Points:2"
4.01739,0.00633,0
3.81257,0.14968,0
3.57604,0.06875,0.00272
3.32677,0.04962,0.00241
3.07771,0.02809,0
2.83282,-0.0222,3e-05
2.58331,-0.03781,0
2.36026,0.07501,0.00449
2.11999,0.00609,0
1.8865,-0.08328,0.00103
1.65625,0.0141,2e-05
1.40671,0.02885,0.0034
1.1777,0.12908,1e-05
