"Points:0","Points:1","Points:2"
4.00043,-0.02834,0.00295
3.75632,0.02555,0.00013
3.50814,-0.0045,0
3.25857,0.01027,0
3.00923,0.02839,6e-05
2.76016,0.00682,0
2.51048,-0.00587,0
2.26072,0.00494,4e-05
2.01076,0.00945,0
1.76077,0.01125,0.00117
1.51081,0.00771,0.00382
1.26105,-0.00331,0.00354
1.01334,0.0303,3e-05
