"Points:0","Points:1","Points:2"
4.15053,0.008,0
3.91984,0.10433,0.00183
3.72619,0.26243,0.00021
3.47672,0.27739,0.00665
3.25762,0.15716,0.00016
3.00831,0.13856,0
2.76051,0.17163,3e-05
2.51092,0.1859,1e-05
2.26144,0.20206,0
2.01636,0.1527,3e-05
1.78524,0.0574,0.0009
1.56118,-0.05348,0.00012
1.32811,-0.14391,0.00181
