"Points:0","Points:1","Points:2"
4.09658,0.09313,0.00013
3.85765,0.16668,0
3.6094,0.19616,0.00164
3.35944,0.19202,0
3.22056,-0.01586,0.00016
2.97605,0.03626,0
2.73709,0.10973,0.00026
2.49092,0.15333,3e-05
2.2422,0.12813,0.0005
1.997,0.17692,5e-05
1.78354,0.04681,0
1.559,-0.06311,0.0019
1.32276,-0.14487,0
