"Points:0","Points:1","Points:2"
2.4519,-0.9051,1e-05
2.48234,-0.65696,0.00064
2.6139,-0.44438,1e-05
2.86082,-0.48336,0.00284
3.10017,-0.55549,0
3.0845,-0.80497,0.00351
2.88445,-0.95491,0.00492
2.91941,-1.20241,0.00019
3.1338,-1.33099,0.00097
3.37725,-1.27414,0
3.62594,-1.24857,3e-05
3.82217,-1.09367,0
3.98419,-0.90329,0.00204
