"Points:0","Points:1","Points:2"
4.01566,0.01154,0.00207
3.76721,0.03926,6e-05
3.51989,0.00274,0
3.27054,-0.01527,0.0014
3.02208,0.0124,5e-05
2.77214,0.0072,0
2.52219,0.0022,6e-05
2.27221,-0.0016,1e-05
2.02383,-0.02998,3e-05
1.77428,-0.01493,0
1.52538,0.00845,0.00153
1.27743,0.04033,0.0021
1.02749,0.04593,0.00143
