"Points:0","Points:1","Points:2"
3.99769,-0.02908,0
3.75203,0.01728,4e-05
3.50383,-0.01264,0
3.25469,0.00806,0
3.00563,0.02976,0
2.75817,-0.00572,0.00243
2.50865,0.0096,0
2.25873,0.01536,0.00216
2.00873,0.01616,0.00182
1.75875,0.01365,0
1.50965,-0.00758,0
1.25966,-0.0091,0
1.01222,0.02663,1e-05
