"Points:0","Points:1","Points:2"
4.00296,-0.02993,0.00243
3.75703,0.01496,0.00525
3.50875,-0.01419,0.00338
3.25994,0.01,0.00041
3.01108,-0.01314,0.00634
2.76155,0.00078,0
2.51168,0.00908,3e-05
2.26171,0.01225,0.00195
2.01176,0.01651,0
1.76181,0.01134,0
1.5121,-0.00078,6e-05
1.26211,0.00074,0
1.01309,0.02294,2e-05
