"Points:0","Points:1","Points:2"
4.35996,-0.0562,0.00177
4.1709,-0.21977,0.00034
3.92304,-0.25233,0.00213
3.68196,-0.31853,0.00186
3.43409,-0.28608,1e-05
3.2324,-0.13838,0.00312
3.3757,0.06645,0
3.20021,0.2445,0.00138
2.95058,0.2309,1e-05
2.77719,0.0508,1e-05
2.60433,-0.12979,0.0022
2.40889,-0.28568,0.00019
2.20154,-0.42533,0
