"Points:0","Points:1","Points:2"
12.2528,3.62484,0.00075
12.1872,3.3836,0
12.16,3.1351,0.00265
12.1124,2.88968,0.00039
12.0227,2.65634,0.00052
11.9557,2.41547,1e-05
11.7681,2.25023,0
11.5405,2.1469,9e-05
11.2905,2.14608,8e-05
11.0414,2.1242,0.00333
10.8001,2.1895,0.00397
10.6131,2.35532,0.0005
10.4586,2.55136,0.01503
