"Points:0","Points:1","Points:2"
4.02051,0.0048,0.00233
3.77214,0.03332,0.003
3.52262,0.01816,0
3.27742,-0.03061,9e-05
3.03346,0.02402,0
2.78677,0.06455,0.00018
2.53766,0.04486,0.0077
2.28794,0.03585,0.00014
2.03796,0.03254,0
1.78799,0.02859,0
1.53842,0.01391,0.00042
1.28938,0.0358,0.00187
1.03953,0.04426,0.0001
