"Points:0","Points:1","Points:2"
4.03892,0.06514,2e-05
3.78942,0.08081,0.00156
3.53993,0.06484,3e-05
3.29196,0.03307,0.00074
3.04263,0.0514,0
2.79266,0.04765,1e-05
2.5432,0.064,0
2.29355,0.07731,0
2.04547,0.0464,1e-05
1.79616,0.0278,0
1.54723,0.05086,1e-05
1.30188,0.09886,0.00026
1.05202,0.10723,0
