"Points:0","Points:1","Points:2"
4.00131,-0.02722,0
3.75588,0.02013,0.00466
3.50811,-0.01313,0.0043
3.26015,0.01861,0.00137
3.01114,-0.00371,0.00194
2.76115,-0.00318,0.00257
2.51116,-0.00596,0.00193
2.26161,0.00888,0.00417
2.01165,0.01067,0.00023
1.76165,0.01216,0
1.51172,0.00649,0
1.26172,0.00602,3e-05
1.01262,0.02704,0.0029
