"Points:0","Points:1","Points:2"
4.00475,-0.02539,0
3.75913,0.02114,0.00175
3.51037,-0.00369,0
3.26073,0.00976,0
3.01185,-0.01381,6e-05
2.76188,-0.0096,0.001
2.51255,0.0086,0.00011
2.26259,0.01341,4e-05
2.0128,0.00326,4e-05
1.76296,0.01229,0
1.51313,0.00312,8e-05
1.26319,-0.00201,0.00202
1.01466,0.02498,1e-05
