"Points:0","Points:1","Points:2"
4.0008,-0.03621,0.00104
3.75728,0.02014,0.00589
3.50936,-0.01145,8e-05
3.26092,0.01643,0.00121
3.01176,-0.00406,0.0016
2.76177,-0.00169,0.00177
2.51179,0.00099,0.00265
2.26222,0.01567,0.00243
2.01225,0.01193,0.00435
1.76229,0.01468,0.00125
1.51252,0.00401,0
1.26252,0.00483,0.00055
1.01317,0.02252,0.00394
