"Points:0","Points:1","Points:2"
5.71565,0.36262,0.00076
5.5296,0.19563,0.00094
5.31161,0.31802,0.00086
5.07459,0.39754,0
4.8247,0.39261,0.00523
4.57901,0.43856,0
4.35326,0.54585,0.00496
4.14204,0.4122,0
4.00973,0.20009,2e-05
3.88023,-0.01366,0.0067
3.63587,-0.0662,0.00133
3.38772,-0.09659,0.00073
3.14051,-0.13371,0.00346
