"Points:0","Points:1","Points:2"
4.31939,-0.05249,0.00244
4.09509,-0.16286,2e-05
3.86321,-0.25632,0
3.61322,-0.25427,2e-05
3.38874,-0.14423,0
3.49453,0.08228,0.00253
3.32466,0.26569,0.00012
3.08376,0.19886,9e-05
2.84732,0.11762,0
2.73786,-0.10712,0.0029
2.51311,-0.21662,0.00247
2.27671,-0.2979,0
2.07896,-0.45084,0.00193
