"Points:0","Points:1","Points:2"
4.66002,0.40406,3e-05
4.83398,0.22451,0.00173
4.92351,-0.0089,8e-05
4.94757,-0.25774,0
4.74871,-0.40924,0.00133
4.52887,-0.29021,0.00033
4.35508,-0.11052,0.00314
4.20993,-0.31404,0
4.3632,-0.51155,0.00101
4.60255,-0.58371,0.00033
4.7494,-0.38138,7e-05
4.78134,-0.13345,0.00329
4.84984,0.10698,0.00456
