"Points:0","Points:1","Points:2"
4.0397,0.07216,0
3.79002,0.08427,0.00415
3.54095,0.06319,2e-05
3.29356,0.02746,0.00498
3.04421,0.04543,0.00454
2.79427,0.04865,1e-05
2.54526,0.07087,0
2.2955,0.08192,0.00031
2.04786,0.0477,0.00228
1.79817,0.03553,0.0002
1.54835,0.04502,4e-05
1.30242,0.08997,3e-05
1.05262,0.09984,1e-05
