"Points:0","Points:1","Points:2"
4.62544,0.41876,0.00397
4.85582,0.3217,0.00183
4.97541,0.10217,0
4.95933,-0.14731,0
4.94609,-0.39696,4e-05
4.8131,-0.60865,0.00096
4.58975,-0.49641,0.00492
4.48723,-0.2684,0.00455
4.43289,-0.02441,0.00056
4.33809,-0.25574,0
4.45124,-0.47866,0.001
4.58758,-0.68821,2e-05
4.7547,-0.87414,0.00141
