"Points:0","Points:1","Points:2"
2.67646,-1.41744,1e-05
2.42827,-1.44751,0
2.19464,-1.53647,8e-05
1.96439,-1.43908,0
1.80482,-1.24662,0.00097
1.72734,-1.00894,0
1.91009,-0.83834,0.00084
2.09067,-0.66546,0
2.34029,-0.67889,0.00318
2.58967,-0.69626,1e-05
2.74164,-0.89476,0.00045
2.83101,-1.12823,0.00259
2.97314,-1.33389,0.00041
