"Points:0","Points:1","Points:2"
2.11805,-1.22762,0.00221
2.16758,-0.98259,1e-05
2.38519,-0.85952,0
2.44062,-0.61574,2e-05
2.63622,-0.46005,1e-05
2.84821,-0.32755,0.00199
3.09669,-0.35502,0.0009
3.33316,-0.43615,0.00193
3.2335,-0.66542,1e-05
3.21828,-0.91495,7e-05
3.20652,-1.16468,0.00029
3.20302,-1.41461,0.00517
3.28826,-1.64962,0.00327
