"Points:0","Points:1","Points:2"
4.00866,0.06577,0.00518
3.76046,0.03624,1e-05
3.51503,-0.0112,0.00338
3.26942,0.03534,2e-05
3.01995,0.05166,0.00029
2.77014,0.04208,3e-05
2.52464,-0.00518,0
2.27556,-0.02635,0.00317
2.02925,0.01632,0.00056
1.78013,0.03732,0.0001
1.53013,0.0369,0.00066
1.28025,0.0291,0.0004
1.03052,0.01763,0.00191
