"Points:0","Points:1","Points:2"
4.66863,-0.08543,0.00376
4.47764,-0.24671,3e-05
4.23232,-0.29486,0.00176
4.05205,-0.46805,3e-05
3.83912,-0.59905,0
4.08072,-0.53483,0
4.25395,-0.35457,0
4.17824,-0.11631,3e-05
3.95245,-0.00911,0.00522
3.7178,-0.09519,0
3.48644,-0.1899,0.00106
3.26288,-0.3018,0.00119
3.0225,-0.37045,0.00298
