"Points:0","Points:1","Points:2"
4.01777,0.00435,1e-05
3.77132,0.04617,0.0035
3.52393,0.01018,0.00164
3.27775,-0.03336,0.00128
3.03381,0.02133,0.00224
2.7862,0.05573,0
2.53636,0.04673,5e-05
2.28669,0.03388,1e-05
2.037,0.04575,0.00371
1.78727,0.03472,0.00028
1.53733,0.04042,0.00077
1.28744,0.033,0.00195
1.03763,0.0424,0.00384
