"Points:0","Points:1","Points:2"
4.09567,0.09299,3e-05
3.85507,0.16092,1e-05
3.60745,0.1953,5e-05
3.35772,0.18364,3e-05
3.21312,-0.02027,0.00323
2.97303,0.04935,0
2.73263,0.11797,0.00027
2.48687,0.1638,0
2.2389,0.13202,3e-05
1.99164,0.16894,0
1.78118,0.03407,0.0042
1.55355,-0.0692,5e-05
1.31647,-0.14854,0.00176
