"Points:0","Points:1","Points:2"
4.00909,0.00987,0
3.76007,0.03207,0
3.5137,-0.0103,0.00227
3.26372,-0.01266,0
3.01473,0.00978,6e-05
2.76475,0.00842,0.00298
2.51482,0.00331,0.00012
2.26521,-0.0106,0
2.01594,-0.02969,0.00038
1.76717,-0.00489,0
1.51737,0.00518,0
1.26737,0.00553,2e-05
1.01744,9e-05,0.00153
