"Points:0","Points:1","Points:2"
4.00264,-0.02888,2e-05
3.75704,0.0177,0.00354
3.50882,-0.01204,0.00448
3.25997,0.01154,0.00014
3.01043,-0.00361,6e-05
2.7605,0.00244,0
2.51052,-0.00078,0.00049
2.26141,0.02024,0
2.01165,0.00946,0.00259
1.76169,0.01254,7e-05
1.51177,0.00647,0.00233
1.26179,0.00442,2e-05
1.01279,0.02666,0.00246
