"Points:0","Points:1","Points:2"
4.00468,-0.02145,0.0002
3.75706,0.01301,0
3.5079,-0.00741,0.00179
3.25797,-0.00177,0.00348
3.00961,0.02658,5e-05
2.76033,0.0076,6e-05
2.51044,0.00039,0.00188
2.26069,0.01161,0.00213
2.0107,0.01205,6e-05
1.76079,0.01879,0
1.5108,0.01706,0
1.26103,0.00636,3e-05
1.01239,0.03244,0
