"Points:0","Points:1","Points:2"
4.67033,-0.08545,0.0001
4.48033,-0.24794,0
4.23657,-0.30346,7e-05
4.04706,-0.46641,0.00553
3.85164,-0.62223,0
4.08313,-0.52784,0.00022
3.98257,-0.29895,0
3.82294,-0.10655,5e-05
3.58477,-0.18255,2e-05
3.37006,-0.31056,0.00395
3.13972,-0.40765,0
2.92319,-0.53256,0.00349
2.6853,-0.60936,0
