"Points:0","Points:1","Points:2"
4.02666,0.00417,3e-05
3.82569,0.15285,0.00162
3.57578,0.15964,0
3.35208,0.04803,6e-05
3.11202,-0.02178,0
2.86235,-0.00898,0
2.61324,0.01209,0
2.36887,0.06482,0.00093
2.12621,0.00467,0
1.89556,-0.09177,3e-05
1.64916,-0.04953,0.00129
1.42597,0.06312,0.00118
1.17926,0.10353,0.00027
