"Points:0","Points:1","Points:2"
4.67077,-0.08522,0.00281
4.47756,-0.24384,0
4.2339,-0.2998,5e-05
4.05009,-0.46919,0.00432
3.83801,-0.60151,0
4.07903,-0.5352,0.00414
4.25534,-0.35797,0.00213
4.27487,-0.10875,0.0001
4.06629,0.02901,0.00415
3.81641,0.03558,2e-05
3.5763,-0.03404,0.00029
3.36095,-0.16098,0.00306
3.13481,-0.26718,0.01235
