"Points:0","Points:1","Points:2"
4.00235,-0.02618,0
3.75582,0.01534,0.00095
3.50725,-0.01139,3e-05
3.25841,0.01264,2e-05
3.00989,-0.01445,0.00152
2.76027,-0.00068,6e-05
2.51032,0.00414,0
2.26044,0.01041,0.00445
2.01048,0.01028,0
1.76059,0.01746,0.00181
1.51096,0.00376,0.00058
1.26097,0.00257,0.00022
1.01213,0.02666,0
