"Points:0","Points:1","Points:2"
4.01838,0.02643,0
3.77395,-0.02603,0
3.52431,-0.01262,4e-05
3.2745,-0.00274,0
3.0247,0.00726,0.0001
2.77598,-0.01799,0
2.52645,-0.03333,0
2.27672,-0.0218,0
2.02859,0.0087,0
1.77914,-0.00766,0.0032
1.53099,0.02258,0.00546
1.28198,0.0005,0.00233
1.04543,-0.08036,0
