"Points:0","Points:1","Points:2"
4.04067,0.06568,0.00011
3.79133,0.08386,1e-05
3.54255,0.05928,0.0015
3.29417,0.03108,0.00469
3.04547,0.05611,0
2.79553,0.05044,1e-05
2.54562,0.05714,0.00078
2.29707,0.08401,2e-05
2.04991,0.04645,0.00046
1.80009,0.03694,0.0009
1.5503,0.04706,0.00015
1.30608,0.10051,0.00013
1.05659,0.08447,0
