"Points:0","Points:1","Points:2"
4.21833,0.01118,0.00182
4.06298,-0.18469,0.00084
3.83262,-0.28181,0
3.58531,-0.24546,0.00404
3.39726,-0.08075,0.00092
3.50505,0.14482,1e-05
3.26597,0.21787,0.00231
3.02802,0.14118,0.00278
2.84705,-0.03128,6e-05
2.65484,-0.19113,0
2.40918,-0.23738,0.00385
2.16282,-0.27988,0.00362
1.91521,-0.24559,0
