"Points:0","Points:1","Points:2"
4.09456,0.09882,0.00499
3.85512,0.17053,0
3.60599,0.19139,0.00102
3.35646,0.17609,0.00144
3.2124,-0.02822,0.00011
2.97345,0.04528,0.0015
2.7335,0.11545,0.00034
2.48758,0.16041,0
2.23937,0.13056,3e-05
1.99009,0.14963,0
1.79465,-0.00627,1e-05
1.55412,-0.07441,0
1.31661,-0.15246,0
