"Points:0","Points:1","Points:2"
4.00059,-0.03288,0
3.7562,0.01981,0.00017
3.50803,-0.01032,0.00175
3.25885,0.00975,0
3.00962,-0.00989,0
2.76,0.0038,0.00185
2.51014,-0.00438,0.00083
2.26055,0.00985,0.00226
2.01064,0.01641,0.00049
1.76064,0.01508,0.00191
1.51069,0.01033,0.00181
1.26074,0.00576,2e-05
1.0113,0.02256,0
