"Points:0","Points:1","Points:2"
6.68859,1.67174,0.00019
6.45607,1.76357,0
6.2953,1.95502,9e-05
6.12827,2.14086,0.00836
5.88085,2.17568,2e-05
5.63954,2.11038,0.00222
5.56169,1.87283,3e-05
5.71124,1.67249,0
5.8251,1.44992,0
5.71298,1.22647,0.00126
5.60009,1.00343,0.00413
5.50653,0.77163,2e-05
5.41432,0.53926,0.00025
