"Points:0","Points:1","Points:2"
4.1177,-0.01562,0
3.92069,0.13823,0.00433
3.7052,0.26489,0
3.45848,0.30527,0.00104
3.25861,0.15512,0
3.00889,0.14319,0.00055
2.76135,0.17813,2e-05
2.51196,0.19542,0.00265
2.26201,0.19051,0.00438
2.01468,0.15431,0.00033
1.78638,0.05244,0
1.55957,-0.05266,0.00339
1.3269,-0.14405,0
