"Points:0","Points:1","Points:2"
4.55248,-0.16297,0
4.30279,-0.1505,5e-05
4.10297,-0.30068,0.00421
3.89124,-0.43356,0.00082
3.64127,-0.43748,0
3.39296,-0.40849,4e-05
3.15796,-0.3232,0
3.17224,-0.07361,0.00085
3.22123,0.17153,0.00288
2.97226,0.19411,0.00397
2.73139,0.26105,0.00198
2.63333,0.03109,0
2.65018,-0.21829,0.00515
