"Points:0","Points:1","Points:2"
4.00364,-0.02462,0
3.75651,0.01315,1e-05
3.50777,-0.01192,0
3.25904,0.01317,7e-05
3.01095,-0.01771,0
2.76139,-0.00331,0.00366
2.51173,0.00906,0
2.26173,0.01019,0.00026
2.01173,0.00886,0
1.76174,0.01043,0.00028
1.51183,0.00379,0
1.26187,-0.00102,0.0008
1.01363,0.02854,0.0021
