"Points:0","Points:1","Points:2"
16.6835,0.92363,0.00213
16.5631,1.14272,0.0001
16.4371,1.35865,0.00126
16.3287,1.58392,0
16.3412,1.83359,0.00252
16.3766,2.08106,0
16.4461,2.32105,0.00858
16.4615,2.57051,0.00301
16.4068,2.81443,0
16.3611,3.06022,2e-05
16.1518,3.19695,2e-05
15.9067,3.24648,1e-05
15.657,3.2365,0.00359
