"Points:0","Points:1","Points:2"
4.04266,0.06858,0
3.79293,0.08025,0
3.54365,0.06126,6e-05
3.29552,0.03077,0
3.04662,0.05424,7e-05
2.79666,0.05012,0.00016
2.54714,0.06566,7e-05
2.29715,0.06798,0
2.04758,0.05385,0.00418
1.7984,0.03414,8e-05
1.54917,0.05375,3e-05
1.30417,0.10307,0.00662
1.05436,0.09596,0
