"Points:0","Points:1","Points:2"
4.24741,-0.31623,0.00141
4.08895,-0.12287,0.00237
4.01404,0.11563,8e-05
3.85265,0.30656,0
3.66172,0.46787,0.00496
3.46491,0.62199,0.00116
3.69315,0.51997,0.00185
3.51949,0.34014,3e-05
3.26985,0.32718,0.00322
3.02531,0.37907,0.00038
2.78336,0.442,0
2.53518,0.47198,0.00249
2.2884,0.43199,0.00381
