"Points:0","Points:1","Points:2"
4.0036,-0.02675,1e-05
3.7573,0.01581,0.00475
3.50903,-0.01315,0
3.25993,0.0081,3e-05
3.0101,-0.00119,1e-05
2.76014,0.00222,0.00221
2.51016,-0.00074,0.0003
2.2605,0.01232,0
2.01057,0.0066,0.00033
1.76075,0.01618,0
1.51082,0.01021,0.00017
1.26159,-0.00934,0
1.01492,0.0313,0.00092
