"Points:0","Points:1","Points:2"
4.02086,0.00094,1e-05
3.80517,0.12735,0.00125
3.56147,0.07163,0.00305
3.31334,0.04126,1e-05
3.06336,0.04495,1e-05
2.82805,-0.03946,1e-05
2.57806,-0.03728,0.00157
2.34246,0.04634,5e-05
2.09685,-0.00029,0
1.85121,-0.04678,0.0004
1.60167,-0.0316,0
1.35285,-0.00739,0.0002
1.10709,-0.05323,0.00017
