"Points:0","Points:1","Points:2"
6.30536,2.02021,0
6.09188,2.15029,0.0023
5.85513,2.07001,0.00038
5.94173,1.8355,0.00192
6.07584,1.62451,0.00146
6.0918,1.37512,0.00874
5.90404,1.21024,0.00102
5.67647,1.10674,0.00038
5.56369,0.88362,2e-05
5.67522,0.65988,0
5.81247,0.45101,0.00594
6.01284,0.30155,0.00202
6.18142,0.11701,0.00703
