"Points:0","Points:1","Points:2"
4.68605,-0.01946,0.00252
4.62146,-0.26096,0.00015
4.37699,-0.31323,0.00148
4.14026,-0.23286,0
3.96949,-0.41544,0.00074
4.07233,-0.6433,0
4.24542,-0.46305,0.00711
4.44246,-0.30935,0
4.46601,-0.06046,0.001
4.33841,0.15452,0
4.09658,0.21787,0.002
3.84658,0.21749,0.0027
3.60486,0.15369,0.00321
