"Points:0","Points:1","Points:2"
4.03869,0.07253,0.0015
3.78919,0.08821,0
3.54079,0.06021,0.00318
3.29344,0.02399,0.00017
3.04544,0.05555,0
2.79562,0.04602,1e-05
2.54754,0.07688,0
2.29754,0.07724,0.00016
2.04968,0.04461,0.0003
1.79986,0.03536,0.00306
1.55049,0.05284,0
1.30383,0.09354,0.00011
1.05426,0.10815,0.00063
