"Points:0","Points:1","Points:2"
4.67534,0.01563,0.00265
4.69158,-0.23383,0
4.49805,-0.39209,2e-05
4.24957,-0.41957,1e-05
4.00684,-0.3601,0.00677
4.02345,-0.60946,0
4.26078,-0.53087,0
4.38657,-0.31484,0.00233
4.45864,-0.07546,0
4.35107,0.15021,0
4.11224,0.2241,3e-05
3.86355,0.24943,0.00285
3.61474,0.22524,2e-05
