"Points:0","Points:1","Points:2"
4.01094,0.00562,0
3.76314,0.03869,0
3.51452,0.01243,1e-05
3.26549,-0.00957,0.00019
3.01594,0.00529,0.00163
2.766,0.00017,3e-05
2.51612,-0.00773,0
2.26626,-0.01566,0.00212
2.01641,-0.02415,0.00029
1.76713,-0.0051,0.0001
1.51736,0.00547,0.00093
1.26765,-0.00657,0.00018
1.01785,0.00302,0.00285
