"Points:0","Points:1","Points:2"
7.57601,2.0512,2e-05
7.42299,1.85349,0
7.18229,1.78596,0.001
6.94738,1.70045,0.00295
6.70112,1.74344,1e-05
6.51801,1.91361,0.00365
6.31068,2.05329,0.00196
6.15232,2.24672,0
5.91037,2.30962,0.00203
5.72004,2.14754,0.00414
5.60293,1.9267,0
5.52847,1.68813,0.00598
5.41617,1.46497,0.01538
