"Points:0","Points:1","Points:2"
4.01246,0.01015,1e-05
3.79517,0.13377,0.00189
3.55893,0.052,7e-05
3.30895,0.04828,0.00069
3.06218,0.00827,0
2.81235,-0.00107,0.00039
2.56243,0.0052,0.00116
2.31325,0.02542,0.00016
2.06363,0.039,0.00128
1.83739,-0.06738,0
1.59019,-0.03067,0.00666
1.34052,-0.01962,0
1.09248,-0.05082,0
