"Points:0","Points:1","Points:2"
4.00931,0.0121,1e-05
3.76011,0.03203,0.00244
3.51284,-0.00472,9e-05
3.26287,-0.00803,0.0027
3.01325,0.00539,4e-05
2.76325,0.00667,9e-05
2.51359,-0.00622,0.00198
2.26367,-0.01227,8e-05
2.014,-0.02507,8e-05
1.76479,-0.00519,0
1.5153,0.01083,7e-05
1.26564,-0.00205,0
1.01568,-0.00695,2e-05
