"Points:0","Points:1","Points:2"
4.04373,-0.02137,0
3.80016,-0.07768,6e-05
3.56405,0.00451,0.00056
3.32421,0.07503,0.00041
3.07613,0.04408,0
2.83513,-0.02239,0.00065
2.5878,-0.05876,0.00269
2.34343,-0.11144,0.00535
2.12286,0.00614,0.00048
1.8772,0.05252,0.0002
1.62965,0.01768,0.00296
1.39801,-0.07629,8e-05
1.15177,-0.11948,6e-05
