"Points:0","Points:1","Points:2"
4.20867,-0.08018,0.00182
4.0362,0.1008,0
3.8166,0.22027,0.00028
3.59778,0.34117,0
3.38543,0.47311,3e-05
3.22995,0.27734,0.0013
3.32673,0.04687,0.00524
3.09139,0.13105,0
2.8555,0.21382,0.00214
2.60834,0.25142,0.0033
2.36814,0.32063,0
2.12947,0.24624,0
1.89946,0.14829,0.00065
