"Points:0","Points:1","Points:2"
4.01496,0.00707,0.00273
3.80355,0.14051,0.00298
3.56499,0.0658,0
3.31644,0.039,0.00195
3.06764,0.01448,0.00228
2.82009,-0.02031,2e-05
2.57019,-0.01314,6e-05
2.32491,0.03519,0.0003
2.07523,0.02257,0.00096
1.83918,-0.05977,0
1.59183,-0.02344,0.00073
1.34202,-0.01366,7e-05
1.09436,-0.04771,0.00215
