"Points:0","Points:1","Points:2"
16.572,1.76347,2e-05
16.4779,1.99509,0
16.4639,2.2447,0.0001
16.5506,2.47918,0.00061
16.5087,2.72564,0
16.2962,2.85728,0.00468
16.1066,3.02014,0
16.0608,3.2659,0.00214
16.0567,3.51586,0.00245
15.8776,3.68986,0.01491
15.6484,3.78852,0.00021
15.4133,3.87361,0.00066
15.1651,3.84334,0.00035
