"Points:0","Points:1","Points:2"
4.0095,0.01072,0
3.76028,0.03056,6e-05
3.51518,-0.01869,4e-05
3.26518,-0.01772,0.00012
3.01659,0.00879,0.0001
2.7666,0.00819,6e-05
2.51668,0.00213,0.00279
2.26691,-0.00854,0.00406
2.01761,-0.02711,0.00259
1.76798,-0.01366,0.00028
1.51905,0.00947,0
1.26912,0.00384,3e-05
1.0192,-0.00271,0
