"Points:0","Points:1","Points:2"
4.00211,-0.02715,0.00342
3.75644,0.01919,0.0039
3.50829,-0.01087,8e-05
3.25938,0.01245,0
3.0103,-0.00835,0.0052
2.76038,-0.00474,0
2.51041,-0.00089,2e-05
2.261,0.01638,0
2.01101,0.01446,0.00029
1.76103,0.01108,0.00016
1.51112,0.00448,0
1.26116,0.00897,2e-05
1.01145,0.021,0
