"Points:0","Points:1","Points:2"
4.66184,-0.08365,0
4.47628,-0.25117,2e-05
4.23044,-0.29659,1e-05
4.04675,-0.46618,0
3.84032,-0.60719,0.00206
4.07768,-0.52872,0
4.19547,-0.30821,0.00133
4.0179,-0.13229,0.00625
3.76798,-0.13134,1e-05
3.53054,-0.20949,0.00377
3.31779,-0.34072,0
3.11761,-0.49048,0.00081
2.89766,-0.60931,0.00253
