"Points:0","Points:1","Points:2"
4.01627,0.01309,0.00012
3.76856,0.0469,1e-05
3.52287,0.00071,0.00013
3.27369,-0.01915,0.00422
3.02929,0.03335,0.00036
2.7793,0.03291,0
2.53134,0.00105,0.00192
2.28165,-0.01126,8e-05
2.03222,-0.02796,0.00219
1.78223,-0.0271,3e-05
1.53405,0.00304,2e-05
1.28563,0.03101,0.00182
1.0358,0.04012,0.00324
