"Points:0","Points:1","Points:2"
4.01748,0.00594,0
3.76894,0.03293,0
3.52252,-0.00903,0.00342
3.2726,-0.00252,0.00336
3.02293,0.01005,0.0011
2.77296,0.00624,0.00031
2.52296,0.00759,0.0008
2.27368,-0.0113,0
2.02419,-0.02736,0.00033
1.77447,-0.01558,0
1.52617,0.01346,0.00165
1.27741,0.03838,0.00189
1.0275,0.04475,0
