"Points:0","Points:1","Points:2"
4.04196,0.07121,0.00322
3.79214,0.08064,0.005
3.54309,0.05948,0.00011
3.29446,0.03332,0
3.04539,0.05485,5e-05
2.79543,0.05026,2e-05
2.54545,0.05343,0
2.29662,0.07754,0.00046
2.04811,0.05028,0.00013
1.79833,0.03969,0.00075
1.54864,0.05205,0.00187
1.30239,0.09517,0
1.05245,0.10057,0
