"Points:0","Points:1","Points:2"
4.00356,-0.02574,0.00733
3.75542,0.00382,4e-05
3.50589,-0.01073,0.00506
3.25696,0.01184,9e-05
3.00789,-0.00964,0
2.75797,-0.00348,4e-05
2.50815,0.00605,0
2.25815,0.00465,0.00132
2.00826,0.01188,0
1.75831,0.00701,0.00101
1.50833,0.0037,0
1.25834,0.00457,2e-05
1.0091,0.0241,0.00128
