"Points:0","Points:1","Points:2"
4.00414,-0.02278,1e-05
3.75741,0.01749,2e-05
3.50906,-0.01124,0
3.26031,0.01369,0.00018
3.01191,-0.0145,0.00198
2.76205,-0.00599,0.00256
2.51228,0.00438,0
2.26238,0.01134,0.00051
2.01238,0.01019,0.00087
1.76241,0.01406,0.00019
1.51247,0.00913,0.00199
1.26277,-0.00316,0.00211
1.01428,0.02421,0
