"Points:0","Points:1","Points:2"
4.00729,0.0048,0.00236
3.75844,0.02862,5e-05
3.51199,-0.01281,0.00696
3.26209,-0.01192,4e-05
3.01355,0.015,0.00029
2.76378,0.00441,0.00211
2.51379,0.00311,0
2.26402,-0.00775,4e-05
2.01461,-0.02483,0
1.76575,-0.00104,0.00215
1.51606,0.01114,3e-05
1.26617,0.00358,0
1.01623,-0.00165,0.00096
