"Points:0","Points:1","Points:2"
4.36225,-0.05431,0.00056
4.1891,-0.23464,0.00133
3.94234,-0.27475,0.00211
3.69832,-0.3291,0.00226
3.45315,-0.28023,0.00132
3.2263,-0.17516,0.00283
3.37933,0.02252,0
3.23103,0.22379,0
2.9812,0.233,0.0001
2.77907,0.0859,0
2.6291,-0.11411,0.00337
2.44704,-0.28543,0.00441
2.24086,-0.42679,0.00214
