"Points:0","Points:1","Points:2"
4.66814,-0.08448,0.0035
4.47393,-0.24188,0
4.23054,-0.29897,1e-05
4.02782,-0.44528,1e-05
3.88684,-0.65174,3e-05
3.97557,-0.41801,2e-05
3.73754,-0.34177,0.00507
3.49395,-0.39801,0.00305
3.24672,-0.43508,0.00345
3.00378,-0.37617,3e-05
2.83421,-0.19246,0.00014
2.68705,0.00964,0
2.57014,0.23062,0
