"Points:0","Points:1","Points:2"
4.00802,0.0079,0
3.75834,0.02053,0
3.51135,-0.01814,5e-05
3.26144,-0.01126,0.00019
3.01237,0.01023,0
2.76237,0.00891,0.00029
2.51238,0.01085,0.00036
2.26272,-0.00227,0.00152
2.01346,-0.02133,7e-05
1.76397,-0.0053,0
1.51414,0.00396,0.0013
1.26437,-0.00657,0.00024
1.01445,-0.0001,4e-05
