"Points:0","Points:1","Points:2"
4.01781,0.00502,0
3.77227,0.052,4e-05
3.52634,0.00707,1e-05
3.27991,-0.03502,0
3.03553,0.0177,0.00126
2.78852,0.05622,0.00029
2.5386,0.0499,0
2.28892,0.0372,0
2.03919,0.04878,6e-05
1.78949,0.03694,0.00308
1.5397,0.04663,0
1.2913,0.01837,0.00043
1.04253,0.04316,3e-05
