"Points:0","Points:1","Points:2"
4.00818,-0.01935,0
3.75966,0.00775,0
3.51005,-0.00622,3e-05
3.26054,0.00937,0.00192
3.01185,-0.01618,0.00109
2.76231,-0.00105,0
2.51232,0.00101,4e-05
2.26242,0.00804,0.00104
2.01242,0.0088,0.00113
1.7627,0.02068,0.00093
1.5128,0.0137,0.00074
1.26288,0.00942,0.00552
1.01343,0.025,0
