"Points:0","Points:1","Points:2"
4.01714,0.00816,0
3.77076,0.05056,3e-05
3.53186,-0.02309,0.00155
3.28776,0.03086,0.00026
3.03888,0.05447,1e-05
2.78895,0.04841,2e-05
2.54073,0.07816,0.0005
2.29074,0.08093,9e-05
2.04382,0.04182,0
1.79396,0.03347,3e-05
1.54449,0.04948,0.00284
1.29577,0.02429,0.00061
1.04715,0.05052,0.0001
