"Points:0","Points:1","Points:2"
4.70022,0.17314,0.00293
4.80459,-0.05402,0.00184
4.66232,-0.25958,2e-05
4.44088,-0.37549,0.00552
4.19852,-0.43665,0.00095
3.98586,-0.56807,0.00344
4.15905,-0.74833,1e-05
4.36559,-0.60747,0
4.43674,-0.36781,0
4.37299,-0.12609,0.00282
4.19152,0.04585,0.00012
4.01469,0.22256,0.00183
3.85234,0.41263,0.00596
