"Points:0","Points:1","Points:2"
4.182,-0.20238,0.00082
4.08924,0.02977,1e-05
3.94903,0.23674,0.00265
3.71888,0.33434,0.00088
3.49441,0.4444,0.00012
3.24983,0.4962,1e-05
3.46239,0.3646,0.00127
3.23627,0.25797,0
2.98687,0.24066,0.0006
2.74919,0.31816,0.0022
2.50201,0.35557,0.00382
2.25228,0.3446,0.00017
2.0054,0.3053,0.00308
