"Points:0","Points:1","Points:2"
4.1064,0.00423,0
3.88526,-0.11236,0.00253
3.63604,-0.09281,0.0051
3.46949,0.0936,0.00202
3.21966,0.10262,0
3.01704,-0.0438,0.0023
2.80933,-0.1829,0
2.57806,-0.27784,0
2.40528,-0.09716,0.00147
2.21551,0.06558,0
1.98232,0.15571,0
1.73253,0.16585,0
1.49231,0.09664,0.00157
