"Points:0","Points:1","Points:2"
4.59539,-0.12882,7e-05
4.35779,-0.20641,0.00511
4.11417,-0.2623,0
3.89994,-0.39116,4e-05
3.66241,-0.46914,0
3.41597,-0.4271,0.00045
3.16932,-0.38633,0
3.18501,-0.13683,0.00011
3.24591,0.10562,0.00337
3.08055,0.29309,0
2.87534,0.43581,0.00433
2.62656,0.46044,0.00522
2.37726,0.44239,0
