"Points:0","Points:1","Points:2"
4.01,0.00822,0
3.76166,0.03687,0.00313
3.51502,-0.00395,0.00135
3.26554,-0.02006,0.00185
3.0178,0.01339,7e-05
2.76797,0.00408,0
2.51798,0.00288,0.00027
2.26818,-0.00721,0.00109
2.0188,-0.02479,0.00013
1.76991,-0.00132,0
1.52013,0.00922,0.00024
1.27029,0.00035,0.00228
1.0203,-3e-05,0.00055
