"Points:0","Points:1","Points:2"
4.89582,0.60528,0
4.71331,0.43444,0.00225
4.91488,0.28656,0.00112
5.04573,0.07354,0
5.08233,-0.17377,3e-05
4.99808,-0.40913,0.00165
4.86101,-0.61821,0.00219
4.63904,-0.73253,0.01483
4.39438,-0.68335,0
4.20258,-0.523,4e-05
4.19482,-0.27313,0.00192
4.26024,-0.03184,0.00191
4.40513,0.17189,0
