"Points:0","Points:1","Points:2"
4.00515,0.0096,4e-05
3.75814,0.04819,0
3.51501,-0.01,7e-05
3.26501,-0.00989,1e-05
3.01535,0.0031,0
2.76547,0.01114,1e-05
2.51598,-0.00481,0
2.26614,-0.01364,2e-05
2.0164,-0.02498,0.00134
1.76705,-0.00699,2e-05
1.51727,0.0034,0
1.26734,-0.00239,0.00158
1.01736,0.0008,0.00148
