"Points:0","Points:1","Points:2"
4.23348,-0.00114,0.00368
4.00162,0.09226,2e-05
3.79572,0.234,0.00372
3.56975,0.3409,3e-05
3.33767,0.43382,4e-05
3.26877,0.1935,0.00014
3.05586,0.06247,0
2.82383,0.15554,1e-05
2.57864,0.20435,3e-05
2.32932,0.1863,0.00419
2.07977,0.17195,4e-05
1.82999,0.16155,0.00065
1.58373,0.11844,6e-05
