"Points:0","Points:1","Points:2"
4.7739,0.59349,0.00134
4.807,0.3457,0
4.96315,0.15046,3e-05
5.01796,-0.09346,0
4.99728,-0.34259,0.0022
4.82563,-0.52434,0
4.61757,-0.66292,0.00232
4.54056,-0.42508,3e-05
4.3913,-0.22455,0.0031
4.20902,-0.06373,0.06151
4.03142,0.09292,0.14163
3.85877,0.25134,0.22877
3.68446,0.42073,0.28726
