"Points:0","Points:1","Points:2"
4.0039,-0.02879,4e-05
3.75768,0.01451,0.00158
3.50872,-0.00824,0.00047
3.25925,0.00806,0
3.01019,-0.01359,0.00164
2.76072,0.00255,0
2.51076,0.00692,0.00011
2.26092,0.01596,0.00011
2.01096,0.01766,0.00451
1.76114,0.00927,0.0001
1.51122,0.00328,0.0022
1.26124,0.0008,0.00081
1.01212,0.02174,8e-05
