"Points:0","Points:1","Points:2"
4.04115,0.07593,0
3.79122,0.08193,6e-05
3.54252,0.05658,0.00289
3.29384,0.03097,0.00082
3.0448,0.05272,0.00259
2.79494,0.04481,0.00017
2.54624,0.07026,1e-05
2.29641,0.07961,0.00015
2.04882,0.04498,0
1.79899,0.03563,0
1.54947,0.05111,9e-05
1.30388,0.09782,0.00012
1.05393,0.0924,4e-05
