"Points:0","Points:1","Points:2"
4.66761,-0.09168,0
4.47794,-0.25455,1e-05
4.23035,-0.2891,0.00237
4.05917,-0.47128,0
3.85492,-0.61544,0
3.7143,-0.40873,1e-05
3.51208,-0.55572,2e-05
3.26208,-0.55547,0
3.08877,-0.37529,0
2.96664,-0.15715,0.00064
3.03222,0.08409,0.00153
2.90817,0.30114,0
2.80182,0.5273,0.00622
