"Points:0","Points:1","Points:2"
4.0024,-0.02846,0.00448
3.75526,0.009,0
3.50662,-0.01696,0.00184
3.25732,0.00152,0.00477
3.00859,0.02632,0.00092
2.75991,0.00066,0.0013
2.50992,-0.00236,0.0013
2.26032,0.01166,0.00172
2.01037,0.00659,0.00038
1.76038,0.00436,4e-05
1.51043,-0.00036,0
1.2605,0.00563,0.00055
1.01081,0.01799,5e-05
