"Points:0","Points:1","Points:2"
4.66691,0.40973,0.00549
4.83912,0.22854,0.00142
4.91782,-0.00875,0.00212
4.94655,-0.25708,4e-05
4.76169,-0.42536,0.00302
4.5486,-0.29463,0.00026
4.40129,-0.09266,0.00198
4.2219,-0.26678,0.00148
4.27801,-0.5104,0
4.52348,-0.55769,0.0027
4.76676,-0.50018,0
4.95739,-0.33845,0.00194
5.13977,-0.16748,0
