"Points:0","Points:1","Points:2"
4.00324,-0.02176,1e-05
3.75683,0.02045,0
3.50813,-0.005,2e-05
3.25879,0.01322,0
3.00888,0.01957,0.00189
2.75998,-0.00378,0
2.51002,0.00055,6e-05
2.26032,0.01282,0
2.01044,0.00495,1e-05
1.76058,0.01253,0.00355
1.51063,0.01545,0
1.26084,0.00501,0
1.01238,0.0327,0
