"Points:0","Points:1","Points:2"
4.24555,-0.31547,0.00184
4.0819,-0.12648,9e-05
4.00658,0.1119,4e-05
3.83786,0.29639,0
3.65594,0.46787,0
3.47627,0.6417,0.00015
3.66062,0.47284,3e-05
3.43598,0.36315,0.00148
3.18626,0.37491,0
2.93639,0.36675,0.00074
2.68863,0.40015,0.0001
2.43864,0.39966,0.00099
2.19132,0.36355,0.00643
