"Points:0","Points:1","Points:2"
4.15215,0.01782,0.003
3.99484,-0.17646,0
3.7543,-0.2446,0
3.53161,-0.13099,0
3.43288,0.09869,1e-05
3.24529,0.26395,0
3.09376,0.06511,0
2.97884,-0.15691,0
2.74184,-0.2364,0.00363
2.49208,-0.22617,0
2.24242,-0.2135,0.00272
1.99685,-0.16663,0.00115
1.75615,-0.09911,0.00114
