"Points:0","Points:1","Points:2"
4.0444,-0.02611,0.00325
3.79731,-0.06401,0.00023
3.55923,0.01227,0
3.30984,0.0296,0.0017
3.05984,0.03141,0.00127
2.81093,0.00816,0
2.57778,-0.08207,0.00013
2.32813,-0.06886,0
2.08007,-0.03778,0.0002
1.85175,0.06398,0.00364
1.60475,0.02553,0.00012
1.36675,-0.05102,3e-05
1.11992,-0.09057,0.00346
