"Points:0","Points:1","Points:2"
4.14429,-0.00413,0
3.95017,-0.16165,0.00117
3.70358,-0.1205,0
3.53751,0.06637,0.00027
3.29082,0.10693,1e-05
3.05127,0.03542,0.0023
2.85943,-0.12486,0
2.63891,-0.24261,0.00284
2.40799,-0.14693,0.00732
2.23578,0.03428,0.00467
2.01918,0.1591,0.00265
1.77708,0.22145,0.00195
1.56378,0.09105,0.00334
