"Points:0","Points:1","Points:2"
4.04192,0.07118,2e-05
3.7925,0.08816,3e-05
3.54473,0.05486,0.00198
3.29574,0.03249,9e-05
3.04643,0.05078,0.00298
2.79653,0.04404,0
2.54715,0.06159,0
2.29718,0.06563,0.00024
2.04818,0.04347,0.00228
1.79833,0.03497,0.00053
1.54866,0.04756,0.00312
1.30431,0.10035,0
1.05435,0.09633,3e-05
