"Points:0","Points:1","Points:2"
4.00944,0.02103,0.00013
3.75954,0.02807,0
3.51301,-0.01346,5e-05
3.26301,-0.01487,0.00039
3.01509,0.01727,0
2.76516,0.01111,0.00028
2.51524,0.00517,0.00047
2.26545,-0.00531,0
2.01633,-0.02626,0.00029
1.76706,-0.00719,1e-05
1.51735,0.00477,5e-05
1.2675,-0.00388,0
1.01751,-0.00181,6e-05
