"Points:0","Points:1","Points:2"
4.00392,-0.02529,0
3.75686,0.01291,0.0012
3.50785,-0.00931,0.0012
3.25817,0.00338,5e-05
3.00909,0.02481,0.00039
2.76079,-0.00425,5e-05
2.51133,0.01227,0
2.26137,0.01638,1e-05
2.01158,0.00598,0.0001
1.76168,0.01278,0.00067
1.51201,-8e-05,0.0001
1.26202,0.00034,0.0022
1.01353,0.0278,0.00053
