"Points:0","Points:1","Points:2"
4.04026,0.06852,0.00395
3.79085,0.08571,0.00376
3.54184,0.06381,0
3.29405,0.03065,0
3.04427,0.04114,0
2.79439,0.049,1e-05
2.54483,0.06375,2e-05
2.29513,0.07605,1e-05
2.0471,0.04474,2e-05
1.79736,0.03419,0.0043
1.54766,0.04619,0.00214
1.30517,0.10696,0
1.05563,0.09202,0.00321
