"Points:0","Points:1","Points:2"
4.89937,0.60439,0
4.70699,0.44475,3e-05
4.91038,0.29938,1e-05
5.04996,0.09197,4e-05
5.07629,-0.15664,0
4.99588,-0.39335,1e-05
4.85979,-0.60307,0
4.63285,-0.70793,0.00126
4.38515,-0.74173,3e-05
4.21509,-0.55848,0.00062
4.1797,-0.311,0.00025
4.29793,-0.09072,0.00042
4.34483,0.1546,0.01137
