"Points:0","Points:1","Points:2"
4.66706,-0.08642,0
4.47663,-0.24839,3e-05
4.23142,-0.2971,0
4.04937,-0.46843,0.0027
3.8457,-0.61337,0
3.73067,-0.39141,0
3.51653,-0.52042,0
3.26981,-0.56062,0.00371
3.1101,-0.36832,0
2.90773,-0.22154,3e-05
3.02642,-0.00153,0.0025
2.98759,0.24544,0.00119
2.96611,0.49345,0.02413
