"Points:0","Points:1","Points:2"
4.00198,-0.03119,0.00057
3.75655,0.01636,0
3.50774,-0.0079,0.00211
3.25874,0.01441,0
3.00972,-0.00762,0.00144
2.76032,0.00961,0.00297
2.51086,-0.00655,0.00625
2.2617,0.01291,2e-05
2.0117,0.01455,0.00065
1.76171,0.01507,0
1.51187,0.00601,0.00014
1.26197,-0.00071,0.00187
1.01361,0.0279,0.00174
