"Points:0","Points:1","Points:2"
4.14941,-0.0189,9e-05
3.9771,0.1621,0.00712
3.7503,0.26705,8e-05
3.50033,0.26738,0.00382
3.26181,0.19255,0.00052
3.01549,0.14982,0.00012
2.76613,0.16756,0.00214
2.51895,0.20501,0.00228
2.26966,0.18632,2e-05
2.0206,0.20784,0.00117
1.82392,0.05352,0.00283
1.62343,-0.09582,0.00159
1.38949,-0.18395,0.00386
