"Points:0","Points:1","Points:2"
4.0152,0.02114,0.00092
3.78382,0.11581,6e-05
3.54053,0.05828,0.00093
3.30318,-0.02025,0
3.05508,0.01046,0.00202
2.80568,0.02766,0.00348
2.55672,0.05016,1e-05
2.30746,0.03088,4e-05
2.05833,0.05162,0.00108
1.83414,-0.05901,0.00178
1.58625,-0.02665,0.00402
1.3364,-0.01831,0.00139
1.08927,-0.05605,0
