"Points:0","Points:1","Points:2"
9.69494,2.28417,1e-05
9.44914,2.23853,1e-05
9.20603,2.18026,0
8.9949,2.31414,0.00036
8.79467,2.46376,0.0051
8.61284,2.63525,0
8.3704,2.69628,0.00013
8.12104,2.67858,0.00261
7.8785,2.61801,0
7.67288,2.47585,0.0035
7.53921,2.26461,0.00561
7.52294,2.0152,0
7.50201,1.76621,0.00828
