"Points:0","Points:1","Points:2"
4.00562,-0.02097,0
3.75841,0.01629,3e-05
3.5095,-0.00685,0.00264
3.25991,0.00718,4e-05
3.01084,-0.01446,4e-05
2.76129,0.00052,0.00021
2.5116,0.01285,0
2.26161,0.01508,0.0001
2.01163,0.01861,0
1.76164,0.01743,0.00129
1.51185,0.0071,0.00074
1.26191,0.00196,0
1.01319,0.02725,2e-05
