"Points:0","Points:1","Points:2"
4.0009,-0.02921,0.00036
3.7557,0.01953,0.00129
3.50794,-0.0139,0.00073
3.25944,0.01341,0.00072
3.01081,-0.01268,0.00188
2.76085,-0.00823,0
2.51133,0.00716,0.00158
2.26135,0.00498,0.00022
2.01142,0.0105,0.00248
1.76143,0.01173,0.00025
1.51147,0.00734,0.00029
1.26176,-0.00466,0
1.01508,0.03596,0.0001
