"Points:0","Points:1","Points:2"
4.00408,-0.029,0.00131
3.7581,0.01565,0.00039
3.50916,-0.00735,0.00031
3.25955,0.00608,0.00443
3.01002,0.02077,0
2.76144,-0.00558,0.00333
2.51146,-0.00255,0.00363
2.26172,0.00837,0
2.01175,0.01204,0.00114
1.76178,0.01555,1e-05
1.5121,0.00343,0.0037
1.26215,0.00665,0
1.01294,0.0266,2e-05
