"Points:0","Points:1","Points:2"
2.97466,-0.94749,0
3.18182,-0.80759,0.00375
3.40812,-0.70143,0
3.59415,-0.53444,0.00291
3.83251,-0.60978,5e-05
4.0132,-0.78255,0
4.05713,-1.02866,0
4.13691,-1.26559,0
4.34705,-1.40102,0.00011
4.59148,-1.34852,0.00093
4.75935,-1.16327,0.0018
4.72078,-0.91627,0.00045
4.64308,-0.67865,0.00117
