"Points:0","Points:1","Points:2"
13.2506,4.37211,4e-05
13.0443,4.23083,0.00013
12.7978,4.18937,0.00154
12.5537,4.13516,7e-05
12.3462,3.99587,0.00678
12.232,3.77359,2e-05
12.0578,3.59423,0.00101
11.9607,3.36388,0
12.008,3.11839,2e-05
11.9518,2.8748,0
11.8838,2.63423,0.00166
11.7946,2.40138,0.0201
11.6877,2.18225,0.07528
