"Points:0","Points:1","Points:2"
4.66895,0.36177,6e-05
4.77926,0.13742,0
4.96071,-0.03456,0
4.82408,-0.24392,0
4.60952,-0.11561,0.00066
4.38547,-0.22651,0.00286
4.18786,-0.37964,0.00223
4.30297,-0.60153,0.00573
4.55188,-0.57888,5e-05
4.71962,-0.39351,8e-05
4.64337,-0.15542,0
4.4767,0.03091,0.00017
4.30403,0.2117,0
