"Points:0","Points:1","Points:2"
4.01503,0.01065,0.00284
3.76607,0.03341,0.00292
3.51839,-0.00048,5e-05
3.26911,-0.01936,3e-05
3.02119,0.01282,0.00019
2.77143,0.00173,0
2.52145,0.00471,0
2.27151,-0.00056,0.00024
2.02317,-0.02932,0
1.77407,-0.00805,3e-05
1.52523,0.01603,0
1.27652,0.04041,0.00683
1.02665,0.04653,0.00185
