"Points:0","Points:1","Points:2"
4.00343,-0.02416,4e-05
3.75596,0.01132,4e-05
3.50645,-0.00438,0.0001
3.25647,-0.00181,0
3.00802,0.02604,5e-05
2.75943,-0.0005,0
2.50947,0.00141,0.00362
2.2596,0.00932,0.00143
2.00961,0.01038,2e-05
1.75966,0.01563,0.00044
1.50972,0.01031,0
1.26033,-0.00701,0.00173
1.01305,0.02977,0.00066
