"Points:0","Points:1","Points:2"
4.01128,0.01055,0
3.76533,-0.03429,0
3.51575,-0.01974,0
3.26601,-0.00832,0
3.01627,0.00293,0
2.76865,-0.03149,0
2.52048,-0.00129,0
2.27127,0.01852,0
2.02128,0.01595,3e-05
1.77282,-0.01176,0
1.5244,0.01629,6e-05
1.27616,-0.01335,0.00037
1.04013,-0.09573,2e-05
