"Points:0","Points:1","Points:2"
4.04217,0.07357,0.00181
3.79242,0.08447,0
3.54345,0.0618,3e-05
3.29487,0.03516,5e-05
3.04501,0.04354,0
2.79516,0.05223,3e-05
2.54534,0.06169,0
2.29573,0.07568,0.00023
2.04674,0.05334,0.00232
1.79728,0.03696,0.00213
1.54761,0.04978,0.00117
1.30326,0.10264,0
1.0533,0.10654,0
