"Points:0","Points:1","Points:2"
4.0094,0.01699,0.00075
3.75941,0.01803,1e-05
3.51125,-0.01201,0.00368
3.26126,-0.01019,0.00244
3.012,0.00899,0.00129
2.762,0.00734,0.00195
2.51217,-0.00171,0.0001
2.26219,-0.00498,1e-05
2.01358,-0.03133,3e-05
1.76461,-0.00875,8e-05
1.51512,0.0073,0
1.26512,0.0071,7e-05
1.01536,-0.00381,0.00082
