"Points:0","Points:1","Points:2"
4.00091,-0.03129,0.00504
3.75455,0.01093,7e-05
3.50569,-0.01285,0
3.256,-0.00047,8e-05
3.00669,0.01809,0.00176
2.75777,-0.00509,0
2.50781,-0.0006,0.00018
2.2583,0.01496,0
2.00831,0.01258,0.00039
1.75834,0.01648,0.00094
1.50875,0.00228,0.00212
1.25887,-0.00562,0.00254
1.01194,0.03336,0
