"Points:0","Points:1","Points:2"
4.01063,0.0142,5e-05
3.76198,0.04019,0.00137
3.51679,-0.00855,0
3.26679,-0.00896,0.00028
3.01714,0.00421,0.00239
2.76725,0.01114,4e-05
2.51734,0.00485,0.0025
2.26753,-0.00461,0
2.01811,-0.02148,0.0021
1.7688,-0.00302,0.00034
1.519,0.00703,0.00053
1.26901,0.00508,1e-05
1.01905,0.00053,0
