"Points:0","Points:1","Points:2"
2.48361,-1.40563,7e-05
2.2373,-1.44844,5e-05
1.99211,-1.39965,0.00117
1.87475,-1.17891,0
1.98362,-0.95391,0.00472
2.23148,-0.92127,0.00382
2.44187,-1.05631,0.00347
2.68003,-1.13234,0.00264
2.91663,-1.05162,0.00409
3.00576,-0.81806,0.00564
2.93336,-0.57877,0.00484
2.75517,-0.40348,5e-05
2.53435,-0.28628,0
