"Points:0","Points:1","Points:2"
4.0032,-0.02765,0.0021
3.75689,0.01509,7e-05
3.50799,-0.00839,5e-05
3.25925,0.01662,2e-05
3.01149,-0.01677,0.00011
2.7618,-0.00461,0.00329
2.51191,0.00207,7e-05
2.2621,0.01162,0
2.0121,0.00995,1e-05
1.76211,0.01185,6e-05
1.51221,0.0047,1e-05
1.26229,-0.00141,1e-05
1.01408,0.02853,0
