"Points:0","Points:1","Points:2"
2.96941,-1.28315,0.02835
2.91676,-1.52589,0
2.67312,-1.58192,0
2.42928,-1.63707,0.00013
2.17929,-1.63453,0.0001
1.95366,-1.52688,0
1.71593,-1.44951,0
1.64917,-1.20859,0
1.72366,-0.96994,2e-05
1.88412,-0.77826,0.00281
2.07221,-0.61357,0.00101
2.22691,-0.41718,0.00022
2.43717,-0.28194,0
