"Points:0","Points:1","Points:2"
4.0383,0.0662,0
3.78975,0.09295,0.00303
3.54206,0.05918,3e-05
3.29449,0.02441,0.00037
3.04636,0.05486,0.0009
2.79639,0.05064,1e-05
2.54648,0.05705,0.00069
2.29693,0.0721,0.00068
2.04811,0.04779,7e-05
1.79845,0.03479,6e-05
1.54884,0.04858,0.00108
1.30147,0.08476,3e-05
1.05306,0.1125,0.00493
