"Points:0","Points:1","Points:2"
4.031,0.00573,0.00251
3.81033,-0.11173,0
3.57171,-0.03715,0.00059
3.35892,0.09406,7e-05
3.1144,0.14614,1e-05
2.96757,-0.0562,0.00013
2.72423,-0.11349,0.00226
2.48138,-0.05415,0.00015
2.24682,0.03228,0.00366
2.01325,0.12135,0.00022
1.76341,0.11246,1e-05
1.5269,0.03153,0.00331
1.37346,-0.16584,0.00232
