"Points:0","Points:1","Points:2"
4.00411,-0.03083,0
3.7578,0.01199,0.00014
3.50848,-0.00643,0
3.25926,0.01325,0.0001
3.00998,-0.00498,0.00551
2.76004,-0.00494,9e-05
2.51055,0.0109,0.00217
2.26085,-0.0011,8e-05
2.01097,0.00643,0.00198
1.76104,0.01219,0.0029
1.51111,0.00652,0.00038
1.26125,-0.00166,0
1.01259,0.02408,0.00263
