"Points:0","Points:1","Points:2"
4.76751,0.06479,0
4.66275,-0.16214,0.00504
4.55447,-0.38742,1e-05
4.34916,-0.52997,0.0053
4.09931,-0.53704,1e-05
3.93351,-0.72414,6e-05
4.16495,-0.62963,3e-05
4.38647,-0.51375,0
4.44848,-0.27156,0
4.36077,-0.03745,0.00015
4.20709,0.15973,0
3.99398,0.29044,0
3.77988,0.41948,0.0031
