"Points:0","Points:1","Points:2"
4.64214,0.42439,0
4.8586,0.2993,1e-05
4.91988,0.05693,0
4.87947,-0.18978,4e-05
4.79479,-0.425,0.0018
4.60833,-0.59152,0
4.50006,-0.36618,0
4.54133,-0.11961,0
4.29702,-0.06666,0.00303
4.3151,-0.31599,0.00089
4.46629,-0.51509,0
4.62463,-0.70854,0.00212
4.79266,-0.89366,0.00141
