"Points:0","Points:1","Points:2"
4.00274,-0.02979,0.00199
3.75747,0.01859,0.00049
3.50901,-0.00911,5e-05
3.25943,0.00537,3e-05
3.01,-0.01149,7e-05
2.76019,-0.0019,0.00199
2.51036,0.00713,0
2.26037,0.00892,0.00133
2.0104,0.00539,0
1.76041,0.00687,0.00135
1.51041,0.00745,4e-05
1.26057,-0.00137,0
1.01209,0.02621,2e-05
