"Points:0","Points:1","Points:2"
4.04165,0.07163,0
3.79195,0.0838,0
3.54335,0.05734,0
3.29445,0.03398,4e-05
3.04474,0.04576,0.00306
2.79478,0.04303,4e-05
2.54658,0.07302,0
2.29669,0.07958,0.00326
2.04882,0.0472,0.00011
1.79911,0.03497,0
1.54944,0.04768,1e-05
1.30301,0.08977,0
1.05427,0.11486,0
