"Points:0","Points:1","Points:2"
4.37292,-0.69956,0.00117
4.42279,-0.45458,0.00064
4.61181,-0.29097,0
4.66398,-0.04648,0.00024
4.58867,0.19174,0.0093
4.51549,0.4306,0
4.28922,0.53692,0
4.12931,0.34475,0.00069
4.06796,0.10239,0.00021
4.01187,-0.14123,0.00064
3.87184,-0.34678,0.02596
3.70509,-0.53124,0.00011
3.45699,-0.56194,0.00231
