"Points:0","Points:1","Points:2"
4.00613,0.02284,0
3.75782,-0.00603,0.00219
3.508,-0.01537,6e-05
3.25836,-0.00204,0
3.00883,0.01333,5e-05
2.75892,0.00658,2e-05
2.50898,0.01176,0.0022
2.25977,-0.00808,0.00285
2.01019,-0.02242,0.00417
1.76083,-0.00504,0
1.51149,0.01317,1e-05
1.26186,-0.00049,0.00057
1.01188,0.00206,0
