"Points:0","Points:1","Points:2"
10.8769,2.1323,0.00682
10.6672,2.26834,4e-05
10.4667,2.41758,6e-05
10.2569,2.55363,0
10.007,2.54832,0.00182
9.81855,2.38402,0
9.60752,2.25002,0.0028
9.35774,2.26014,0.00021
9.14166,2.38437,0.01969
8.94788,2.54116,0.00065
8.75979,2.70585,0
8.53138,2.80749,9e-05
8.2965,2.89295,0.00523
