"Points:0","Points:1","Points:2"
4.00179,-0.02869,0.00112
3.75644,0.01932,0
3.50834,-0.01142,2e-05
3.25929,0.01039,0.00013
3.01038,-0.01295,3e-05
2.76082,0.00183,2e-05
2.51082,0.00331,0
2.26083,0.00471,0
2.01083,0.00617,8e-05
1.76103,0.01603,0
1.51135,0.00336,0.0007
1.26152,-0.00592,0
1.01428,0.0311,0
