"Points:0","Points:1","Points:2"
4.22576,-0.01158,3e-05
4.02149,-0.15571,0.00075
3.8177,-0.30051,0
3.57403,-0.24458,0.0001
3.42462,-0.04414,0
3.33436,0.18899,0.00156
3.08714,0.15183,0.00247
3.01561,-0.08772,0.00056
2.78218,-0.17722,0
2.53483,-0.21347,0.001
2.28508,-0.22374,0.0054
2.0351,-0.22283,0.00188
1.78567,-0.2061,2e-05
