"Points:0","Points:1","Points:2"
3.99753,-0.03443,3e-05
3.75538,0.02773,0
3.50832,-0.01051,7e-05
3.25955,0.01413,0.00248
3.01108,-0.01342,1e-05
2.76206,0.00867,7e-05
2.51213,0.00278,0
2.26213,0.0016,7e-05
2.01255,0.016,0.0006
1.76255,0.0149,1e-05
1.51263,0.01074,0.00469
1.26268,0.00649,0.0017
1.01355,0.0272,0
