"Points:0","Points:1","Points:2"
4.00433,-0.02733,0
3.75806,0.01564,0.00173
3.50871,-0.00236,0.00147
3.25929,0.0147,0.00011
3.01033,-0.00802,0.00083
2.76033,-0.00718,0.00227
2.51083,0.00847,0
2.26083,0.00753,2e-05
2.01092,0.01365,0.00187
1.76094,0.01116,0
1.51097,0.00708,1e-05
1.26097,0.00863,0
1.01134,0.02219,4e-05
