"Points:0","Points:1","Points:2"
13.9523,4.12162,0.003
13.703,4.14114,0.00263
13.4567,4.09851,4e-05
13.2522,4.24232,8e-05
13.0038,4.27026,0.00443
12.7558,4.30165,0.00514
12.506,4.31025,0
12.3452,4.11885,0.00155
12.2182,3.90349,0
12.006,3.77129,6e-05
11.8462,3.57914,0.00545
11.7337,3.3559,0.00198
11.5998,3.14481,0.0053
