"Points:0","Points:1","Points:2"
4.00235,-0.02552,1e-05
3.75646,0.0195,0.00302
3.50849,-0.01217,2e-05
3.25891,0.00234,0.00107
3.00955,-0.01543,2e-05
2.76016,0.00212,2e-05
2.51017,0.0031,0.00067
2.2603,0.01134,0.00018
2.01042,0.01889,0
1.76048,0.01338,0.00027
1.51053,0.01137,0.00488
1.26078,0.00043,0.00242
1.01244,0.02914,0
