"Points:0","Points:1","Points:2"
4.00322,-0.02263,1e-05
3.75688,0.01999,0
3.50849,-0.00827,1e-05
3.25881,0.00439,4e-05
3.00955,-0.01479,0.00061
2.75985,-0.0024,0.00013
2.50986,-0.00365,0
2.26069,0.01678,0.00017
2.01075,0.01549,0.00542
1.7608,0.0164,0.00057
1.51082,0.01332,0.00043
1.2609,0.00697,0
1.01201,0.03057,0
