"Points:0","Points:1","Points:2"
4.01662,0.00452,0.00094
3.76867,0.03646,0
3.52346,-0.01221,0.00113
3.27386,0.00194,0
3.024,0.00886,0.0047
2.77411,0.00321,0
2.52415,-0.00112,0
2.27431,-0.00994,0.00043
2.02544,-0.03371,0
1.77605,-0.01622,5e-05
1.52718,0.00745,0.00105
1.28021,0.04627,0.00209
1.03028,0.05219,0.0025
