"Points:0","Points:1","Points:2"
4.00085,-0.03301,0.0018
3.75568,0.01588,0
3.5064,-0.00303,0
3.25642,-0.00183,0.00316
3.00814,0.02725,2e-05
2.75932,0.00299,2e-05
2.50937,0.00802,0.00128
2.25944,0.00227,0
2.00995,0.01809,0
1.76016,0.00796,0.0017
1.51017,0.01028,0.00068
1.26023,0.00488,0
1.01147,0.02972,0.00103
