"Points:0","Points:1","Points:2"
4.00324,-0.02783,0.00031
3.75741,0.01763,0.00187
3.50872,-0.00787,0.00351
3.25949,0.01147,0
3.01038,-0.0096,0.00073
2.76053,-0.00111,0.00132
2.51054,0.00056,0
2.26091,0.01421,0
2.01104,0.00693,0.00354
1.76116,0.01407,0.0004
1.5114,0.00313,0
1.26141,0.00083,3e-05
1.0132,0.03059,0.00222
