"Points:0","Points:1","Points:2"
4.00605,-0.0354,0.00208
3.76009,0.00931,0
3.51041,-0.003,0.00347
3.26061,0.00613,1e-05
3.01096,-0.00719,9e-05
2.76111,0.00159,2e-05
2.51111,0.00159,0
2.26139,0.01335,0.00085
2.01142,0.01673,0
1.76146,0.02142,0.00086
1.51195,0.00576,0.00036
1.26196,0.0077,0.00152
1.01271,0.02696,0.00342
