"Points:0","Points:1","Points:2"
4.64363,-0.07298,0
4.44413,-0.22361,0.00317
4.20647,-0.30118,0.00413
4.00647,-0.45113,0.00026
3.78025,-0.34469,0
3.53938,-0.41164,0.00048
3.29253,-0.45118,0.00014
3.11571,-0.27445,1e-05
3.0504,-0.03313,0
3.05268,0.21684,0.00309
2.96368,0.45046,0.00126
2.72174,0.51341,0
2.47246,0.53228,0
