"Points:0","Points:1","Points:2"
4.01782,0.00855,6e-05
3.76942,0.03684,3e-05
3.52255,-0.00191,0.0072
3.27274,0.00636,0.00199
3.02289,0.01468,0.00448
2.773,0.00883,0
2.52301,0.00643,4e-05
2.27353,-0.00977,0
2.0241,-0.02665,2e-05
1.77414,-0.02256,0
1.52797,0.02103,0.00026
1.27948,0.04854,0
1.02949,0.04698,0
