"Points:0","Points:1","Points:2"
5.25196,0.25172,0.00566
5.00619,0.29721,1e-05
4.75907,0.33296,0.01237
4.54083,0.45427,1e-05
4.29122,0.46831,0
4.12083,0.28537,0
3.94899,0.10379,0.00178
3.78214,-0.08237,0.0011
3.53654,-0.1291,0.00105
3.29286,-0.18494,1e-05
3.04375,-0.16438,0.00479
2.79554,-0.13455,0.00602
2.54557,-0.1364,0.00251
