"Points:0","Points:1","Points:2"
4.01114,0.05485,0.00276
3.76151,0.04159,1e-05
3.51561,-0.00351,3e-05
3.26597,0.00952,0.0029
3.02102,0.05942,0.0001
2.77167,0.04134,0.00087
2.52539,-0.00159,3e-05
2.27657,-0.02542,0.00503
2.03017,0.01669,0.0017
1.7808,0.03432,0.00015
1.53108,0.02248,0
1.28129,0.03277,8e-05
1.03135,0.028,0.00315
