"Points:0","Points:1","Points:2"
4.00433,-0.02927,0
3.75865,0.01688,0.00277
3.50931,-0.00122,0.00094
3.25944,0.00659,0.00236
3.00987,0.02117,1e-05
2.76076,0.00016,0.00205
2.51077,0.00097,4e-05
2.26078,0.00252,0
2.01099,0.01289,0.00012
1.76099,0.01284,3e-05
1.5111,0.00546,3e-05
1.26118,0.00029,0.0036
1.01286,0.02897,1e-05
