"Points:0","Points:1","Points:2"
4.10722,0.09465,0
3.8649,0.15608,0.00221
3.62337,0.22057,0
3.37718,0.26401,0.00114
3.23368,0.0593,0.00238
2.99124,0.12027,0.00011
2.74228,0.14305,0
2.49335,0.16609,1e-05
2.24531,0.13482,3e-05
1.99841,0.17406,0.00148
1.78705,0.04055,0.0011
1.55979,-0.06363,2e-05
1.32061,-0.1363,0.00289
