"Points:0","Points:1","Points:2"
4.012,-0.00082,0
3.80364,0.13733,0.00058
3.56213,0.07273,0
3.31491,0.03565,0.00175
3.06713,0.00246,0
2.81769,-0.01436,4e-05
2.5684,-0.03302,0.0022
2.33268,0.05025,0
2.08654,0.00652,0.0002
1.84367,-0.05277,0
1.59422,-0.0362,0.00015
1.34517,-0.01449,0
1.09786,-0.05077,0.00505
