"Points:0","Points:1","Points:2"
2.8129,-0.15242,0
4.31761,-0.17285,0
2.93163,-0.08581,0
4.31932,-0.10908,0
4.33563,0.03913,0
1.9969,-0.19175,0
2.99027,-0.04276,0
3.63976,-0.12889,0
4.35462,0.02035,0
3.39155,0.1542,0
4.3489,0.00288,0
4.30053,-0.14118,0
2.93914,-0.09116,0
4.21145,0.04914,0
3.59884,-0.04351,0
4.3302,-0.09243,0
3.77473,-0.19371,0
2.33989,-0.1458,0
1.99713,-0.19263,0
4.32206,-0.08107,0
