"Points:0","Points:1","Points:2"
3.9224,-0.05375,0
3.92782,-0.0439,0
3.09489,0.13815,0
3.12885,0.14378,0
3.89206,-0.0613,0
3.09109,0.132,0
2.74398,-0.16321,0
3.1581,0.15128,0
3.95145,-0.03471,0
2.99402,-0.05212,0
2.97692,-0.05522,0
3.8346,-0.11018,0
3.22038,0.10743,0
3.13362,0.12721,0
3.35755,0.1033,0
3.83212,-0.13502,0
3.32982,0.08632,0
2.74413,-0.14102,0
3.14609,0.12695,0
2.96157,-0.04264,0
3.22102,0.10811,0
