"Points:0","Points:1","Points:2"
4.49404,0.09687,0
4.26276,0.35253,0
4.30118,0.35639,0
4.4993,0.13208,0
4.39229,0.28139,0
4.40764,0.29022,0
4.47066,0.20488,0
4.04421,0.32087,0
4.14487,-0.17136,0
3.70197,-0.36498,0
4.44456,0.25932,0
4.43977,0.27886,0
4.44075,0.23727,0
4.51393,0.08017,0
4.51321,-0.03531,0
4.50388,0.03305,0
4.50929,-0.0074,0
4.51077,-0.29681,0
4.51614,-0.27759,0
4.53305,-0.33594,0
