"Points:0","Points:1","Points:2"
1.57374,0.01749,0
3.70166,0.02165,0
3.64159,0.00356,0
2.61535,-0.00442,0
2.88212,-0.00547,0
2.52294,-0.00367,0
1.86859,0.00518,0
1.939,0.01091,0
2.18843,0.02531,0
3.77946,0.02234,0
3.70949,0.00741,0
2.15477,0.02574,0
3.9687,-0.00469,0
3.45665,0.00217,0
1.67102,0.01098,0
2.87271,0.00823,0
3.4133,-0.0054,0
1.21729,0.00684,0
2.44907,0.02033,0
1.5896,-0.002,0
3.66397,-0.00087,0
1.74074,0.02409,0
1.19918,0.02599,0
2.79112,-0.00624,0
3.61121,-0.00792,0
