"Points:0","Points:1","Points:2"
5.60682,0.64319,0
5.62621,0.64778,0
5.59501,0.69633,0
5.68387,0.61815,0
5.57308,0.91129,0
5.69368,0.6081,0
5.54643,0.81893,0
5.60245,0.9306,0
5.51581,0.87061,0
5.61046,0.95857,0
5.62844,0.99336,0
5.90485,0.51097,0
6.00154,0.49055,0
6.05126,0.47332,0
6.04703,0.45597,0
5.89081,0.52331,0
5.71122,1.08587,0
5.8683,1.2045,0
5.9809,1.32989,0
5.88779,1.69454,0
5.80416,2.04413,0
5.96776,2.11896,0
6.18294,2.11708,0
6.40877,2.01114,0
