"Points:0","Points:1","Points:2"
2.87612,-1.09896,0
2.59265,-1.12669,0
1.8799,-1.26724,0
1.90523,-1.28243,0
1.91816,-1.29687,0
1.9395,-1.29881,0
1.97289,-1.37487,0
1.98098,-1.35365,0
1.98291,-1.37965,0
1.97197,-1.37139,0
2.09522,-1.40131,0
2.29543,-1.44229,0
2.34999,-1.42141,0
2.09926,-1.40931,0
