"Points:0","Points:1","Points:2"
2.9326,0.28855,0
4.33237,-0.17755,0
3.95084,-0.33892,0
2.74462,0.17654,0
2.86437,0.27271,0
2.94375,0.31732,0
4.40646,-0.17653,0
2.79846,0.22347,0
3.20825,-0.18358,0
4.39221,-0.15814,0
3.1658,-0.1336,0
2.829,0.23541,0
4.47078,-0.15108,0
2.79138,0.20329,0
3.71829,-0.37653,0
2.87225,0.26664,0
3.88142,-0.36561,0
3.15878,0.30202,0
3.5083,-0.38802,0
2.87389,0.26831,0
2.97788,0.29303,0
4.41165,-0.17702,0
