"Points:0","Points:1","Points:2"
2.14987,0.02424,0
2.42856,0.01767,0
2.80289,0.00336,0
2.2601,0.01501,0
2.5762,0.00125,0
3.12911,0.0141,0
2.11721,0.01427,0
1.939,0.01091,0
2.70911,-0.0027,0
1.7928,0.02366,0
4.0024,-0.02413,0
3.3649,0.0028,0
1.22141,0.008,0
2.56909,0.00352,0
1.38735,0.01629,0
1.21729,0.00684,0
2.44907,0.02033,0
1.8738,0.01769,0
3.97922,-0.01075,0
