"Points:0","Points:1","Points:2"
11.903,3.48719,0
11.8975,3.63011,0
11.9778,3.72932,0
12.0382,3.82694,0
12.2223,3.99522,0
12.2546,4.02401,0
12.3695,4.0987,0
12.411,4.15014,0
12.5678,4.26542,0
12.7181,4.28449,0
12.7603,4.288,0
12.9481,4.2512,0
12.9977,4.24317,0
13.3235,4.13451,0
13.3581,4.1513,0
13.4807,4.16568,0
13.608,4.16054,0
13.7004,4.19,0
13.781,4.224,0
13.7461,4.22138,0
