"Points:0","Points:1","Points:2"
1.79573,-0.00824,0
2.80923,0.00963,0
2.7351,-0.01369,0
2.80289,0.00336,0
1.08609,0.01938,0
1.3976,-0.01458,0
3.73819,0.0122,0
3.6315,-9e-05,0
3.12911,0.0141,0
1.90008,0.00079,0
3.02554,-0.01993,0
2.001,0.01202,0
2.8918,-0.0108,0
4.0024,-0.02413,0
1.88908,-0.00816,0
3.16481,0.01481,0
1.46569,0.01642,0
2.1878,0.01004,0
3.0726,-0.01959,0
2.56909,0.00352,0
2.8488,0.00554,0
2.80845,0.00894,0
3.00499,-0.01594,0
1.19918,0.02599,0
3.97922,-0.01075,0
3.39353,0.00954,0
