"Points:0","Points:1","Points:2"
4.67854,-0.80605,0
4.73286,-0.86589,0
4.73962,-0.57544,0
4.74966,-0.8757,0
4.76285,-0.5765,0
4.83415,-0.55405,0
4.82573,-0.60216,0
4.89355,-0.45467,0
4.9679,-0.14275,0
4.97819,-0.05889,0
4.97749,0.02648,0
4.92656,0.15752,0
4.91822,0.19149,0
4.96912,0.1075,0
4.9325,0.18298,0
4.93901,0.14133,0
