"Points:0","Points:1","Points:2"
2.43645,0.2948,0
4.17009,-0.03604,0
2.50495,0.29986,0
2.28218,0.32366,0
2.45154,0.30535,0
2.28032,0.30145,0
3.51842,0.41065,0
4.17967,-0.05639,0
1.99713,0.21816,0
2.35381,0.31531,0
3.32982,0.08632,0
3.43044,0.47911,0
2.74777,0.25432,0
