"Points:0","Points:1","Points:2"
3.80594,-0.77442,0
4.12244,-1.21021,0
3.79552,-0.77148,0
3.6555,-0.70365,0
4.34515,-0.22872,0
3.83314,-0.79904,0
3.93072,-0.84239,0
3.20515,-0.87843,0
3.62086,-0.73662,0
3.56148,-0.78088,0
3.56887,-0.78557,0
4.20231,-1.27242,0
