"Points:0","Points:1","Points:2"
3.91377,0.14706,0
4.28673,-0.6403,0
4.04165,0.41441,0
4.64514,-0.38349,0
4.62685,-0.38206,0
4.66197,-0.37516,0
4.65675,0.20562,0
4.79077,-0.09556,0
4.78271,-0.0083,0
4.73848,0.09728,0
4.80971,-0.04233,0
4.68787,0.19472,0
4.78857,-0.06179,0
4.76551,0.01224,0
4.79565,-0.03408,0
