"Points:0","Points:1","Points:2"
3.70166,0.02165,0
2.80923,0.00963,0
2.7351,-0.01369,0
2.16034,0.0103,0
1.08609,0.01938,0
1.07973,0.03862,0
1.86859,0.00518,0
3.74851,0.03149,0
3.64247,0.00545,0
3.14694,0.02724,0
2.34948,0.02939,0
1.79606,0.02305,0
1.7928,0.02366,0
3.31443,0.00102,0
2.39056,0.02251,0
2.97761,0.01577,0
3.45665,0.00217,0
3.3649,0.0028,0
1.58004,0.00012,0
1.07697,0.01841,0
2.56909,0.00352,0
1.21729,0.00684,0
2.53032,0.03233,0
3.39353,0.00954,0
