"Points:0","Points:1","Points:2"
3.93602,0.16026,0
4.45108,-0.47977,0
4.07491,0.44748,0
4.01559,0.40071,0
4.31687,-0.63969,0
4.27911,-0.72136,0
4.07173,-0.44076,0
4.25883,-0.74368,0
4.32359,-0.63493,0
4.31933,-0.66881,0
3.98998,0.30057,0
4.33789,0.48397,0
4.49939,0.35672,0
4.51741,0.31542,0
4.57594,-0.44457,0
4.73522,-0.15057,0
4.7359,-0.1337,0
4.71713,0.08443,0
