"Points:0","Points:1","Points:2"
16.3972,2.94333,0
16.445,2.89252,0
