"Points:0","Points:1","Points:2"
2.17513,-1.24981,0
2.64468,-0.88479,0
2.37762,-1.15136,0
2.35273,-1.12437,0
2.02872,-1.21952,0
2.69291,-0.82812,0
2.65401,-0.8684,0
2.02876,-1.23498,0
2.64689,-0.88799,0
1.98543,-1.20378,0
2.39825,-1.1557,0
