"Points:0","Points:1","Points:2"
9.92477,2.69658,0
10.864,2.23501,0
11.818,2.65574,0
11.7718,2.63628,0
11.9359,2.86503,0
11.904,2.80885,0
11.9123,2.80237,0
