"Points:0","Points:1","Points:2"
12.2911,4.31321,0
13.3359,4.03637,0
14.5176,4.02438,0
