"Points:0","Points:1","Points:2"
2.72152,0.05492,0
2.37577,0.04719,0
2.76033,0.05051,0
3.40876,0.0117,0
3.45757,-0.00923,0
2.30158,0.0504,0
3.44369,0.00603,0
1.15647,0.03387,0
3.01079,0.05368,0
2.7513,0.04625,0
2.49215,0.06465,0
1.4001,0.02268,0
2.90168,0.06005,0
2.95412,0.04878,0
2.99807,0.06423,0
1.94375,0.03358,0
1.23036,0.01317,0
3.73093,0.01895,0
2.4357,0.03364,0
3.60584,0.0029,0
1.53859,0.05343,0
1.51262,0.05747,0
3.46263,-0.0244,0
