"Points:0","Points:1","Points:2"
14.7753,3.82851,0
15.823,3.10519,0
