"Points:0","Points:1","Points:2"
4.06441,-0.08962,0
1.82621,0.22716,0
4.12243,-0.0171,0
4.10037,-0.03559,0
1.89333,0.20029,0
3.99584,-0.11992,0
4.12938,-0.02584,0
4.00683,-0.13792,0
2.82319,-0.13223,0
4.01822,-0.1012,0
3.90551,-0.16674,0
4.06129,-0.05954,0
1.73845,0.21254,0
1.8513,0.21337,0
3.9778,-0.15795,0
2.77748,-0.17265,0
1.8586,0.20588,0
