"Points:0","Points:1","Points:2"
3.52424,-0.00468,0
1.92399,0.01677,0
1.9119,0.01163,0
1.75192,0.01546,0
3.3123,0.01155,0
2.86088,-0.00924,0
1.86859,0.00518,0
3.02554,-0.01993,0
2.001,0.01202,0
1.79606,0.02305,0
2.39056,0.02251,0
3.3649,0.0028,0
2.1878,0.01004,0
1.054,0.03867,0
1.23771,0.00747,0
2.56001,0.01252,0
2.56909,0.00352,0
2.80845,0.00894,0
3.00499,-0.01594,0
3.02402,-0.01053,0
1.8738,0.01769,0
2.20573,0.0319,0
3.61121,-0.00792,0
