"Points:0","Points:1","Points:2"
11.9404,3.21722,0
12.0856,3.4734,0
12.1547,3.64786,0
12.3854,3.95385,0
12.6412,4.1816,0
12.887,4.2997,0
