"Points:0","Points:1","Points:2"
4.32929,-0.69182,0
4.42455,-0.67057,0
4.08657,0.25802,0
4.31286,-0.69443,0
4.43458,-0.65563,0
4.41907,-0.65739,0
4.24972,-0.69777,0
4.46954,-0.60759,0
4.24363,-0.69791,0
4.54013,-0.50525,0
4.55039,-0.41565,0
4.53443,-0.51087,0
4.52482,-0.53769,0
4.58783,-0.41034,0
4.66092,-0.31573,0
4.68856,-0.3125,0
4.76535,0.24182,0
