"Points:0","Points:1","Points:2"
3.49987,-0.08818,0
3.31611,0.17604,0
2.20665,-0.19532,0
2.18287,-0.18734,0
4.11418,-0.04684,0
4.03404,-0.12118,0
1.83163,-0.11095,0
3.52603,-0.12047,0
3.29933,0.18021,0
3.34472,0.16602,0
3.36277,0.16533,0
3.69307,-0.22272,0
3.51432,-0.12271,0
3.2636,0.22516,0
3.24551,0.22237,0
3.24255,0.25885,0
3.31569,0.17292,0
3.92924,-0.16917,0
2.96922,-0.1419,0
4.07585,-0.08579,0
3.5355,-0.12064,0
3.25423,0.24676,0
4.03456,-0.10758,0
