"Points:0","Points:1","Points:2"
3.70896,-0.04882,0
3.83425,-0.04911,0
2.68115,0.01959,0
2.40233,0.01764,0
1.97295,0.06557,0
