"Points:0","Points:1","Points:2"
16.2451,3.18561,0
16.3263,2.32273,0
16.3445,2.40091,0
16.3122,2.08447,0
16.3001,1.94162,0
