"Points:0","Points:1","Points:2"
11.9581,3.99032,0
12.0438,4.06231,0
12.0407,4.05692,0
12.0988,4.1106,0
12.1196,4.1237,0
12.2293,4.21848,0
12.3459,4.26044,0
12.5859,4.36259,0
12.6519,4.38803,0
13.1869,4.18659,0
13.1308,4.22703,0
12.6761,4.41097,0
13.3448,4.07449,0
13.5388,4.10799,0
13.7388,4.1348,0
13.7757,4.14545,0
13.8357,4.15539,0
13.8259,4.13989,0
14.022,4.12227,0
14.02,4.1411,0
14.2296,4.11115,0
14.2106,4.12787,0
14.2014,4.10797,0
14.3041,4.09784,0
14.3015,4.09052,0
