"Points:0","Points:1","Points:2"
2.23482,-0.01018,0
2.29511,-0.00995,0
3.71812,0.002,0
1.9119,0.01163,0
3.6315,-9e-05,0
3.02554,-0.01993,0
2.7588,-0.00648,0
3.77946,0.02234,0
3.9687,-0.00469,0
3.3649,0.0028,0
1.30479,-0.01828,0
2.41925,-0.00479,0
1.67102,0.01098,0
1.07697,0.01841,0
2.8488,0.00554,0
3.71736,0.02397,0
3.4133,-0.0054,0
3.00499,-0.01594,0
1.8738,0.01769,0
1.5896,-0.002,0
3.66397,-0.00087,0
3.04856,-0.01719,0
