"Points:0","Points:1","Points:2"
11.9697,3.70331,0
11.954,3.69327,0
12.2199,4.06057,0
12.1471,3.96586,0
12.3978,4.11617,0
