"Points:0","Points:1","Points:2"
3.41053,-1.24387,0
2.90062,-0.64261,0
2.73633,-0.59543,0
3.45154,-1.08986,0
2.49377,-0.68728,0
3.45471,-1.0103,0
2.98766,-1.08175,0
3.46472,-1.03916,0
2.60806,-0.62688,0
3.22791,-1.24823,0
3.09606,-1.19593,0
3.50873,-0.18574,0
