"Points:0","Points:1","Points:2"
6.16166,1.96673,0
6.52056,1.83469,0
8.56076,2.51019,0
8.58294,2.4939,0
8.45396,2.50815,0
