"Points:0","Points:1","Points:2"
3.14032,-0.18639,0
2.26638,-0.9758,0
2.39782,-0.51304,0
3.06934,-0.17715,0
2.64383,-0.24777,0
2.50938,-0.3357,0
2.3824,-0.54737,0
3.16518,-0.17495,0
2.11507,-1.10652,0
3.31426,-0.21441,0
2.27545,-0.98662,0
2.13562,-1.14808,0
2.52092,-0.32203,0
2.13623,-1.18077,0
2.99952,-0.16,0
2.37756,-0.57107,0
