"Points:0","Points:1","Points:2"
11.7894,2.36147,0
12.1746,3.61896,0
12.2138,3.70766,0
12.7939,4.27126,0
