"Points:0","Points:1","Points:2"
4.73286,-0.86589,0
4.74966,-0.8757,0
4.76285,-0.5765,0
4.89355,-0.45467,0
4.64951,0.4064,0
4.79897,0.34389,0
4.97819,-0.05889,0
4.94651,0.11638,0
4.92656,0.15752,0
4.84784,0.31224,0
4.91822,0.19149,0
4.89663,0.2732,0
4.96912,0.1075,0
4.9325,0.18298,0
4.93901,0.14133,0
