"Points:0","Points:1","Points:2"
3.9649,-1.01157,0
3.99771,-1.0013,0
4.05863,-0.99555,0
4.20607,-1.02677,0
4.02183,-1.00853,0
4.48647,-0.69782,0
4.56203,-0.63628,0
4.58953,-0.65815,0
4.56949,-0.65198,0
4.64179,-0.62636,0
4.6671,-0.61263,0
5.07377,-0.31685,0
