"Points:0","Points:1","Points:2"
12.0884,4.01066,0
12.2802,4.1913,0
12.6831,4.38812,0
13.1415,4.28805,0
14.146,4.05827,0
