"Points:0","Points:1","Points:2"
1.60685,-1.07229,0
2.3861,-0.41537,0
1.62508,-0.9775,0
1.61445,-1.07833,0
2.89796,-1.41275,0
2.84891,-1.42702,0
2.75493,-1.48517,0
