"Points:0","Points:1","Points:2"
2.17513,-1.24981,0
3.37523,-0.17418,0
2.3865,-0.98974,0
2.03983,-1.14199,0
2.04631,-1.15061,0
3.1168,-0.10435,0
2.39117,-0.96905,0
3.36611,-0.15715,0
2.03476,-1.097,0
3.20628,-0.11515,0
2.1703,-1.26791,0
