"Points:0","Points:1","Points:2"
2.7351,-0.01369,0
1.92399,0.01677,0
1.50283,0.00335,0
3.12911,0.0141,0
3.27094,0.00076,0
1.92057,0.00437,0
2.92171,-0.00838,0
3.86,0.0025,0
3.37392,0.00618,0
3.00515,0.02256,0
3.70949,0.00741,0
1.18655,0.02429,0
2.61256,0.00327,0
2.1878,0.01004,0
2.64374,-0.00533,0
3.83851,-0.00997,0
1.38987,0.00492,0
3.08875,0.02753,0
1.07697,0.01841,0
2.293,-0.00403,0
1.21729,0.00684,0
3.70054,-0.00885,0
1.5896,-0.002,0
2.79112,-0.00624,0
