"Points:0","Points:1","Points:2"
4.07943,-0.58829,0
3.24998,-0.99868,0
3.20908,-0.6671,0
3.24917,-1.03982,0
3.18935,-0.68187,0
3.15233,-1.1058,0
3.25178,-0.98414,0
4.18724,-0.64101,0
2.71785,-0.72147,0
2.7378,-0.74925,0
