"Points:0","Points:1","Points:2"
1.56307,-0.00797,0
3.6315,-9e-05,0
2.2601,0.01501,0
1.04397,0.01615,0
1.939,0.01091,0
2.18843,0.02531,0
2.001,0.01202,0
3.9687,-0.00469,0
1.18655,0.02429,0
2.71145,0.02357,0
2.61256,0.00327,0
2.64374,-0.00533,0
2.41925,-0.00479,0
1.67102,0.01098,0
3.83851,-0.00997,0
2.8488,0.00554,0
3.71736,0.02397,0
2.54083,-0.01603,0
3.02402,-0.01053,0
3.61121,-0.00792,0
