"Points:0","Points:1","Points:2"
4.06323,-0.94825,0
3.99487,-0.92369,0
4.12395,-0.98857,0
4.21129,-0.98903,0
4.12863,-0.98208,0
4.38785,-0.9709,0
4.33641,-0.97468,0
4.06383,-0.95522,0
4.36377,-0.98351,0
4.93939,-0.22044,0
4.98628,-0.53001,0
4.98082,-0.53312,0
5.02135,-0.51425,0
5.04062,-0.4994,0
5.02401,-0.50459,0
