"Points:0","Points:1","Points:2"
4.49517,-1.03206,0
3.86246,-0.87194,0
4.06911,-1.02306,0
4.02345,-1.03271,0
4.22477,-1.11579,0
4.38084,-1.09103,0
4.38988,-1.10759,0
4.10427,-1.05523,0
4.46872,-1.07635,0
4.38354,-1.10829,0
4.11072,-1.07189,0
4.52031,-0.91782,0
4.54077,-0.76207,0
4.53268,-0.78998,0
4.50908,-1.06627,0
4.55729,-0.83838,0
4.94906,-0.13654,0
5.07107,-0.26917,0
