"Points:0","Points:1","Points:2"
2.19138,-1.04208,0
3.27434,-0.66022,0
2.156,-1.11108,0
2.62291,-0.48882,0
3.15578,-0.9124,0
3.25157,-0.75522,0
3.12587,-1.2486,0
2.67362,-0.44627,0
2.43059,-0.72942,0
2.29696,-0.8786,0
3.09478,-1.12103,0
2.79969,-0.42111,0
3.11322,-1.11728,0
2.35858,-0.82645,0
3.27184,-0.51869,0
3.11875,-1.22538,0
3.01678,-0.42151,0
3.2113,-0.78223,0
2.9547,-0.41888,0
3.15022,-1.25428,0
3.133,-1.29799,0
3.19223,-1.37918,0
3.37419,-1.53428,0
