"Points:0","Points:1","Points:2"
4.06911,-1.02306,0
3.92233,-0.9612,0
4.38084,-1.09103,0
4.38988,-1.10759,0
4.46872,-1.07635,0
4.38354,-1.10829,0
4.11072,-1.07189,0
4.52031,-0.91782,0
4.53268,-0.78998,0
4.50908,-1.06627,0
4.55729,-0.83838,0
4.57794,-0.83829,0
4.58154,-0.85398,0
4.81689,-0.57681,0
