"Points:0","Points:1","Points:2"
1.57374,0.01749,0
3.70166,0.02165,0
2.29511,-0.00995,0
2.42856,0.01767,0
2.79319,-0.01339,0
1.28793,-0.00935,0
1.08609,0.01938,0
2.2601,0.01501,0
1.92057,0.00437,0
3.02554,-0.01993,0
2.70911,-0.0027,0
3.77946,0.02234,0
2.99218,0.0042,0
3.70949,0.00741,0
3.45665,0.00217,0
3.16481,0.01481,0
3.38917,0.01418,0
1.58004,0.00012,0
2.87271,0.00823,0
2.17124,-0.01067,0
3.28641,-0.00478,0
2.79112,-0.00624,0
