"Points:0","Points:1","Points:2"
3.53631,-0.81825,0
3.76173,-0.78116,0
4.3638,-0.28054,0
4.35372,-0.29202,0
3.46587,-0.83834,0
4.36635,-0.27486,0
3.52691,-0.8139,0
3.25227,-0.86565,0
3.58646,-0.77917,0
3.31752,-0.85578,0
