"Points:0","Points:1","Points:2"
3.54847,0.52741,0
4.18913,-0.27912,0
3.64007,0.44388,0
4.16184,-0.23055,0
4.16498,-0.23042,0
3.90528,0.22109,0
4.14108,-0.19207,0
2.67547,0.3358,0
2.64062,0.34264,0
3.57945,0.48327,0
2.41597,0.27607,0
3.34884,0.31167,0
2.41346,0.26857,0
4.19007,-0.28298,0
2.49629,0.3284,0
2.33406,0.22495,0
3.16025,0.23336,0
3.42323,0.32929,0
3.8416,0.31141,0
3.02136,0.21717,0
2.35656,0.25561,0
3.84812,0.30951,0
