"Points:0","Points:1","Points:2"
4.41947,0.11628,0
4.45312,-0.54179,0
4.40272,0.17149,0
4.4929,0.05784,0
4.40938,0.13221,0
4.41693,0.16819,0
4.5026,0.05283,0
4.91589,-0.20109,0
4.92753,-0.19624,0
4.67252,0.38421,0
4.92869,-0.17075,0
4.93685,-0.1103,0
4.94335,-0.10033,0
4.93395,-0.11594,0
4.94146,-0.11365,0
4.8395,0.15592,0
4.90666,0.04101,0
4.95963,-0.07835,0
4.87055,0.09715,0
