"Points:0","Points:1","Points:2"
4.43341,-0.45797,0
4.10039,-0.72055,0
4.15361,-0.72917,0
4.16206,-0.75234,0
4.1099,-0.70158,0
4.23922,-0.68313,0
4.31687,-0.63969,0
4.09927,-0.7075,0
3.9238,0.28179,0
4.18161,-0.75013,0
4.18543,-0.73666,0
4.35575,-0.61034,0
4.28719,-0.65167,0
4.24579,-0.67602,0
4.33167,-0.60595,0
3.84292,0.32575,0
4.52346,-0.31313,0
4.71312,0.15571,0
4.78903,-0.04536,0
4.7519,0.09185,0
4.7925,-0.03243,0
4.78604,-0.0721,0
4.80469,-0.05097,0
4.73196,0.09091,0
