"Points:0","Points:1","Points:2"
4.47418,-0.71213,0
4.45098,-0.67307,0
4.16517,0.41059,0
4.45819,-0.67334,0
4.49395,-0.70774,0
4.65905,-0.67938,0
4.6734,-0.66104,0
4.74936,-0.67407,0
4.80991,-0.62343,0
4.75954,0.3968,0
4.767,0.41226,0
4.81937,0.53104,0
4.85213,0.56239,0
4.83856,0.57823,0
4.81888,0.51684,0
4.81817,0.49522,0
4.84277,0.59308,0
5.03784,-0.0035,0
4.92493,-0.48495,0
