"Points:0","Points:1","Points:2"
3.64159,0.00356,0
1.28793,-0.00935,0
1.3976,-0.01458,0
2.56377,-0.00266,0
2.44983,0.0119,0
2.88212,-0.00547,0
1.86859,0.00518,0
2.92171,-0.00838,0
2.5042,-0.01508,0
2.64374,-0.00533,0
1.67102,0.01098,0
3.39976,-0.00319,0
2.56001,0.01252,0
3.45115,-0.00866,0
1.64259,-0.00677,0
