"Points:0","Points:1","Points:2"
2.8129,-0.15242,0
2.8273,-0.13755,0
1.60936,0.13252,0
2.62065,-0.24224,0
2.63185,-0.25422,0
4.06152,-0.02492,0
4.06129,-0.05954,0
1.9686,0.18005,0
1.55782,0.11321,0
2.56236,-0.25254,0
2.53231,-0.21442,0
4.07353,-0.04177,0
1.86785,0.18249,0
