"Points:0","Points:1","Points:2"
3.52424,-0.00468,0
3.71812,0.002,0
2.79319,-0.01339,0
2.80289,0.00336,0
1.56307,-0.00797,0
2.56377,-0.00266,0
2.2601,0.01501,0
1.8931,0.0284,0
3.3123,0.01155,0
2.88212,-0.00547,0
2.34948,0.02939,0
2.21664,-0.00351,0
3.77946,0.02234,0
2.39056,0.02251,0
1.22141,0.008,0
1.67102,0.01098,0
2.87271,0.00823,0
3.39976,-0.00319,0
2.41414,-0.00072,0
3.4133,-0.0054,0
2.44907,0.02033,0
2.80845,0.00894,0
3.45115,-0.00866,0
2.79112,-0.00624,0
1.09754,0.03827,0
