"Points:0","Points:1","Points:2"
16.3887,1.14493,0
16.8847,0.75671,0
16.8334,0.75256,0
17.233,0.64688,0
17.3047,0.62425,0
