"Points:0","Points:1","Points:2"
3.52424,-0.00468,0
3.71812,0.002,0
1.92399,0.01677,0
2.56377,-0.00266,0
2.15849,0.00647,0
2.2601,0.01501,0
1.50283,0.00335,0
1.8931,0.0284,0
3.27094,0.00076,0
2.88212,-0.00547,0
1.86859,0.00518,0
3.98429,-0.04508,0
1.79606,0.02305,0
2.8918,-0.0108,0
3.70949,0.00741,0
1.18655,0.02429,0
3.45665,0.00217,0
3.3649,0.0028,0
1.054,0.03867,0
2.293,-0.00403,0
2.41414,-0.00072,0
3.4133,-0.0054,0
3.00499,-0.01594,0
2.79112,-0.00624,0
3.61121,-0.00792,0
