"Points:0","Points:1","Points:2"
7.08333,1.79923,0
7.57931,2.0985,0
7.67797,2.13058,0
