"Points:0","Points:1","Points:2"
15.2328,3.67733,0
15.5429,3.16289,0
15.5998,3.188,0
15.5897,3.20594,0
15.713,3.32743,0
15.7191,3.30775,0
