"Points:0","Points:1","Points:2"
5.63854,0.93951,0
5.86492,0.40776,0
5.71632,1.14252,0
5.8123,1.2439,0
5.71663,1.15681,0
5.95108,-0.19811,0
5.97963,0.02129,0
5.96853,0.13844,0
5.9982,1.37566,0
6.02798,1.60051,0
6.04831,1.58127,0
6.0293,1.65703,0
6.02372,1.65493,0
5.84159,1.96777,0
5.86331,1.97139,0
5.83133,1.96978,0
5.91267,2.0621,0
6.05116,2.09048,0
5.96776,2.11896,0
6.04648,2.11371,0
6.16717,2.01157,0
