"Points:0","Points:1","Points:2"
4.32122,0.10517,0
4.08531,0.06072,0
4.31893,0.12379,0
3.68494,-0.2177,0
4.39221,-0.15814,0
3.71325,-0.20141,0
4.41293,-0.19519,0
4.4241,-0.18957,0
