"Points:0","Points:1","Points:2"
4.59288,0.81714,0
4.65007,0.77475,0
4.64429,0.75659,0
4.68369,0.68594,0
4.71133,0.69268,0
4.74659,0.55174,0
4.7014,0.67578,0
4.79773,0.20385,0
4.8536,0.10999,0
4.95563,0.02671,0
4.96448,0.00443,0
5.36957,-0.05074,0
5.37902,-0.05675,0
5.68978,-0.04644,0
5.73464,-0.02935,0
5.83974,0.85176,0
5.82113,0.84683,0
5.82916,0.84761,0
5.79126,0.48068,0
5.80006,0.77359,0
5.78263,0.44546,0
5.84398,0.2811,0
5.84136,0.86504,0
