"Points:0","Points:1","Points:2"
1.57374,0.01749,0
1.28793,-0.00935,0
2.56377,-0.00266,0
2.15849,0.00647,0
2.2601,0.01501,0
1.50283,0.00335,0
1.92057,0.00437,0
2.92171,-0.00838,0
1.90008,0.00079,0
2.15257,0.01514,0
3.70949,0.00741,0
4.0024,-0.02413,0
3.45665,0.00217,0
3.16481,0.01481,0
2.97285,-0.01729,0
2.64374,-0.00533,0
2.77794,-0.00852,0
2.28949,0.00229,0
1.38735,0.01629,0
2.54083,-0.01603,0
1.5896,-0.002,0
3.28641,-0.00478,0
2.79112,-0.00624,0
