"Points:0","Points:1","Points:2"
5.6967,2.19161,0
7.81459,1.87949,0
7.88028,1.85654,0
