"Points:0","Points:1","Points:2"
3.69969,0.02228,0
1.56307,-0.00797,0
1.75192,0.01546,0
2.44983,0.0119,0
1.04397,0.01615,0
3.3123,0.01155,0
2.70911,-0.0027,0
2.87774,0.00876,0
1.79606,0.02305,0
2.8918,-0.0108,0
3.65829,0.02384,0
2.99218,0.0042,0
3.31443,0.00102,0
3.3649,0.0028,0
2.64374,-0.00533,0
1.58004,0.00012,0
3.83851,-0.00997,0
3.39976,-0.00319,0
2.293,-0.00403,0
2.56909,0.00352,0
2.80845,0.00894,0
3.02402,-0.01053,0
1.74074,0.02409,0
1.05489,0.02646,0
3.39353,0.00954,0
