"Points:0","Points:1","Points:2"
1.44814,0.00656,0
2.9769,0.01087,0
1.10635,-0.00935,0
3.19233,-0.00112,0
1.27612,-0.00598,0
1.0041,0.01141,0
3.63064,0.00212,0
