"Points:0","Points:1","Points:2"
9.90402,2.73416,0
9.94101,2.76772,0
11.2906,2.34675,0
11.6932,2.46935,0
11.7873,2.50998,0
