"Points:0","Points:1","Points:2"
2.90956,-0.00115,0
4.01198,0.01624,0
2.35073,0.07419,0
1.29143,0.0748,0
2.37678,0.06338,0
2.66375,-0.03408,0
3.85727,0.09809,0
1.91083,-0.07404,0
3.34425,0.04587,0
3.27671,0.06627,0
3.99576,0.011,0
2.00832,-0.04228,0
2.88433,-0.00932,0
2.36386,0.06178,0
2.34921,0.07082,0
1.28297,0.09127,0
3.86204,0.088,0
1.2227,0.10223,0
3.84439,0.1057,0
3.29399,0.06435,0
2.60577,-0.03976,0
2.57919,-0.02699,0
