"Points:0","Points:1","Points:2"
9.43248,2.1834,0
9.70305,2.46752,0
