"Points:0","Points:1","Points:2"
3.52424,-0.00468,0
3.70166,0.02165,0
1.68229,0.01424,0
2.7351,-0.01369,0
2.80289,0.00336,0
1.28793,-0.00935,0
3.6315,-9e-05,0
2.5762,0.00125,0
2.08367,-0.00771,0
2.52294,-0.00367,0
1.79606,0.02305,0
2.8918,-0.0108,0
3.00515,0.02256,0
1.18655,0.02429,0
2.96919,0.0317,0
2.02737,-0.00215,0
1.38987,0.00492,0
3.39976,-0.00319,0
2.293,-0.00403,0
2.28949,0.00229,0
3.05558,0.01767,0
