"Points:0","Points:1","Points:2"
3.5135,-0.17586,0
3.46203,-0.12826,0
4.03291,-0.20698,0
3.00231,0.1158,0
4.17009,-0.03604,0
3.43349,-0.11661,0
3.64449,-0.25345,0
3.97257,-0.23745,0
2.0783,-0.29407,0
2.14126,-0.29569,0
2.34445,-0.27759,0
3.03219,0.15112,0
3.69799,-0.27703,0
2.15379,-0.30821,0
3.47058,-0.13152,0
2.92619,0.05814,0
3.45903,-0.13628,0
3.50873,-0.18574,0
2.17254,-0.30881,0
3.52812,-0.20216,0
3.64001,-0.25833,0
4.15276,-0.07103,0
