"Points:0","Points:1","Points:2"
1.68229,0.01424,0
2.7351,-0.01369,0
1.75192,0.01546,0
3.6315,-9e-05,0
2.44983,0.0119,0
1.04397,0.01615,0
2.93948,0.03159,0
2.88212,-0.00547,0
3.64247,0.00545,0
3.86,0.0025,0
3.00515,0.02256,0
3.70949,0.00741,0
2.15477,0.02574,0
3.31443,0.00102,0
1.18655,0.02429,0
3.45665,0.00217,0
2.02737,-0.00215,0
2.77794,-0.00852,0
2.87271,0.00823,0
3.70054,-0.00885,0
3.66397,-0.00087,0
2.51694,0.02891,0
