"Points:0","Points:1","Points:2"
6.84298,1.82247,0
7.02978,1.80398,0
6.96664,1.78707,0
7.93009,2.16354,0
