"Points:0","Points:1","Points:2"
3.18142,-0.00252,0
1.07309,-0.01372,0
1.45831,-0.00236,0
1.93281,-0.00181,0
2.39795,-0.00616,0
2.64175,0.01201,0
1.50283,0.00672,0
2.66984,-0.01259,0
2.0144,0.00622,0
3.18447,-0.00124,0
3.93136,0.01124,0
1.28057,-0.00164,0
1.72317,-0.00568,0
3.50768,-0.00288,0
2.74559,-0.00015,0
