"Points:0","Points:1","Points:2"
16.0823,3.41741,0
16.3995,2.67664,0
16.3517,2.25807,0
16.2849,1.88069,0
16.8174,0.86707,0
16.8706,0.8205,0
