"Points:0","Points:1","Points:2"
3.86246,-0.43653,0
3.98058,-0.29861,0
3.78237,-0.49538,0
4.46954,-0.60759,0
4.40835,0.32548,0
3.882,-0.44168,0
4.38269,0.34179,0
3.92411,-0.41274,0
3.89598,-0.42614,0
4.59588,-0.09586,0
4.59013,-0.12458,0
4.59453,-0.08424,0
4.61313,0.11536,0
