"Points:0","Points:1","Points:2"
4.06441,-0.08962,0
4.12243,-0.0171,0
4.10037,-0.03559,0
1.91756,0.18627,0
1.89333,0.20029,0
4.12938,-0.02584,0
1.83787,0.2025,0
3.53626,0.06361,0
4.01822,-0.1012,0
3.90551,-0.16674,0
4.06129,-0.05954,0
3.9714,-0.13277,0
1.8513,0.21337,0
4.05814,-0.04872,0
1.56759,0.09246,0
4.07353,-0.04177,0
1.8586,0.20588,0
