"Points:0","Points:1","Points:2"
2.81515,-0.82722,0
3.53224,-0.49572,0
4.66207,-1.39969,0
4.82573,-1.38177,0
4.82731,-1.40486,0
