"Points:0","Points:1","Points:2"
3.70166,0.02165,0
3.64159,0.00356,0
2.7351,-0.01369,0
2.5762,0.00125,0
3.12911,0.0141,0
3.64247,0.00545,0
1.939,0.01091,0
2.70911,-0.0027,0
2.001,0.01202,0
2.15257,0.01514,0
1.34745,0.02664,0
4.0024,-0.02413,0
2.1878,0.01004,0
2.41925,-0.00479,0
3.83851,-0.00997,0
2.87271,0.00823,0
2.56001,0.01252,0
2.03686,0.00733,0
1.38735,0.01629,0
2.8488,0.00554,0
3.71736,0.02397,0
2.32527,0.03181,0
1.8738,0.01769,0
2.20573,0.0319,0
3.28641,-0.00478,0
3.97922,-0.01075,0
