"Points:0","Points:1","Points:2"
3.71812,0.002,0
1.92399,0.01677,0
1.9119,0.01163,0
1.08609,0.01938,0
2.11721,0.01427,0
3.64247,0.00545,0
3.86,0.0025,0
3.14694,0.02724,0
2.94226,0.034,0
2.8918,-0.0108,0
2.96919,0.0317,0
2.61256,0.00327,0
1.46569,0.01642,0
2.46796,0.01278,0
3.24857,-0.01142,0
2.77794,-0.00852,0
1.07697,0.01841,0
2.293,-0.00403,0
2.03686,0.00733,0
2.41414,-0.00072,0
3.4133,-0.0054,0
2.79112,-0.00624,0
