"Points:0","Points:1","Points:2"
4.67576,-0.49037,0
4.7851,-0.35039,0
4.66636,0.38289,0
4.92753,-0.19624,0
4.9412,-0.25929,0
4.95113,-0.25902,0
4.92869,-0.17075,0
4.93497,-0.24732,0
4.94667,-0.25939,0
4.68958,0.38687,0
4.95526,-0.18096,0
4.93685,-0.1103,0
4.93395,-0.11594,0
4.94146,-0.11365,0
4.91023,0.07248,0
4.86045,0.17459,0
4.87767,0.09424,0
