"Points:0","Points:1","Points:2"
2.79319,-0.01339,0
2.16034,0.0103,0
2.80289,0.00336,0
1.04397,0.01615,0
3.12911,0.0141,0
3.86,0.0025,0
1.939,0.01091,0
2.90401,0.01615,0
3.70949,0.00741,0
2.97761,0.01577,0
1.22141,0.008,0
1.054,0.03867,0
1.38987,0.00492,0
2.87271,0.00823,0
2.56001,0.01252,0
2.293,-0.00403,0
2.03686,0.00733,0
1.4851,0.0276,0
2.56909,0.00352,0
1.38735,0.01629,0
3.4133,-0.0054,0
3.70054,-0.00885,0
2.80845,0.00894,0
3.45115,-0.00866,0
3.61121,-0.00792,0
3.05558,0.01767,0
