"Points:0","Points:1","Points:2"
1.65552,-1.24345,0
2.67552,-0.56248,0
2.21901,-0.60913,0
2.28704,-0.5682,0
1.79892,-0.88638,0
1.83535,-0.84572,0
1.85174,-0.82847,0
2.4645,-0.56071,0
2.02695,-0.73928,0
2.15144,-0.64742,0
2.24647,-0.58397,0
1.81543,-1.42074,0
1.92832,-1.44099,0
2.33303,-1.50662,0
2.17,-1.49456,0
2.1169,-1.51068,0
2.23671,-1.51152,0
2.46016,-1.49303,0
2.35754,-1.52454,0
2.51119,-1.47221,0
2.73018,-1.40497,0
2.77457,-1.37173,0
2.55011,-1.46643,0
