"Points:0","Points:1","Points:2"
2.38254,-0.01742,0
3.24536,-0.01769,0
3.00638,0.02079,0
3.2549,0.00675,0
3.48887,-0.0177,0
2.25931,-0.00798,0
3.79858,0.03788,0
1.33359,-0.01957,0
3.23369,-0.01555,0
2.39795,-0.00616,0
1.29559,-0.0033,0
1.41873,-0.01581,0
2.59659,-0.01628,0
3.93965,0.01563,0
1.93502,-0.01269,0
3.75056,0.02329,0
3.3564,-0.02232,0
1.46505,-0.00088,0
2.99536,-0.00603,0
3.41187,0.00087,0
2.7162,0.00464,0
2.66536,-0.00912,0
2.72923,0.01509,0
1.61217,0.0024,0
3.46263,-0.0244,0
