"Points:0","Points:1","Points:2"
3.70166,0.02165,0
2.14987,0.02424,0
2.80923,0.00963,0
1.92399,0.01677,0
2.16034,0.0103,0
3.69969,0.02228,0
1.28793,-0.00935,0
2.15849,0.00647,0
2.2601,0.01501,0
2.93948,0.03159,0
2.61535,-0.00442,0
3.12911,0.0141,0
3.22322,-0.01477,0
2.001,0.01202,0
2.87774,0.00876,0
3.77946,0.02234,0
4.0024,-0.02413,0
1.22141,0.008,0
3.38917,0.01418,0
1.58004,0.00012,0
3.24857,-0.01142,0
2.293,-0.00403,0
1.21729,0.00684,0
1.05489,0.02646,0
3.97922,-0.01075,0
