"Points:0","Points:1","Points:2"
2.17513,-1.24981,0
2.40945,-1.09845,0
3.45056,-0.14756,0
2.60105,-0.78837,0
2.99829,-0.13522,0
2.60586,-0.87826,0
2.55313,-0.93291,0
2.02872,-1.21952,0
2.07886,-1.24908,0
2.16141,-1.15073,0
2.58775,-0.77119,0
2.02876,-1.23498,0
3.16567,-0.08032,0
2.26326,-1.11067,0
1.98543,-1.20378,0
2.65534,-0.34251,0
2.97331,-0.14038,0
2.33083,-1.09699,0
2.66893,-0.33442,0
2.60682,-0.85225,0
2.19297,-1.12152,0
