"Points:0","Points:1","Points:2"
12.375,4.27921,0
13.5084,4.03418,0
13.8573,4.05936,0
