"Points:0","Points:1","Points:2"
3.52424,-0.00468,0
3.64159,0.00356,0
2.42856,0.01767,0
1.68229,0.01424,0
2.7351,-0.01369,0
1.08609,0.01938,0
1.3976,-0.01458,0
2.44983,0.0119,0
2.93948,0.03159,0
3.22322,-0.01477,0
1.86859,0.00518,0
3.37392,0.00618,0
2.94226,0.034,0
2.96919,0.0317,0
2.41925,-0.00479,0
1.38987,0.00492,0
2.56001,0.01252,0
3.71736,0.02397,0
2.41414,-0.00072,0
3.70054,-0.00885,0
1.8738,0.01769,0
3.97922,-0.01075,0
3.05558,0.01767,0
