"Points:0","Points:1","Points:2"
3.46971,-0.23923,0
3.57786,-0.18708,0
4.12617,-0.44021,0
4.1522,-0.37843,0
4.13015,-0.24605,0
3.95905,-0.5407,0
4.12944,-0.43754,0
4.08355,-0.17684,0
4.18277,-0.28248,0
3.86304,-0.58308,0
3.14719,-0.40226,0
4.12767,-0.21243,0
3.9753,-0.12801,0
4.17956,-0.3498,0
4.1147,-0.2205,0
4.02375,-0.53397,0
3.96099,-0.58745,0
3.96057,-0.57082,0
3.65027,-0.14662,0
4.26018,-0.28327,0
3.55154,-0.20504,0
4.64673,-0.132,0
4.65942,-0.11196,0
