"Points:0","Points:1","Points:2"
4.37429,0.0218,0
4.31761,-0.17285,0
4.25897,0.05326,0
4.35462,0.02035,0
4.33481,0.05194,0
4.3489,0.00288,0
4.30053,-0.14118,0
4.32709,0.04092,0
3.79933,-0.24316,0
4.37565,0.02749,0
4.3302,-0.09243,0
4.14796,0.07508,0
3.88208,-0.25738,0
