"Points:0","Points:1","Points:2"
10.705,2.21114,0
10.977,2.10402,0
11.5795,2.17829,0
11.7431,2.28466,0
