"Points:0","Points:1","Points:2"
4.32929,-0.69182,0
4.42455,-0.67057,0
4.31286,-0.69443,0
4.43458,-0.65563,0
4.41907,-0.65739,0
4.47685,-0.59606,0
4.46954,-0.60759,0
4.54013,-0.50525,0
4.53443,-0.51087,0
4.54972,-0.45435,0
4.52482,-0.53769,0
4.79286,-0.19407,0
4.85793,-0.15455,0
4.83268,-0.06659,0
4.6839,0.29899,0
4.73807,0.18419,0
4.74565,0.21824,0
