"Points:0","Points:1","Points:2"
7.83441,2.54268,0
8.30836,2.71088,0
8.2133,2.77153,0
