"Points:0","Points:1","Points:2"
4.23928,-0.20323,0
3.93934,-0.29089,0
4.13113,-0.25488,0
3.72794,-0.34677,0
3.31415,-0.2732,0
4.30053,-0.14118,0
3.46025,-0.31693,0
4.23609,-0.18265,0
4.25719,-0.17458,0
3.59492,-0.34233,0
3.25581,-0.27656,0
3.68214,-0.34442,0
3.68645,-0.3513,0
3.45499,-0.31527,0
3.70832,-0.34978,0
