"Points:0","Points:1","Points:2"
3.28981,-0.0469,0
3.14584,-0.08778,0
2.02876,-1.23498,0
2.00341,-1.23832,0
