"Points:0","Points:1","Points:2"
5.74977,2.28246,0
6.79861,1.82413,0
7.95446,2.19271,0
8.03841,2.25973,0
8.12183,2.33024,0
