"Points:0","Points:1","Points:2"
3.64159,0.00356,0
2.80923,0.00963,0
1.66805,-0.00503,0
2.56377,-0.00266,0
1.50283,0.00335,0
1.04397,0.01615,0
2.61535,-0.00442,0
3.3123,0.01155,0
3.27094,0.00076,0
1.90008,0.00079,0
2.18843,0.02531,0
2.7588,-0.00648,0
3.77946,0.02234,0
3.9687,-0.00469,0
4.0024,-0.02413,0
2.61256,0.00327,0
2.02737,-0.00215,0
1.22141,0.008,0
3.24857,-0.01142,0
1.054,0.03867,0
3.83851,-0.00997,0
2.56001,0.01252,0
1.38735,0.01629,0
2.20573,0.0319,0
3.39353,0.00954,0
