"Points:0","Points:1","Points:2"
2.42856,0.01767,0
3.6315,-9e-05,0
2.50416,-0.00737,0
2.08367,-0.00771,0
3.12911,0.0141,0
2.88212,-0.00547,0
3.64247,0.00545,0
3.86,0.0025,0
2.18843,0.02531,0
3.77946,0.02234,0
4.0024,-0.02413,0
1.18655,0.02429,0
3.16481,0.01481,0
2.1878,0.01004,0
2.97285,-0.01729,0
2.64374,-0.00533,0
1.22141,0.008,0
3.26479,0.02232,0
1.38987,0.00492,0
2.87271,0.00823,0
2.44907,0.02033,0
1.74074,0.02409,0
3.28641,-0.00478,0
1.64259,-0.00677,0
1.71817,-0.00317,0
3.39353,0.00954,0
