"Points:0","Points:1","Points:2"
9.66472,2.3557,0
9.4726,2.19384,0
9.64549,2.32406,0
9.45801,2.20415,0
9.70038,2.37066,0
10.053,2.71097,0
10.3265,2.61152,0
10.3318,2.59665,0
10.3779,2.58734,0
10.4444,2.54833,0
10.5874,2.39994,0
10.5343,2.45582,0
10.4377,2.53145,0
10.8593,2.37489,0
11.0519,2.43879,0
10.9358,2.40835,0
11.0861,2.43445,0
11.197,2.45555,0
11.4627,2.49106,0
11.5017,2.49322,0
