"Points:0","Points:1","Points:2"
3.79536,0.05607,0
3.84501,0.05507,0
3.50488,0.0236,0
1.56602,0.0962,0
