"Points:0","Points:1","Points:2"
3.53631,-0.81825,0
3.46587,-0.83834,0
3.52691,-0.8139,0
3.58646,-0.77917,0
3.62086,-0.73662,0
3.56148,-0.78088,0
3.56887,-0.78557,0
