"Points:0","Points:1","Points:2"
3.70166,0.02165,0
3.64159,0.00356,0
1.50283,0.00335,0
3.12911,0.0141,0
1.07973,0.03862,0
3.74851,0.03149,0
2.18843,0.02531,0
2.001,0.01202,0
3.77946,0.02234,0
3.70949,0.00741,0
3.9687,-0.00469,0
1.18655,0.02429,0
3.45665,0.00217,0
2.97285,-0.01729,0
2.64374,-0.00533,0
1.22141,0.008,0
3.38917,0.01418,0
1.054,0.03867,0
2.293,-0.00403,0
2.28949,0.00229,0
1.38735,0.01629,0
3.71736,0.02397,0
1.71817,-0.00317,0
3.04856,-0.01719,0
