"Points:0","Points:1","Points:2"
8.47849,2.84211,0
8.4876,2.86318,0
8.55856,2.82556,0
8.55413,2.83021,0
8.47046,2.87218,0
8.69135,2.76805,0
10.3952,2.48752,0
10.3761,2.47796,0
