"Points:0","Points:1","Points:2"
10.932,1.99129,0
10.921,1.98411,0
10.9767,1.96981,0
11.0645,1.97794,0
11.1525,1.98383,0
11.1803,1.97102,0
11.1304,1.9545,0
11.5547,2.06654,0
11.9495,2.56979,0
11.9714,2.57604,0
11.9663,2.55779,0
11.8476,2.19794,0
11.9505,2.36215,0
11.8977,2.30513,0
12.0024,2.93927,0
12.0148,2.95504,0
11.9602,2.39412,0
11.9721,2.5403,0
11.9971,2.99756,0
12.1818,3.4185,0
12.1777,3.4696,0
12.2887,3.65568,0
12.3994,3.83373,0
12.3912,3.88185,0
