"Points:0","Points:1","Points:2"
2.42856,0.01767,0
1.9119,0.01163,0
1.75192,0.01546,0
2.44983,0.0119,0
2.5762,0.00125,0
3.3123,0.01155,0
2.11721,0.01427,0
1.86859,0.00518,0
3.86,0.0025,0
3.14694,0.02724,0
2.34948,0.02939,0
2.94226,0.034,0
2.15477,0.02574,0
2.96919,0.0317,0
3.16481,0.01481,0
2.61256,0.00327,0
1.46569,0.01642,0
3.38917,0.01418,0
2.46796,0.01278,0
2.77794,-0.00852,0
2.293,-0.00403,0
2.03686,0.00733,0
3.05558,0.01767,0
