"Points:0","Points:1","Points:2"
3.22806,0.02432,0
3.64159,0.00356,0
1.9119,0.01163,0
1.08609,0.01938,0
1.3976,-0.01458,0
2.44983,0.0119,0
2.52294,-0.00367,0
3.37392,0.00618,0
1.79606,0.02305,0
2.15257,0.01514,0
3.16481,0.01481,0
2.97285,-0.01729,0
2.41925,-0.00479,0
1.38735,0.01629,0
2.8488,0.00554,0
2.75546,0.02585,0
1.21729,0.00684,0
3.70054,-0.00885,0
2.80845,0.00894,0
2.54083,-0.01603,0
3.00499,-0.01594,0
1.8738,0.01769,0
