"Points:0","Points:1","Points:2"
11.8365,2.57746,0
11.8324,2.55605,0
11.9016,2.96341,0
12.0267,3.41864,0
12.2289,3.81897,0
12.3431,3.96779,0
12.4601,4.13366,0
12.5527,4.15514,0
