"Points:0","Points:1","Points:2"
2.43645,0.2948,0
3.37028,0.47426,0
3.34711,0.43964,0
4.17009,-0.03604,0
3.43282,0.43172,0
2.57227,0.2458,0
3.45215,0.43622,0
2.54689,0.26103,0
2.90509,0.19588,0
3.50561,0.39635,0
3.43665,0.42574,0
2.28032,0.30145,0
4.17967,-0.05639,0
3.52765,0.37683,0
2.23623,0.26797,0
2.17161,0.24845,0
3.47776,0.40991,0
