"Points:0","Points:1","Points:2"
2.17513,-1.24981,0
2.82319,-0.17562,0
3.0692,-0.10387,0
3.20913,-0.11573,0
2.39148,-0.92061,0
2.03983,-1.14199,0
2.04631,-1.15061,0
3.40194,-0.2334,0
2.24798,-1.06737,0
3.01351,-0.13661,0
2.94393,-0.12181,0
2.03476,-1.097,0
2.38515,-0.8932,0
2.1703,-1.26791,0
