"Points:0","Points:1","Points:2"
2.29511,-0.00995,0
2.14987,0.02424,0
1.68229,0.01424,0
1.75192,0.01546,0
2.56377,-0.00266,0
1.04397,0.01615,0
2.52294,-0.00367,0
1.92057,0.00437,0
2.87774,0.00876,0
3.37392,0.00618,0
3.00515,0.02256,0
3.70949,0.00741,0
1.88908,-0.00816,0
2.61256,0.00327,0
2.02737,-0.00215,0
2.64374,-0.00533,0
2.14076,-0.01041,0
1.32569,0.01685,0
1.07697,0.01841,0
2.293,-0.00403,0
2.56909,0.00352,0
2.8488,0.00554,0
3.71736,0.02397,0
1.8738,0.01769,0
3.28641,-0.00478,0
