"Points:0","Points:1","Points:2"
4.56928,0.58271,0
5.37602,0.13596,0
5.64093,0.38184,0
5.66587,0.27009,0
