"Points:0","Points:1","Points:2"
9.54156,2.23686,0
9.64172,2.44631,0
9.91255,2.71546,0
9.90353,2.72096,0
9.92188,2.71283,0
9.87501,2.70728,0
9.92401,2.74602,0
10.335,2.65793,0
10.4698,2.53395,0
10.5536,2.43897,0
10.5036,2.49568,0
10.5627,2.39399,0
10.4199,2.6016,0
10.6474,2.33939,0
11.1814,2.29048,0
11.2534,2.3255,0
11.5167,2.41771,0
11.8204,2.45013,0
