"Points:0","Points:1","Points:2"
4.0676,0.0861,0
2.64101,0.08756,0
3.72203,0.13983,0
3.91515,0.10182,0
3.69917,0.15504,0
1.61508,-0.0886,0
3.71561,0.15915,0
4.06204,0.09027,0
3.458,0.13227,0
2.51649,0.08997,0
4.0268,0.07925,0
2.6263,0.08329,0
1.5623,-0.06851,0
4.01454,0.08666,0
1.5231,-0.05896,0
2.52471,0.08688,0
3.92598,0.1098,0
4.03379,0.09673,0
2.66874,0.09436,0
3.58112,0.19418,0
3.65357,0.17843,0
1.50626,-0.05634,0
