"Points:0","Points:1","Points:2"
3.28899,0.31089,0
3.58135,0.33397,0
4.14918,0.02939,0
4.1347,0.05355,0
3.71629,0.29558,0
3.27818,0.31381,0
4.14553,0.0115,0
4.14894,0.04104,0
3.53787,0.32557,0
3.57282,0.34111,0
3.75013,0.29015,0
