"Points:0","Points:1","Points:2"
1.75192,0.01546,0
3.73819,0.0122,0
2.56377,-0.00266,0
2.15849,0.00647,0
2.5762,0.00125,0
1.50283,0.00335,0
2.61535,-0.00442,0
3.52885,0.01242,0
2.86088,-0.00924,0
1.86859,0.00518,0
3.64247,0.00545,0
3.70949,0.00741,0
2.61256,0.00327,0
3.83851,-0.00997,0
2.77794,-0.00852,0
2.87271,0.00823,0
1.23771,0.00747,0
2.56001,0.01252,0
2.293,-0.00403,0
2.03686,0.00733,0
2.56909,0.00352,0
1.8738,0.01769,0
3.97922,-0.01075,0
3.04856,-0.01719,0
