"Points:0","Points:1","Points:2"
3.90147,-0.94208,0
4.45324,-0.46463,0
4.55769,-0.97995,0
4.54531,-0.97522,0
4.55698,-0.95237,0
4.56461,-0.95372,0
4.52693,-0.99939,0
4.549,-1.00253,0
4.62906,-0.90887,0
4.62556,-0.89984,0
4.77404,-0.42931,0
4.97817,-0.09538,0
5.08012,-0.17511,0
5.10043,-0.2465,0
5.09286,-0.2255,0
