"Points:0","Points:1","Points:2"
6.8851,1.62002,0
9.09153,2.44153,0
9.09465,2.45608,0
9.14455,2.41721,0
9.11771,2.44026,0
