"Points:0","Points:1","Points:2"
4.34586,-0.0428,0
4.15667,0.3446,0
4.27439,0.02906,0
4.18771,-0.41618,0
4.33532,-0.04095,0
4.1676,-0.68609,0
4.16542,-0.43359,0
4.46554,-0.36273,0
4.42013,-0.66321,0
4.42065,-0.34776,0
4.27548,0.06476,0
4.54824,-0.39349,0
4.54475,-0.24186,0
4.53544,-0.33709,0
4.51379,-0.37314,0
4.52872,-0.32808,0
4.55678,-0.3004,0
4.55945,-0.33924,0
4.67708,-0.29429,0
4.68893,-0.28701,0
4.76193,-0.17928,0
4.76916,-0.21756,0
4.74009,-0.0377,0
4.75332,0.24361,0
