"Points:0","Points:1","Points:2"
1.57374,0.01749,0
3.52424,-0.00468,0
2.79319,-0.01339,0
1.92399,0.01677,0
2.56377,-0.00266,0
1.8931,0.0284,0
2.87774,0.00876,0
3.9687,-0.00469,0
2.94454,-0.01332,0
2.39056,0.02251,0
1.46569,0.01642,0
2.97285,-0.01729,0
2.14076,-0.01041,0
1.08928,-0.00341,0
3.39976,-0.00319,0
2.56001,0.01252,0
2.56909,0.00352,0
2.28949,0.00229,0
3.70054,-0.00885,0
2.44907,0.02033,0
3.00499,-0.01594,0
3.66397,-0.00087,0
1.74074,0.02409,0
1.19918,0.02599,0
1.82403,0.0337,0
