"Points:0","Points:1","Points:2"
2.29511,-0.00995,0
1.68229,0.01424,0
2.7351,-0.01369,0
1.9119,0.01163,0
1.50283,0.00335,0
1.04397,0.01615,0
2.93948,0.03159,0
2.61535,-0.00442,0
1.8931,0.0284,0
3.3123,0.01155,0
2.88212,-0.00547,0
2.11721,0.01427,0
1.86859,0.00518,0
3.14694,0.02724,0
2.21664,-0.00351,0
2.96919,0.0317,0
2.02737,-0.00215,0
1.38987,0.00492,0
2.41414,-0.00072,0
3.4133,-0.0054,0
1.21729,0.00684,0
