"Points:0","Points:1","Points:2"
2.98007,-0.10596,0
2.96323,-0.11639,0
4.06441,-0.08962,0
1.6538,0.21195,0
3.75088,-0.1958,0
4.00683,-0.13792,0
3.97381,-0.16137,0
2.54077,-0.17716,0
3.51907,0.05254,0
3.0061,-0.07743,0
3.77473,-0.19371,0
2.71561,-0.19482,0
3.77714,-0.20979,0
3.77272,-0.20792,0
3.77364,-0.18469,0
3.99962,-0.15355,0
4.07585,-0.08579,0
3.81856,-0.19024,0
3.7707,-0.20343,0
3.9778,-0.15795,0
1.65158,0.22348,0
1.64207,0.23338,0
