"Points:0","Points:1","Points:2"
4.01272,-0.68421,0
4.14331,-0.69222,0
4.05148,-0.68249,0
4.04175,-0.69269,0
3.88666,0.37596,0
4.03737,0.26753,0
4.01208,0.27541,0
3.81249,0.4383,0
4.09927,-0.7075,0
3.86796,0.38484,0
3.8198,0.42346,0
3.83904,0.39766,0
4.01026,0.27029,0
3.86204,0.40386,0
4.05316,-0.69744,0
4.14755,-0.70365,0
4.72673,0.06215,0
