"Points:0","Points:1","Points:2"
11.1072,2.07552,0
11.074,2.08738,0
11.0867,2.0768,0
11.6053,2.28518,0
11.6619,2.33259,0
11.6097,2.29744,0
11.7312,2.36092,0
11.8124,2.41056,0
11.9988,2.66356,0
12.0523,2.68404,0
12.0814,2.73896,0
12.2025,3.13885,0
12.1803,3.10518,0
12.2194,3.18473,0
12.2827,3.301,0
12.2557,3.26537,0
