"Points:0","Points:1","Points:2"
12.722,4.30743,0
13.2182,4.25449,0
13.4948,4.08202,0
13.4326,4.07666,0
13.4221,4.09255,0
13.5378,4.08557,0
13.5267,4.09009,0
13.573,4.11304,0
13.907,4.09357,0
13.8574,4.116,0
