"Points:0","Points:1","Points:2"
11.9678,2.68405,0
11.9759,2.35624,0
12.333,3.7467,0
12.261,3.61615,0
