"Points:0","Points:1","Points:2"
3.19675,-0.0843,0
2.66462,0.01507,0
3.39318,-0.32896,0
3.20488,-0.13706,0
3.91337,-0.34477,0
4.31761,-0.17285,0
4.45364,-0.14698,0
3.23814,-0.20391,0
3.02597,0.29243,0
2.72539,0.11881,0
2.90316,0.26422,0
3.15878,0.30202,0
3.28457,-0.31212,0
4.36147,-0.15562,0
3.19617,-0.103,0
2.84838,0.21566,0
3.29536,-0.30783,0
