"Points:0","Points:1","Points:2"
16.3994,2.91197,0
16.4262,2.07269,0
