"Points:0","Points:1","Points:2"
1.95529,-1.2146,0
1.95217,-1.22811,0
2.72567,-1.00116,0
