"Points:0","Points:1","Points:2"
2.08627,-1.0222,0
2.47238,-0.43572,0
2.10699,-1.09385,0
2.09935,-0.99081,0
3.03184,-0.25027,0
2.44808,-0.5255,0
2.11507,-1.10652,0
2.46761,-0.4719,0
2.44084,-0.51913,0
3.10037,-0.25993,0
2.76101,-0.25697,0
2.47113,-0.42556,0
2.13562,-1.14808,0
2.10696,-0.96569,0
3.01723,-0.25267,0
2.13623,-1.18077,0
2.89227,-0.2528,0
2.66978,-0.26288,0
2.12654,-1.19405,0
2.12604,-1.18455,0
