"Points:0","Points:1","Points:2"
15.389,3.84713,0
15.8788,3.76453,0
16.2462,2.99508,0
