"Points:0","Points:1","Points:2"
9.5276,2.35282,0
9.63718,2.37529,0
10.0145,2.28013,0
10.259,2.22217,0
