"Points:0","Points:1","Points:2"
4.31761,-0.17285,0
2.85235,-0.09136,0
4.13341,0.07293,0
4.31932,-0.10908,0
4.25897,0.05326,0
4.35462,0.02035,0
4.33481,0.05194,0
4.3489,0.00288,0
4.30053,-0.14118,0
4.32709,0.04092,0
4.37565,0.02749,0
4.3302,-0.09243,0
2.74413,-0.14102,0
4.14796,0.07508,0
3.79788,-0.25293,0
4.32206,-0.08107,0
