"Points:0","Points:1","Points:2"
11.6784,1.99713,0
12.6821,4.06551,0
12.6444,4.06647,0
12.7079,4.09058,0
12.7395,4.25678,0
