"Points:0","Points:1","Points:2"
2.56681,-0.56671,0
3.1907,-0.55878,0
2.34933,-0.84834,0
2.66537,-0.49974,0
2.99169,-1.03074,0
3.21873,-0.57798,0
2.4479,-0.63568,0
2.98984,-1.14222,0
3.18611,-0.50969,0
3.007,-0.39258,0
2.90265,-0.41481,0
3.1158,-0.38388,0
2.57145,-0.52943,0
3.14909,-0.4598,0
2.99178,-1.05872,0
3.61555,-1.61693,0
3.53546,-1.57933,0
3.50059,-1.58909,0
3.42684,-1.54119,0
3.60989,-1.59722,0
3.34779,-1.5168,0
3.44696,-1.56977,0
