"Points:0","Points:1","Points:2"
3.52424,-0.00468,0
2.14987,0.02424,0
2.7351,-0.01369,0
2.16034,0.0103,0
2.80289,0.00336,0
2.5762,0.00125,0
1.04397,0.01615,0
2.61535,-0.00442,0
1.939,0.01091,0
2.87774,0.00876,0
2.99218,0.0042,0
3.70949,0.00741,0
2.15477,0.02574,0
2.97761,0.01577,0
1.67102,0.01098,0
3.08875,0.02753,0
3.39976,-0.00319,0
2.28949,0.00229,0
1.21729,0.00684,0
2.44907,0.02033,0
3.66397,-0.00087,0
2.79112,-0.00624,0
