"Points:0","Points:1","Points:2"
3.92141,-0.28976,0
4.27565,-0.18764,0
3.66649,-0.24362,0
3.84453,-0.27322,0
3.09109,0.132,0
2.90189,0.11478,0
2.92833,0.13628,0
4.30053,-0.14118,0
3.06402,0.11132,0
3.05455,0.12536,0
3.57951,-0.15227,0
3.95732,-0.21212,0
2.97653,0.12863,0
4.3302,-0.09243,0
4.25451,0.0906,0
3.57708,-0.18363,0
4.19431,0.12986,0
