"Points:0","Points:1","Points:2"
3.12754,-0.00945,0
3.22806,0.02432,0
2.14987,0.02424,0
2.80923,0.00963,0
3.69969,0.02228,0
1.3976,-0.01458,0
2.44983,0.0119,0
2.08367,-0.00771,0
2.61535,-0.00442,0
2.52294,-0.00367,0
3.74851,0.03149,0
3.86,0.0025,0
1.939,0.01091,0
2.21664,-0.00351,0
2.7588,-0.00648,0
2.99218,0.0042,0
2.94454,-0.01332,0
3.45665,0.00217,0
2.1878,0.01004,0
3.83851,-0.00997,0
2.77794,-0.00852,0
1.07697,0.01841,0
2.293,-0.00403,0
2.03686,0.00733,0
2.80845,0.00894,0
