"Points:0","Points:1","Points:2"
5.91329,1.24165,0
5.73629,1.88016,0
