"Points:0","Points:1","Points:2"
16.0611,3.45422,0
16.5158,2.63369,0
