"Points:0","Points:1","Points:2"
4.04677,0.06406,0
3.73849,0.12702,0
4.11633,-0.38533,0
4.20873,-0.48694,0
4.15209,-0.35883,0
4.40213,-0.29635,0
3.9146,-0.57224,0
3.9019,-0.59231,0
3.87412,-0.58273,0
4.18352,-0.54278,0
4.17956,-0.3498,0
3.85052,-0.59616,0
3.98258,-0.61425,0
4.26018,-0.28327,0
4.40787,-0.2695,0
4.23244,-0.00524,0
4.10473,-0.39095,0
4.55015,-0.18946,0
4.60304,-0.15085,0
4.60582,-0.13799,0
4.62533,-0.12154,0
4.6363,-0.09217,0
4.65759,-0.09729,0
