"Points:0","Points:1","Points:2"
4.07291,-0.09577,0
3.45616,0.13845,0
2.42704,-0.12172,0
3.70468,-0.19001,0
3.82,-0.2034,0
3.46873,0.16972,0
2.64803,-0.26972,0
3.19264,0.10516,0
3.81685,-0.20491,0
3.642,-0.14973,0
3.09325,-0.02196,0
3.8084,-0.21686,0
3.85212,-0.21258,0
2.91578,-0.16353,0
2.92157,-0.19689,0
3.14497,0.04722,0
2.89684,-0.18407,0
2.72697,-0.2629,0
3.79628,-0.22516,0
2.79226,-0.25085,0
3.87367,-0.19,0
