"Points:0","Points:1","Points:2"
3.3477,0.39523,0
1.66908,0.11898,0
3.42751,0.3696,0
3.58135,0.33397,0
3.53662,0.35444,0
4.14918,0.02939,0
1.63979,0.13701,0
3.40307,0.37268,0
4.1347,0.05355,0
3.59727,0.3299,0
1.69085,0.10357,0
1.70977,0.11965,0
1.55773,0.12541,0
3.4766,0.36825,0
3.38387,0.36883,0
3.5269,0.35418,0
3.41246,0.37853,0
4.15708,0.04736,0
1.57751,0.12329,0
3.52858,0.35626,0
1.66986,0.11098,0
1.52597,0.1397,0
4.14894,0.04104,0
1.53235,0.14944,0
3.57282,0.34111,0
