"Points:0","Points:1","Points:2"
3.34388,0.10229,0.00158
3.20005,0.30676,0.00282
2.97414,0.19973,0
3.00921,-0.0478,0
3.13056,-0.26638,0
2.88413,-0.30837,0.0031
2.67629,-0.16948,0
2.50903,0.01632,0.0014
2.25917,0.00797,0
2.00917,0.00847,0
1.75919,0.00537,0.0014
1.50966,0.02065,0
1.26207,-0.01393,0.00072
