"Points:0","Points:1","Points:2"
3.12284,-0.00519,0.00405
2.8759,0.03363,1e-05
2.62624,0.02098,0.00258
2.37681,0.00416,0.00054
2.13014,0.04471,0.00305
1.88771,-0.0163,1e-05
1.6378,-0.01006,0.0025
1.39921,0.06458,0.00397
1.16134,-0.0123,0.00152
0.91494,0.02996,3e-05
0.66905,0.07507,0.00223
0.42511,0.02036,0.00247
0.18266,-0.04056,0.00026
