"Points:0","Points:1","Points:2"
3.33081,0.13184,0
3.08297,0.09901,0
2.88429,-0.05273,0.00107
2.64862,0.0307,1e-05
2.39933,0.01192,0.00092
2.14933,0.01328,1e-05
1.90021,-0.00758,0.00134
1.65028,-0.00163,6e-05
1.40057,-0.01354,2e-05
1.1507,-0.00561,0.00149
0.9018,0.01784,2e-05
0.65816,0.07379,0.00302
0.41526,0.13285,1e-05
