"Points:0","Points:1","Points:2"
3.34652,0.10991,0.00014
3.17902,0.29549,0
2.97989,0.14436,0.0026
3.0871,-0.08148,0.00081
3.03308,-0.32556,0.00246
2.78714,-0.28074,0
2.59476,-0.12112,0.00314
2.37848,0.00424,0.00015
2.1288,-0.00831,0.00022
1.87991,-0.03183,0
1.63207,0.00096,0.00201
1.38264,0.01776,0.00258
1.13943,-0.0401,0.00079
