"Points:0","Points:1","Points:2"
3.35836,0.11657,0.00107
3.15323,0.25947,0.00165
3.00655,0.05703,0
3.08608,-0.17998,0.00012
2.83627,-0.17045,0.00136
2.62066,-0.04391,0.00246
2.37856,0.0184,0.00121
2.12924,0,0
1.88079,-0.02776,0.00199
1.63209,-0.00238,0
1.38212,0.0014,0.00015
1.13959,-0.05927,0.0004
0.89051,-0.03795,0
