"Points:0","Points:1","Points:2"
3.34922,0.10789,0
3.19985,0.30835,0.00184
2.97542,0.19822,0.00025
2.98961,-0.05137,0
3.23929,-0.06392,0
3.25513,-0.31342,0.0004
3.09167,-0.50258,0
2.89093,-0.35357,0.00054
2.70128,-0.19068,1e-05
2.49192,-0.05406,0.00134
2.24574,-0.01058,0
2.01889,0.09449,0.00065
1.77166,0.13158,0.00031
