"Points:0","Points:1","Points:2"
3.34898,0.1078,0.00177
3.15421,0.26453,0
3.03368,0.04554,0.00371
3.03095,-0.20444,0.00158
2.78432,-0.16358,1e-05
2.57096,-0.03328,0.00095
2.32891,0.02924,0.00042
2.0825,-0.01298,2e-05
1.83271,-0.02331,0.00028
1.5843,0.00478,0.00011
1.33433,0.00678,0.00342
1.09568,-0.06762,0
0.85753,0.00844,0
