"Points:0","Points:1","Points:2"
3.35627,0.1182,0
3.15392,0.26502,0.00051
3.00308,0.06568,0.00319
3.08801,-0.16943,2e-05
2.83832,-0.18183,0.00033
2.62261,-0.05545,0
2.38541,0.02352,0
2.1369,-0.00371,0
1.8876,-0.02232,0.00092
1.63818,-0.00531,0.00129
1.38818,-0.00617,1e-05
1.14318,-0.0559,0
0.89326,-0.05078,0.0041
