"Points:0","Points:1","Points:2"
3.349,0.10583,0
3.19819,0.30522,0
2.97503,0.19253,0.00175
3.0008,-0.05613,0
3.10691,0.17024,0.00145
3.25766,-0.0292,0
3.4664,-0.16676,0.00191
3.4752,-0.4166,0.00057
3.2619,-0.547,1e-05
3.01747,-0.49454,0.00052
2.79612,-0.37833,0
2.67212,-0.16125,0
2.62101,0.08347,0
