"Points:0","Points:1","Points:2"
3.26813,0.141,0
3.03224,0.05819,0.00013
2.79444,-0.01892,0.00214
2.55257,0.0443,1e-05
2.30378,0.01972,6e-05
2.05766,-0.02412,0.0003
1.809,0.00179,0.00013
1.55906,-0.00353,0.0012
1.3094,-0.01652,0.00254
1.05945,-0.01252,0
0.81481,0.03897,1e-05
0.56832,0.08071,0.00143
0.31979,0.1078,0.00076
