"Points:0","Points:1","Points:2"
3.34886,0.10208,0
3.20067,0.30343,0
2.9765,0.19278,0.00163
2.99969,-0.05614,0.00018
3.1146,0.16587,0.00327
3.29401,-0.0082,0.00014
3.42665,-0.22011,0
3.44617,-0.46935,0.00029
3.20562,-0.53744,0
2.95673,-0.514,0.00156
2.76049,-0.35912,0.0006
2.67157,-0.12546,0
2.59272,0.11177,0.00119
