"Points:0","Points:1","Points:2"
3.3566,0.10986,0
3.17347,0.28004,0.00055
2.99895,0.10104,0.00206
3.12408,-0.11539,0.00204
2.97564,-0.31655,0
2.75117,-0.20649,0
2.5539,-0.05291,0.0002
2.31266,0.01267,0.00043
2.06267,0.01454,0.00106
1.81677,-0.03058,0.00032
1.56858,-0.00059,1e-05
1.31909,-0.01657,0
1.07365,-0.06408,0
