"Points:0","Points:1","Points:2"
3.3468,0.10664,0.00132
3.19634,0.30629,0.00212
2.9719,0.19618,0.00013
2.98972,-0.05318,0
3.2012,0.08015,0.00161
3.34341,-0.12547,0.00117
3.30819,-0.37297,0.00183
3.14362,-0.56115,0
2.94051,-0.41539,3e-05
2.76645,-0.23593,0.00028
2.56107,-0.09341,0.00177
2.3321,0.00695,1e-05
2.11458,0.13014,0.00335
