"Points:0","Points:1","Points:2"
3.3545,0.11363,0
3.17293,0.28547,0
3.0067,0.09874,0.00035
3.12157,-0.12331,0
2.92507,-0.27787,2e-05
2.72816,-0.12387,0.0031
2.50669,-0.00794,1e-05
2.25769,0.01436,0.00101
2.00818,-0.00134,0.00035
1.75828,-0.00821,1e-05
1.50873,0.00686,0.00119
1.26037,-0.02166,0.00066
1.01359,-0.0617,0.00134
