"Points:0","Points:1","Points:2"
3.34834,0.10459,0.00086
3.19748,0.30393,0
2.96893,0.20263,0.00175
3.0085,-0.04421,4e-05
3.19247,-0.21349,3e-05
2.96685,-0.32117,0.00014
2.72503,-0.25771,0
2.60187,-0.04016,0.00095
2.35764,0.01321,0.00294
2.1079,0.02415,1e-05
1.8583,0.01003,0.00069
1.6086,-0.00227,0.00026
1.3597,0.02108,0.00144
