"Points:0","Points:1","Points:2"
3.3499,0.11017,0
3.18966,0.30201,0.00413
2.96672,0.18894,0.00027
3.05088,-0.04647,0.00131
3.07403,-0.29538,0.00399
2.82407,-0.29308,0.00046
2.62509,-0.14172,0.0004
2.42378,0.00651,0.00191
2.17385,0.0008,0.00167
1.92622,-0.03349,0.00081
1.67776,-0.00573,0.00137
1.42827,0.01015,0.0008
1.18088,-0.02586,0.00084
