"Points:0","Points:1","Points:2"
3.23658,0.05523,0.00331
2.98684,0.0443,0.00037
2.73808,0.01949,0.00189
2.48815,0.02532,0.00015
2.23839,0.01451,2e-05
1.99325,-0.03454,0.00187
1.74361,-0.02126,0.00084
1.49559,0.01016,0.00113
1.24632,0.02924,0.0017
0.99696,0.01145,0.00279
0.74703,0.01694,3e-05
0.50076,0.05989,0.00225
0.25521,0.01294,0.00094
