"Points:0","Points:1","Points:2"
3.34646,0.10719,0
3.20037,0.31007,0
2.98044,0.19121,0.00102
2.99989,-0.05803,0.00023
3.11553,0.16361,1e-05
3.28984,-0.0156,3e-05
3.42437,-0.22632,4e-05
3.42596,-0.47631,0.00125
3.18116,-0.527,0
2.93332,-0.49419,0.00027
2.84512,-0.26031,0.00485
2.66637,-0.08553,0.00387
2.46359,0.06068,0.00284
