"Points:0","Points:1","Points:2"
3.20877,0.03374,0.00219
2.9611,-0.00036,0.00105
2.71821,0.05881,1e-05
2.47515,0.00035,0.00179
2.22549,0.01327,2e-05
1.97951,-0.03137,0.00199
1.7308,-0.00607,0.00061
1.48092,0.0013,0.00297
1.23661,0.05433,0.00196
0.98775,0.03052,0.00223
0.73784,0.02372,0.00162
0.48944,0.05192,0.0007
0.26077,-0.049,0.0057
