"Points:0","Points:1","Points:2"
3.3467,0.10251,0.00174
3.20083,0.30555,0.00134
2.97569,0.19689,0
2.98253,-0.05302,1e-05
3.20216,0.06641,0
3.21228,-0.18327,0.00765
3.30709,-0.41446,0
3.10966,-0.56782,0
2.95193,-0.37387,0.00211
2.74661,-0.23125,0.0011
2.54811,-0.07927,0
2.31787,0.01816,0
2.08891,0.11852,0.00063
