"Points:0","Points:1","Points:2"
3.24302,0.06311,0.00112
2.99336,0.05006,0.00226
2.74603,0.01369,0
2.49708,0.0366,0.00036
2.24873,0.0081,0.0035
2.00122,-0.02688,0.00023
1.75131,-0.03389,0.00019
1.50509,0.00936,0.00112
1.25581,0.02841,0.00087
1.00748,-0.00045,0.00032
0.75797,0.01512,0.00174
0.51759,0.08377,0.00083
0.27116,0.04171,0.00247
