"Points:0","Points:1","Points:2"
3.34606,0.10515,0
3.19955,0.30772,0
2.97246,0.2032,0.00211
2.99636,-0.04565,0
3.22471,-0.14739,0.00175
3.12569,-0.37694,0.00028
2.88977,-0.29421,2e-05
2.70816,-0.12241,0
2.46841,-0.05154,3e-05
2.22048,-0.01943,0
1.98589,0.06697,0
1.7359,0.06479,1e-05
1.49323,0.00467,0
