"Points:0","Points:1","Points:2"
3.34933,0.10766,0.00186
3.19935,0.30767,0
2.97179,0.20416,0.00023
2.99647,-0.04462,0
3.22543,-0.145,0.00101
3.0783,-0.34712,0.00064
2.83384,-0.2948,0
2.63352,-0.14524,0.00178
2.428,-0.0029,0.00261
2.17927,0.02221,0.00064
1.92932,0.02716,0.00084
1.68236,-0.01172,0
1.43738,0.0381,0.00142
