"Points:0","Points:1","Points:2"
3.33821,0.12253,0
3.0883,0.12897,0.00101
2.94555,-0.07627,0.00124
2.70561,-0.0061,0
2.46024,0.04178,0
2.21456,-0.00451,0
1.96513,-0.0213,0.00144
1.71513,-0.02198,0
1.46549,-0.03537,0
1.21566,-0.02686,0.00315
0.97154,0.02703,0.00165
0.7231,0.05486,4e-05
0.4781,0.1046,0.00021
