"Points:0","Points:1","Points:2"
3.35099,0.10227,0
3.20314,0.30386,0.00132
2.97922,0.19268,1e-05
2.99206,-0.05699,0.00088
3.19597,0.08766,0.00169
3.34462,-0.11334,0
3.33105,-0.36297,0.00083
3.16218,-0.54732,0.00161
2.93021,-0.45412,0.00085
2.79404,-0.24446,0.00078
2.57995,-0.11537,0.00221
2.3592,0.00198,0.00254
2.1313,0.10474,0.00222
