"Points:0","Points:1","Points:2"
3.34668,0.10525,0.00131
3.19848,0.30659,0
2.97272,0.1992,0.00033
2.98473,-0.05051,0
3.22723,0.01028,0
3.24857,-0.2388,0.00145
3.19517,-0.48302,0.00362
2.95199,-0.42513,1e-05
2.78084,-0.24291,0
2.63022,-0.04337,1e-05
2.38878,0.0215,0
2.144,0.07231,0.0008
1.89833,0.11863,0.0004
