"Points:0","Points:1","Points:2"
3.35212,0.11139,0
3.1744,0.28722,0.0002
3.00659,0.10191,0
3.10662,-0.12721,0
2.88497,-0.24283,0.0019
2.6861,-0.09135,0
2.45695,0.0086,0.00049
2.20699,0.01301,3e-05
1.957,0.01229,0.00281
1.70736,-0.00109,0.00236
1.45763,0.01018,1e-05
1.21495,-0.0499,0.00033
0.96535,-0.06375,0.00312
