"Points:0","Points:1","Points:2"
3.35296,0.11254,0.00071
3.1746,0.28772,0.00088
3.00752,0.10177,0.00333
3.10438,-0.1287,0.00135
2.88097,-0.24088,0
2.68738,-0.08269,0
2.45321,0.00483,0.00133
2.20351,0.01706,0
1.95359,0.01094,0.00052
1.7036,0.00897,0
1.45362,0.00586,0
1.20949,-0.04799,0.00112
0.95994,-0.06254,0.005
