"Points:0","Points:1","Points:2"
3.27789,0.13591,0.00152
3.0421,0.05283,0.00172
2.80543,-0.0277,0
2.56497,0.04069,0.00164
2.31532,0.02756,0
2.069,-0.01521,0
1.8191,-0.02207,1e-05
1.57041,0.00347,0.00134
1.32126,-0.01716,0.00056
1.07155,-0.0053,0
0.82499,0.03606,0.0014
0.5782,0.07594,6e-05
0.32994,0.10541,0
