"Points:0","Points:1","Points:2"
3.35153,0.11058,0.00084
3.16894,0.28135,0.00038
3.01159,0.08707,0.00118
3.10026,-0.14667,0
2.85687,-0.20378,0.00061
2.64748,-0.06719,0.00011
2.41219,0.01729,0.00113
2.16222,0.02084,0
1.91564,-0.02038,0.00144
1.66584,-0.0106,0.00031
1.4163,0.00458,0
1.17108,-0.04406,1e-05
0.92189,-0.06425,0
