"Points:0","Points:1","Points:2"
3.35464,0.1305,0
3.11151,0.18858,0.00326
3.10281,-0.06125,0.00041
2.85508,-0.09479,0.00188
2.61305,-0.0322,0.00423
2.36741,0.01415,0.00068
2.11762,0.02431,1e-05
1.87133,-0.0186,0.00053
1.62134,-0.01596,0.00067
1.37336,0.01575,0.00224
1.12345,0.0093,0.00035
0.87361,0.01751,0.00398
0.62834,0.0657,1e-05
