"Points:0","Points:1","Points:2"
3.34922,0.10705,0
3.19814,0.30624,1e-05
2.97169,0.20033,0.0027
3.00689,-0.04718,0.00189
3.20689,-0.19717,0.0021
2.99231,-0.32545,0.00217
2.74747,-0.27496,0.0027
2.61678,-0.06185,0.00026
2.38153,0.02274,4e-05
2.13259,-7e-05,0.00316
1.88292,0.01242,0
1.63323,-1e-05,0.0011
1.38346,0.01056,0.00256
