"Points:0","Points:1","Points:2"
3.2878,0.12782,0
3.04176,0.08351,0
2.81765,-0.02728,3e-05
2.57475,0.03186,0
2.32485,0.02461,2e-05
2.07823,-0.01632,0.00113
1.82841,-0.02592,0.00091
1.58013,0.00335,0.00097
1.33056,-0.01124,0.00081
1.08076,-0.00117,0.00235
0.83312,0.03304,0.00053
0.58561,0.06824,0.00084
0.33859,0.10669,0.0019
