"Points:0","Points:1","Points:2"
3.36183,0.11906,0
3.15481,0.25922,0
3.00027,0.06271,0.00058
3.08388,-0.1729,0.00171
2.8339,-0.17639,0.00068
2.61677,-0.0525,0.00238
2.37991,0.02745,0.00023
2.13192,-0.00425,3e-05
1.88242,-0.02004,8e-05
1.63279,-0.00646,1e-05
1.38294,0.00192,0.00133
1.1405,-0.05911,0
0.89063,-0.05133,0.00168
