"Points:0","Points:1","Points:2"
3.35555,0.1131,8e-05
3.1713,0.28206,0.00078
2.99958,0.10037,0.00027
3.12339,-0.11682,0.00065
2.96504,-0.31028,0.00022
2.73666,-0.2086,0.00239
2.54065,-0.05343,0.00041
2.30275,0.02341,0
2.05375,0.00121,0.0016
1.8049,-0.02269,1e-05
1.55776,0.01503,0
1.30952,-0.0146,0.00121
1.06575,-0.07004,0
