"Points:0","Points:1","Points:2"
3.34665,0.10455,0.00042
3.20066,0.30749,0
2.97293,0.20436,0
2.98962,-0.04508,0.00127
3.2206,-0.14072,0.00088
3.20695,-0.39035,0
2.95931,-0.3561,0.00122
2.78966,-0.17248,0.00104
2.56295,-0.06717,0.00415
2.31911,-0.01214,3e-05
2.07808,0.05421,5e-05
1.82998,0.02351,0.00254
1.58334,0.06435,0.00097
