"Points:0","Points:1","Points:2"
3.347,0.10834,0
3.18869,0.30182,0.00083
2.97871,0.16614,0.0004
3.04551,-0.07475,0.00364
3.0422,-0.32472,0.00111
2.79611,-0.28064,5e-05
2.60578,-0.11855,0
2.38425,-0.00271,0.00209
2.13435,-0.00968,0.0006
1.88468,-0.02258,7e-05
1.63524,-0.00584,0
1.38566,0.0085,0
1.1421,-0.04791,0.00016
