"Points:0","Points:1","Points:2"
3.34714,0.10268,0
3.19797,0.30329,0.00268
2.97293,0.19444,1e-05
3.00459,-0.05355,0.00066
3.01031,0.19638,0.00225
3.19469,0.02755,0.00082
3.43299,-0.04802,1e-05
3.48387,-0.29278,0.0021
3.33875,-0.49634,1e-05
3.08879,-0.49986,0.00233
2.8446,-0.44628,0.00059
2.73717,-0.22054,0
2.5327,-0.0767,0.00017
