"Points:0","Points:1","Points:2"
3.34762,0.11078,0
3.187,0.30235,0.00033
2.97258,0.1738,0.0004
3.0494,-0.0641,0.00231
3.04277,-0.314,0
2.79383,-0.29093,0
2.61251,-0.11883,0.00202
2.39326,0.00128,1e-05
2.14331,-0.0038,0.00114
1.89395,-0.02156,0.00069
1.64492,0.00038,0.00246
1.39508,0.00953,0.00175
1.15109,-0.0449,1e-05
