"Points:0","Points:1","Points:2"
3.30957,0.13174,1e-05
3.06768,0.06858,0
2.83341,-0.01864,0.00308
2.58851,0.03162,0.00161
2.33851,0.03198,0.00189
2.09524,-0.02559,1e-05
1.84524,-0.02501,1e-05
1.5968,0.00288,0.00085
1.34706,-0.00842,0.00137
1.09706,-0.01037,0.00179
0.84994,0.02743,0.00071
0.60634,0.08364,0
0.35676,0.09804,0.00155
