"Points:0","Points:1","Points:2"
3.19967,0.04294,0
2.9507,0.02024,0
2.70087,0.02924,0.00101
2.4509,0.02511,0.00075
2.20138,0.00965,0.0017
1.95473,-0.03112,0.00319
1.70519,-0.01628,0.00025
1.46062,0.03553,0.0011
1.21062,0.03696,0.00167
0.96199,0.01091,0
0.71566,0.05357,0.00049
0.46834,0.01701,0.00042
0.22141,-0.02205,0.00038
