"Points:0","Points:1","Points:2"
3.35093,0.11275,0.00109
3.16596,0.28094,0.00208
3.00878,0.08654,0.00051
3.10936,-0.14233,0.00147
2.86763,-0.20608,0.00167
2.66195,-0.06396,1e-05
2.42226,0.00708,0
2.17261,0.02029,3e-05
1.92348,-0.00054,0.0016
1.67354,-0.006,0.00319
1.42359,-0.00249,6e-05
1.17618,-0.03839,0
0.92865,-0.07315,0.00475
