"Points:0","Points:1","Points:2"
3.35454,0.11049,1e-05
3.17161,0.2809,0
2.99839,0.10063,3e-05
3.11394,-0.12106,0
2.92484,-0.28459,0.00063
2.73608,-0.12067,0.00055
2.51532,-0.00334,0.00174
2.26571,0.01051,0.00223
2.01685,-0.01327,4e-05
1.76692,-0.01927,0.00152
1.51901,0.01294,0.00035
1.27198,-0.02549,0
1.02746,-0.07752,0
