"Points:0","Points:1","Points:2"
3.34597,0.10347,0.00185
3.19977,0.30626,0.00066
2.97508,0.19665,0.00104
3.00335,-0.05174,0.0012
3.10004,0.1788,0.00173
3.23285,-0.03299,0
3.46096,-0.13528,0
3.48833,-0.38376,0.00305
3.29568,-0.54306,0
3.04697,-0.51776,0.0017
2.83343,-0.38776,0.00072
2.6757,-0.1938,0
2.61841,0.04954,0.00084
