"Points:0","Points:1","Points:2"
3.34824,0.1087,0.0004
3.18981,0.30209,0.00101
2.96742,0.18788,0.00079
3.05196,-0.04739,0.00048
3.07509,-0.29632,0.00187
2.82515,-0.30113,0.00484
2.63252,-0.14184,1e-05
2.43323,0.0091,0
2.18326,0.00606,0.00245
1.93484,-0.02192,0.0013
1.68518,-0.00878,0.00135
1.43533,-0.00025,0.00112
1.18809,-0.03727,1e-05
