"Points:0","Points:1","Points:2"
3.26341,0.12953,0.00018
3.025,0.05429,0.00062
2.79014,-0.03136,1e-05
2.5488,0.03388,0.00172
2.29891,0.02678,0.00298
2.0536,-0.02133,2e-05
1.80519,0.00684,0
1.55572,-0.00929,0.00215
1.30578,-0.01432,0
1.0564,0.00327,0.00037
0.80925,0.04092,5e-05
0.56254,0.08122,0.00333
0.31463,0.11338,0.00075
