"Points:0","Points:1","Points:2"
3.25176,0.12836,6e-05
3.01788,0.04005,0.00075
2.77235,-0.00706,0
2.53059,0.05658,0.00053
2.2839,0.01605,0.00085
2.0375,-0.02622,0.00129
1.78925,0.00334,0.00166
1.53935,0.01018,3e-05
1.29075,-0.01625,0.00061
1.04099,-0.00521,0.00053
0.7924,0.02129,1e-05
0.54557,0.06094,0
0.30214,0.11789,0.00059
