"Points:0","Points:1","Points:2"
3.34766,0.11111,0.00013
3.17155,0.28855,0
3.00862,0.09895,0.0023
3.12004,-0.12484,0
2.91415,-0.26665,0.00056
2.71821,-0.11139,0.00079
2.49709,0.00525,0.00275
2.24721,0.01245,0
1.99721,0.01241,2e-05
1.74764,-0.00224,0.00038
1.49778,0.00605,0.00069
1.2499,-0.02646,0.00029
1.00262,-0.06325,1e-05
