"Points:0","Points:1","Points:2"
3.35041,0.10931,1e-05
3.19826,0.30769,0
2.97246,0.20038,0
2.986,-0.04925,0.00025
3.23256,-0.00817,0.00503
3.23473,-0.25811,1e-05
3.18026,-0.50211,0.00014
2.94534,-0.41658,0.00112
2.77085,-0.23755,0.00175
2.61802,-0.03971,0.00181
2.37207,0.00504,0
2.12715,0.05521,0
1.89147,0.13857,0.00172
