"Points:0","Points:1","Points:2"
3.34581,0.10364,0
3.20239,0.3084,0.00037
2.97791,0.19835,0
2.99096,-0.0513,0.00032
3.24094,-0.04833,0.0011
3.2535,-0.29801,0
3.11812,-0.50819,2e-05
2.9125,-0.36601,0.00243
2.71485,-0.21295,3e-05
2.51316,-0.06523,0
2.27055,-0.0049,0
2.03429,0.07685,0.00076
1.80245,0.17038,0.00127
