"Points:0","Points:1","Points:2"
3.35061,0.10527,0.0023
3.20143,0.30588,0.00109
2.9784,0.19292,0.00069
2.99584,-0.05647,0
3.16457,0.128,0.00082
3.318,-0.06939,0.00143
3.42923,-0.29328,0.00096
3.2858,-0.49804,1e-05
3.0359,-0.50503,1e-05
2.85069,-0.33711,0.00143
2.72723,-0.11976,0.00532
2.48964,-0.04205,0.00191
2.23986,-0.0316,0.00016
