"Points:0","Points:1","Points:2"
3.3549,0.1228,1e-05
3.15035,0.26652,0.0021
2.99835,0.06804,0.00129
3.08634,-0.16597,0.00158
2.8368,-0.18115,0
2.62273,-0.05203,0.00101
2.38577,0.02767,0.00216
2.13832,-0.00788,0.00135
1.88854,-0.01837,0
1.6388,-0.00703,0.00017
1.38891,0.0005,0.00125
1.14565,-0.05717,0.00067
0.89573,-0.05099,0
