"Points:0","Points:1","Points:2"
3.34538,0.11107,0.00061
3.18584,0.30353,0.00282
2.96811,0.18071,0
3.06259,-0.05075,0.00021
3.05506,-0.30064,0.00159
2.80524,-0.29147,9e-05
2.62028,-0.12327,0.00041
2.40484,0.00357,0
2.15485,0.00218,0.00034
1.9057,-0.01839,0.00183
1.65591,-0.00816,0.0006
1.40612,0.00211,2e-05
1.15866,-0.03342,0
