"Points:0","Points:1","Points:2"
3.20635,0.0651,0
2.96486,0.00046,0.00143
2.72358,0.06592,0.0005
2.48071,0.00665,0.00097
2.23093,0.01704,0.00284
1.98609,-0.03341,0
1.73704,-0.01162,0
1.48852,0.01551,0
1.2399,0.04172,0.00113
0.99108,0.01751,0.00164
0.7411,0.02094,0
0.4923,0.04538,1e-05
0.24344,0.02171,0.00239
