"Points:0","Points:1","Points:2"
3.15684,0.07149,0
2.91712,0.00059,0.00268
2.66939,0.03408,0
2.41998,0.01681,1e-05
2.17055,0.03321,0.00386
1.92906,-0.03134,2e-05
1.67934,-0.01951,0.00089
1.43533,0.03489,0.00191
1.18545,0.02713,0.00167
0.93611,0.00897,0.00112
0.69296,0.06708,0.00171
0.44336,0.05294,0.00269
0.21441,-0.04744,0.00076
