"Points:0","Points:1","Points:2"
3.35543,0.13235,0.00039
3.11929,0.21444,0
3.11303,-0.03548,5e-05
2.93214,-0.20805,0
2.70992,-0.0935,0
2.47966,0.00387,0
2.2299,0.0148,0
1.98271,-0.02246,0.00234
1.73279,-0.02878,0.0034
1.48451,0.00036,0.00092
1.23625,-0.02912,1e-05
0.98894,0.00747,0.00038
0.74549,0.06426,0.00203
