"Points:0","Points:1","Points:2"
3.35052,0.10731,0
3.19983,0.3068,0
2.9727,0.20233,0
2.98885,-0.04714,0.00017
3.23682,-0.07894,0.00092
3.2659,-0.32724,0.00058
3.07091,-0.48371,0.00017
2.86645,-0.33985,0
2.67743,-0.17623,0
2.46386,-0.04628,0
2.22623,0.03136,0.00157
1.98537,0.09832,0
1.73659,0.12306,0.0007
