"Points:0","Points:1","Points:2"
3.34768,0.10225,0.00225
3.19674,0.30153,0
2.97161,0.19284,0.00044
2.99103,-0.0564,0.00015
3.18916,0.09605,0.00094
3.34521,-0.09926,0
3.31836,-0.34782,0.00079
3.17947,-0.55568,0.0004
2.94239,-0.47639,0.00292
2.80093,-0.27028,0
2.60966,-0.1093,0.00108
2.38001,-0.01049,0.00026
2.16897,0.12353,0
