"Points:0","Points:1","Points:2"
3.34937,0.10668,0.00134
3.19942,0.30671,0.00201
2.97477,0.19704,0
2.98569,-0.05272,0
3.21326,0.05074,0.00255
3.21925,-0.19919,0.00227
3.29814,-0.43641,0.00051
3.05392,-0.48985,0.00059
2.89664,-0.29553,3e-05
2.68366,-0.16461,0.0009
2.4648,-0.04377,0.00081
2.21984,0.00614,0
1.98757,0.09859,0.00197
