"Points:0","Points:1","Points:2"
3.35662,0.12656,0.00123
3.11127,0.17454,0
3.08162,-0.07369,0.00023
2.83163,-0.0719,0.00078
2.58866,-0.01301,0
2.34041,0.01649,0.0002
2.09264,-0.0168,0.0018
1.84455,-0.04764,0.00095
1.59508,-0.03146,0
1.34535,-0.0198,0.00074
1.09576,-0.00541,1e-05
0.84877,0.03322,0.00021
0.60373,0.08277,0.00168
