"Points:0","Points:1","Points:2"
3.35035,0.10637,0.00084
3.19817,0.30472,0.00083
2.97525,0.19157,0.00238
3.00658,-0.05646,0.00092
3.02416,0.19292,0.00025
3.20051,0.01571,1e-05
3.42714,-0.08981,0
3.49245,-0.33113,0
3.3332,-0.52384,1e-05
3.0835,-0.5116,0
2.84614,-0.4331,1e-05
2.72966,-0.21189,0.00027
2.52057,-0.07484,0
