"Points:0","Points:1","Points:2"
3.34838,0.10729,0.00166
3.19893,0.3077,0.00028
2.97503,0.19648,0.00065
2.98434,-0.05335,0.00109
3.21004,0.05417,0
3.18549,-0.19457,0.00518
3.30654,-0.41326,0.0008
3.09914,-0.55285,0.00215
2.94575,-0.35544,0.00241
2.7399,-0.21358,0.00127
2.52964,-0.07833,0.00071
2.30312,0.02743,0.00044
2.06184,0.09289,0.00077
