"Points:0","Points:1","Points:2"
3.34637,0.10276,0.00036
3.19952,0.30506,0.00286
2.97263,0.20008,0.00147
2.99794,-0.04863,0.00073
3.22602,-0.15102,0.00053
3.04657,-0.32508,1e-05
2.7998,-0.28517,0.00349
2.61128,-0.121,0.00081
2.39913,0.01126,0.00041
2.14916,0.00745,2e-05
1.89916,0.0067,0
1.64929,-0.00134,3e-05
1.40002,0.01769,0
