"Points:0","Points:1","Points:2"
3.35176,0.1034,0
3.2042,0.30517,0.00367
2.97458,0.20638,0
2.98869,-0.04323,4e-05
3.22052,-0.13679,0.00094
3.213,-0.38667,0.00146
2.96313,-0.37877,0.00325
2.80157,-0.18799,0.00176
2.57263,-0.08757,0
2.33403,-0.01297,0.00184
2.09203,0.04973,0
1.84207,0.05149,0.00421
1.59319,0.02793,0.00195
