"Points:0","Points:1","Points:2"
3.35059,0.10739,0
3.19803,0.30544,0.00144
2.9693,0.20454,0
2.9937,-0.04427,0
3.2349,-0.11,0.00049
3.24283,-0.35986,0.00257
3.00547,-0.43833,0.0008
2.81007,-0.28239,0.00014
2.61586,-0.12496,0.0004
2.38175,-0.03724,0
2.14352,0.03854,0.00066
1.89501,0.06581,0.00107
1.64514,0.07379,0
