"Points:0","Points:1","Points:2"
3.34173,0.10063,0
3.19875,0.30571,1e-05
2.97287,0.19858,0
2.99194,-0.05068,0.00141
3.24181,-0.04259,0.00083
3.25727,-0.29211,0
3.13146,-0.50814,1e-05
2.90716,-0.39774,0
2.75229,-0.2015,0.00203
2.56778,-0.03282,0
2.32372,0.02133,0.00245
2.07797,0.06718,0.00091
1.85181,0.17333,0.00998
