"Points:0","Points:1","Points:2"
3.34819,0.10482,0.00012
3.20099,0.30688,0.00216
2.97635,0.19719,0
2.98422,-0.05266,0.00301
3.16883,0.1159,0.00121
3.32173,-0.0819,0
3.38642,-0.32338,0.00056
3.27061,-0.54494,0.00174
3.02274,-0.51241,0
2.85409,-0.32787,0.00109
2.69789,-0.13267,0.00133
2.46491,-0.04203,0
2.221,0.01261,0.00495
