"Points:0","Points:1","Points:2"
3.10564,-0.02107,0.0009
2.86396,0.04289,2e-05
2.61558,0.01457,0.00277
2.36559,0.01503,0.00065
2.11683,0.03988,1e-05
1.87102,-0.0057,0
1.62187,-0.02627,0
1.38496,0.05357,1e-05
1.14058,0.00088,0.00027
0.89498,0.04755,0.00111
0.64576,0.06718,0.00336
0.39802,0.03376,0.00059
0.15236,-0.01264,0
