"Points:0","Points:1","Points:2"
3.34424,0.10654,0.00085
3.1996,0.31045,0.0015
2.97591,0.19882,0
2.9872,-0.05092,0
3.23629,-0.07216,0.00179
3.25818,-0.32119,0.00093
3.08114,-0.4977,0
2.87704,-0.35334,0
2.69124,-0.18608,0.00198
2.48013,-0.05216,0.00135
2.23646,0.00371,0
2.00346,0.09428,0.00278
1.7554,0.12532,0.00132
