"Points:0","Points:1","Points:2"
3.34106,0.12735,0
3.09242,0.15339,0
3.02395,-0.08705,1e-05
2.7794,-0.03512,0.0003
2.54846,0.06059,0.00288
2.30224,0.0173,0.00151
2.05374,-0.00991,0.00363
1.80408,-0.02248,0
1.5547,-0.03991,0.002
1.30516,-0.02491,4e-05
1.05715,0.00657,0
0.8091,0.03779,0
0.56333,0.0836,0
