"Points:0","Points:1","Points:2"
3.34865,0.13948,0
3.09909,0.15441,0
3.03322,-0.08674,0.00191
2.78745,-0.04096,1e-05
2.55674,0.05534,0
2.30905,0.02148,0.00069
2.06109,-0.01041,0
1.81181,-0.02939,0
1.56196,-0.02075,3e-05
1.31197,-0.01975,0.00088
1.06314,0.00438,0
0.8143,0.02847,0.00022
0.56949,0.07907,0.00318
