"Points:0","Points:1","Points:2"
3.3442,0.10662,0
3.1992,0.31026,0.00185
2.97584,0.19799,0
2.98929,-0.05164,0.00117
3.23839,-0.07282,0.00181
3.25971,-0.32191,0
3.08597,-0.50166,0.00164
2.89389,-0.34164,0.00069
2.70061,-0.18309,0
2.48435,-0.05769,0.00239
2.23876,-0.01093,0.00276
2.01183,0.09394,0.0007
1.76537,0.13587,0
