"Points:0","Points:1","Points:2"
3.33292,0.13497,0
3.08575,0.09744,0
2.89139,-0.05978,0.00219
2.65398,0.01856,0.00309
2.40412,0.02686,0.0023
2.15503,0.00554,0.00279
1.90564,-0.01196,0.00226
1.65579,-0.00346,0.00064
1.40647,-0.02182,0
1.15676,-0.00983,0.0006
0.90761,0.01084,0.00136
0.66336,0.06413,0
0.4203,0.12263,0.00055
