"Points:0","Points:1","Points:2"
3.35306,0.13402,0
3.11214,0.20079,0
3.12271,-0.04898,1e-05
2.92453,-0.20139,9e-05
2.69491,-0.10253,0.00146
2.47428,0.01505,0.00098
2.22432,0.01119,1e-05
1.97665,-0.02284,0.00162
1.7267,-0.01779,0.00074
1.478,0.00769,2e-05
1.23068,-0.02871,0.00246
0.98385,0.01091,1e-05
0.7381,0.05682,0
