"Points:0","Points:1","Points:2"
3.35737,0.11899,0.00023
3.15103,0.26013,0.00044
2.9974,0.0629,0.00035
3.08642,-0.17071,0
2.83654,-0.17832,0.00084
2.61964,-0.054,0.0006
2.38265,0.02561,0.00029
2.13416,-0.00185,0.00026
1.88497,-0.02187,0.00026
1.63585,-0.00106,0.00293
1.38587,0.00261,0.00236
1.14261,-0.05497,0
0.89262,-0.05199,0
