"Points:0","Points:1","Points:2"
3.34631,0.1044,0.00107
3.19788,0.30557,0.00116
2.97663,0.18918,0.00011
3.02242,-0.05658,0.00224
2.98179,0.19008,0
3.20708,0.08171,0
3.41931,-0.05043,0
3.48685,-0.29113,0.00128
3.33869,-0.4925,0
3.089,-0.50481,0.0012
2.84575,-0.44713,1e-05
2.72628,-0.22753,0
2.53623,-0.0651,0.0008
