"Points:0","Points:1","Points:2"
3.35277,0.11843,0.001
3.16454,0.28294,0.00311
3.01146,0.08532,0
3.0872,-0.15293,0
2.84225,-0.20292,1e-05
2.64899,-0.04435,0.00329
2.40518,0.01085,0.00031
2.15549,-0.00143,3e-05
1.90557,-0.00794,0
1.6556,-0.00433,0.00175
1.40616,0.01228,1e-05
1.16371,-0.04869,1e-05
0.91385,-0.05702,0.00162
