"Points:0","Points:1","Points:2"
3.35608,0.12772,0
3.11196,0.18159,0
3.08584,-0.06704,0.00217
2.83586,-0.06864,0.00032
2.59144,-0.01622,0.00389
2.34534,0.02766,0.00082
2.09749,-0.00504,0
1.85033,-0.0426,0.00077
1.60065,-0.0299,0.00181
1.351,-0.01679,3e-05
1.1017,0.00174,0.00276
0.85367,0.03303,0.00187
0.60771,0.07776,0
