"Points:0","Points:1","Points:2"
3.33664,0.12604,0.00163
3.08766,0.14862,0.00038
3.01865,-0.09167,0
2.78723,0.00291,0
2.54167,0.04975,0.00252
2.2945,0.01233,0
2.04743,-0.0258,0.00226
1.79766,-0.01543,0.00028
1.54866,-0.03753,0.00399
1.29876,-0.03191,2e-05
1.05331,0.01556,0
0.80597,0.0519,0.00168
0.55783,0.08234,0.00211
