"Points:0","Points:1","Points:2"
3.34717,0.10622,0
3.20054,0.3087,0
2.97649,0.19779,0.00065
2.98575,-0.05204,1e-05
3.23458,-0.0758,0.0045
3.26221,-0.32423,3e-05
3.07985,-0.49524,0
2.87418,-0.35313,0.00053
2.68902,-0.18515,0
2.47892,-0.04965,0.0003
2.23319,-0.00368,0.00154
2.00599,0.10061,0
1.75722,0.12544,0
