"Points:0","Points:1","Points:2"
3.34566,0.10372,1e-05
3.20123,0.30778,0.00141
2.97761,0.196,0.00065
2.98929,-0.05372,0.00016
3.16944,0.11961,0.0014
3.32307,-0.07761,0
3.42412,-0.30628,0.00055
3.28556,-0.51437,0.00094
3.03584,-0.50248,0.0003
2.85021,-0.33503,0.00021
2.7109,-0.12744,0
2.47253,-0.0521,0.00173
2.22839,0.00168,0.00137
