"Points:0","Points:1","Points:2"
3.34978,0.10498,0.00074
3.19946,0.30474,0
2.9713,0.20256,0.00101
2.99064,-0.04669,0.00121
3.2385,-0.07929,0.00048
3.26481,-0.3279,0
3.07473,-0.49029,0
2.87612,-0.33845,0
2.68044,-0.18286,2e-05
2.47508,-0.04028,0.00107
2.23003,0.00918,0.00083
1.99408,0.09183,1e-05
1.74963,0.14403,0.00418
