"Points:0","Points:1","Points:2"
3.34783,0.10103,0.00243
3.20079,0.3032,0
2.97547,0.19489,0
2.98556,-0.0549,0.00161
3.19292,0.08475,0
3.34948,-0.11016,0.00043
3.32946,-0.35935,0.00205
3.16311,-0.54596,1e-05
2.93034,-0.45477,0.00135
2.79041,-0.24761,0.0025
2.58078,-0.11138,0.00212
2.35702,0.0001,0.00017
2.13654,0.11795,0
