"Points:0","Points:1","Points:2"
3.35226,0.10591,0
3.20192,0.30566,0
2.9747,0.2014,0
2.9846,-0.04838,0.00335
3.20837,0.06309,0.0017
3.19365,-0.18648,0.0012
3.30972,-0.4079,0
3.10967,-0.55783,0.00034
2.94595,-0.3689,0
2.73837,-0.22958,0
2.5459,-0.07004,0
2.31264,0.01991,0
2.07392,0.09414,0.00191
