"Points:0","Points:1","Points:2"
3.34874,0.10453,0.00061
3.20117,0.30633,0.00137
2.97677,0.19614,0
2.99318,-0.05332,0.00018
3.1781,0.11493,0.00055
3.32884,-0.08452,0
3.35329,-0.33332,0.00026
3.25463,-0.56303,0.00054
3.01066,-0.50849,0.00281
2.8431,-0.32297,0
2.67327,-0.13951,0
2.44732,-0.03253,0.00164
2.20577,0.03191,0.00183
