"Points:0","Points:1","Points:2"
3.3478,0.10373,0
3.19782,0.30374,0.00105
2.97083,0.19898,0.00196
3.00639,-0.04847,0
3.13497,-0.26286,0.00222
2.8883,-0.30345,0
2.66907,-0.18328,0.00068
2.51644,0.01471,0.0013
2.26648,0.01027,0.00184
2.01672,-0.00069,0.00034
1.76697,0.01032,0.00108
1.51699,0.00676,0.00241
1.267,0.00814,0.0011
