"Points:0","Points:1","Points:2"
3.35014,0.14253,0.00156
3.10097,0.16285,0
3.05874,-0.08356,0
2.81009,-0.05766,0.00054
2.57094,0.01521,0.00061
2.32095,0.01735,0.00151
2.07279,-0.01287,2e-05
1.82297,-0.02223,0
1.57298,-0.02186,0.00264
1.32302,-0.01799,0.0004
1.07383,0.00198,0.0023
0.826,0.03481,0.00029
0.58045,0.08176,0.00221
