"Points:0","Points:1","Points:2"
3.35023,0.10533,0.00235
3.19542,0.30162,0
2.97027,0.19295,1e-05
3.00932,-0.05396,0.00329
3.03045,0.19514,0.00087
3.18992,0.0026,0.00078
3.42768,-0.07467,0.00042
3.48182,-0.31873,0.00203
3.33266,-0.51935,0.00097
3.08334,-0.50097,0.00194
2.84238,-0.43434,0.00157
2.72453,-0.21387,0
2.52327,-0.06557,0.00214
