"Points:0","Points:1","Points:2"
3.34645,0.09873,0.00126
3.20201,0.30278,0
2.97677,0.19432,0.00041
3.00801,-0.05372,0
3.04298,0.19383,0
3.19789,-0.0024,0
3.42548,-0.10583,0.00099
3.48581,-0.34844,0.001
3.32219,-0.53746,0.0023
3.07409,-0.50669,0.00221
2.84058,-0.41742,1e-05
2.70102,-0.21,0.00019
2.50712,-0.0522,0.00066
