"Points:0","Points:1","Points:2"
3.35145,0.10476,0.00158
3.19677,0.30115,0
2.97114,0.19349,0
3.01958,-0.05178,0.00043
3.10539,-0.28659,0.00063
2.8563,-0.30786,0
2.65101,-0.16519,0.00017
2.46937,0.00657,0.00224
2.21951,0.01502,0.00138
1.96952,0.01272,0.00115
1.72137,-0.01761,1e-05
1.47222,0.00287,0.00227
1.22407,-0.02748,0.00208
