"Points:0","Points:1","Points:2"
3.34715,0.10177,0.00062
3.19963,0.30361,0.00047
2.97498,0.19393,0.00107
2.9937,-0.05537,0.00039
3.16476,0.12694,0.00239
3.30983,-0.07667,0.00217
3.43369,-0.29383,0.00152
3.2927,-0.50028,0.00126
3.0427,-0.4998,0.00312
2.8487,-0.34215,2e-05
2.73417,-0.11994,0.00241
2.49778,-0.03859,0.00057
2.24779,-0.03998,0.0008
