"Points:0","Points:1","Points:2"
3.3549,0.13008,0.00067
3.10928,0.17666,0.00065
3.093,-0.0728,1e-05
2.843,-0.07251,0.0007
2.59927,-0.01687,1e-05
2.35071,0.00994,2e-05
2.10076,0.00556,0.00236
1.85362,-0.03206,0.00014
1.60363,-0.03211,0.00309
1.3546,-0.01037,6e-05
1.10473,-0.00234,0
0.85643,0.02679,1e-05
0.61305,0.08385,0.00344
