"Points:0","Points:1","Points:2"
3.33662,0.12423,0
3.08673,0.13145,0.00209
2.9535,-0.08008,0
2.71443,-0.00696,6e-05
2.46801,0.03519,1e-05
2.22008,0.00311,0.00013
1.97147,-0.02325,0
1.72147,-0.02442,0
1.47148,-0.02351,0.00091
1.22166,-0.01403,2e-05
0.97421,0.02154,0.00211
0.72635,0.05412,1e-05
0.48108,0.1025,0
