"Points:0","Points:1","Points:2"
3.3405,0.10917,0.00104
3.18539,0.30523,0.00068
2.96536,0.18656,0
3.06031,-0.04471,0
3.07106,-0.29448,0.00077
2.82106,-0.29381,0
2.62813,-0.13485,0.00276
2.42545,0.01149,1e-05
2.17546,0.01069,0
1.92888,-0.03057,5e-05
1.67963,-0.01126,0.00086
1.43081,0.01296,3e-05
1.18528,-0.03414,0
