"Points:0","Points:1","Points:2"
3.34775,0.10986,0
3.19721,0.30945,0.00054
2.97199,0.20093,0.00045
3.0071,-0.04659,0
3.17112,-0.23526,0.00204
2.93266,-0.31034,0.00079
2.7196,-0.17957,0.00228
2.5478,0.00205,0.00152
2.29845,0.0199,0.00329
2.05163,-0.01984,0.00137
1.80193,-0.00759,0.00068
1.553,-0.03063,0
1.32931,-0.14226,0.00177
