"Points:0","Points:1","Points:2"
3.34973,0.11739,0
3.16813,0.2892,0.00055
3.01245,0.09359,0.00238
3.10505,-0.13862,0
2.86716,-0.21547,2e-05
2.66034,-0.07504,0.00284
2.4283,0.01798,0.00142
2.17843,0.00985,9e-05
1.92874,-0.00236,0.0015
1.67875,-0.00437,7e-05
1.42927,0.0117,0.00144
1.18347,-0.03393,2e-05
0.93705,-0.07599,0.00256
