"Points:0","Points:1","Points:2"
3.35277,0.11393,0.0008
3.1693,0.28372,0.004
3.00095,0.09894,0
3.12243,-0.11956,0
2.95917,-0.30889,0.00015
2.73493,-0.19835,0
2.54343,-0.03764,0.00093
2.29916,0.01553,0.00291
2.04972,-0.00103,0.00084
1.80132,-0.02923,3e-05
1.55564,0.01697,0.0024
1.30792,-0.01667,3e-05
1.06306,-0.06695,0.00412
