"Points:0","Points:1","Points:2"
3.35107,0.10832,0.00206
3.19862,0.30645,0
2.97382,0.19706,0
2.99074,-0.05236,0
3.24073,-0.0524,0.00288
3.24714,-0.30232,0.00146
3.09794,-0.50292,0.00195
2.8999,-0.35034,0.00169
2.70749,-0.19074,0.00049
2.50441,-0.04493,0.00111
2.25773,-0.00433,0.00097
2.02142,0.07725,0
1.78393,0.15534,0.00089
