"Points:0","Points:1","Points:2"
2.454,-0.00791,0
3.31476,0.1275,0
0.83649,0.03881,0
1.40603,0.00508,0
0.63196,0.07502,0
3.33662,0.14195,0
3.24555,0.1457,0
3.10313,-0.07053,0
3.12701,0.18607,0
3.35296,0.14672,0
3.30832,0.13544,0
1.07656,0.00727,0
1.93063,-0.00441,0
2.95933,-0.08512,0
1.37681,0.0172,0
0.92297,0.00619,0
2.32575,0.01801,0
3.31965,0.13942,0
0.91906,0.00639,0
0.60656,0.06343,0
3.11743,0.04093,0
3.11555,-0.02389,0
0.71234,0.05744,0
2.52128,-0.02555,0
3.10092,0.1476,0
