"Points:0","Points:1","Points:2"
0.40651,0.02938,0
1.39386,0.03786,0
0.6587,0.07058,0
3.01596,-0.02714,0
0.38725,0.02774,0
2.05417,0.01693,0
3.06614,-0.03,0
2.32575,0.01801,0
2.30763,0.01372,0
1.66259,-0.00846,0
1.69942,0.00341,0
1.49087,0.01301,0
