"Points:0","Points:1","Points:2"
1.36807,-0.02194,0
0.70986,0.02392,0
2.61324,0.02384,0
0.71767,0.02661,0
1.21847,-0.0139,0
0.60203,0.0622,0
2.82673,0.02474,0
0.65583,0.03005,0
1.53572,0.01047,0
0.92297,0.00619,0
2.32575,0.01801,0
2.43963,0.04217,0
2.15581,-0.00934,0
2.30763,0.01372,0
1.66259,-0.00846,0
1.69942,0.00341,0
0.91906,0.00639,0
0.74712,0.02171,0
2.07464,-0.01881,0
