"Points:0","Points:1","Points:2"
1.36807,-0.02194,0
2.78363,0.04412,0
1.40603,0.00508,0
2.61324,0.02384,0
0.60203,0.0622,0
1.69869,-0.02453,0
2.82673,0.02474,0
0.65583,0.03005,0
1.53572,0.01047,0
2.32575,0.01801,0
2.43963,0.04217,0
2.30763,0.01372,0
1.66259,-0.00846,0
1.69942,0.00341,0
0.91906,0.00639,0
0.60656,0.06343,0
2.22003,0.01576,0
1.63217,-0.00838,0
2.07464,-0.01881,0
