"Points:0","Points:1","Points:2"
0.40651,0.02938,0
0.83649,0.03881,0
0.77721,0.05638,0
1.39386,0.03786,0
0.27741,-0.0224,0
3.13403,0.02726,0
0.38725,0.02774,0
0.9651,0.01889,0
1.07656,0.00727,0
1.53572,0.01047,0
0.92297,0.00619,0
1.62012,-0.00232,0
1.66259,-0.00846,0
2.22003,0.01576,0
0.71234,0.05744,0
0.73323,0.05488,0
1.30726,0.03524,0
