"Points:0","Points:1","Points:2"
2.454,-0.00791,0
0.83649,0.03881,0
0.77721,0.05638,0
2.54714,0.01698,0
0.6587,0.07058,0
2.61324,0.02384,0
0.95888,0.03774,0
0.9651,0.01889,0
1.07656,0.00727,0
1.69869,-0.02453,0
2.82673,0.02474,0
2.05417,0.01693,0
0.2047,-0.02758,0
2.32575,0.01801,0
2.30763,0.01372,0
0.29195,-0.01096,0
0.91906,0.00639,0
0.60656,0.06343,0
0.9764,0.00474,0
2.10208,0.05025,0
0.5851,0.07007,0
2.22003,0.01576,0
