"Points:0","Points:1","Points:2"
3.82179,3.15885,0.01106
4.06296,3.0933,0.0046
4.30497,3.03065,0.0017
4.54546,2.96239,1e-05
4.78332,2.88542,0
5.01627,2.79467,0
5.11775,2.5662,0.00143
5.09839,2.31699,0.00583
5.03588,2.07495,0.00289
4.99,1.8292,0.00102
4.90517,1.59403,0
4.82119,1.35857,0.00163
4.75098,1.11892,0.01353
