"Points:0","Points:1","Points:2"
-6.50648,8.35668,0.00186
-6.32272,8.18717,0.0029
-6.08613,8.10647,0
-5.86938,7.98191,0.00236
-5.71481,7.78543,0.00015
-5.61388,7.55676,0.00491
-5.49028,7.33948,0.00146
-5.34148,7.13859,0.00218
-5.26431,6.9008,0.00166
-5.17224,6.66837,0.00044
-4.98098,6.5074,0.00332
-4.84883,6.29519,0.00133
-4.73417,6.07382,0.02003
