"Points:0","Points:1","Points:2"
-8.44437,8.99622,0.01365
-8.26557,8.82202,0
-8.03056,8.73677,0
-7.78664,8.79144,0.00379
-7.53799,8.81718,0.00042
-7.30386,8.72959,0.00349
-7.08499,8.6088,0.00112
-6.85276,8.51622,0.0009
-6.61817,8.4298,1e-05
-6.42221,8.27457,0.0012
-6.20115,8.15785,0.00381
-5.99566,8.01549,0.00089
-5.84738,7.81435,0.00849
