"Points:0","Points:1","Points:2"
1.59044,4.24981,0.0547
1.81939,4.16237,0.00535
2.06391,4.11058,0.00013
2.29121,4.00649,0
2.5401,3.98302,0
2.76926,3.88309,0.00098
2.9452,3.70549,0.00062
3.13234,3.53972,0
3.32207,3.37692,1e-05
3.56517,3.31864,0.00264
3.81155,3.27626,0.00238
4.05047,3.20268,0.00222
4.29283,3.14274,0.01526
