"Points:0","Points:1","Points:2"
4.45125,0.70762,0.01364
4.34603,0.48104,0.00396
4.25504,0.24821,0.00079
4.08673,0.06358,0.01004
3.83745,0.0468,0.01888
3.58831,0.03835,2e-05
3.37451,-0.09123,0.0012
3.12453,-0.09384,0.00119
2.87812,-0.05161,0.00175
2.63246,-0.09797,0.00169
2.38354,-0.12112,0.00339
2.13496,-0.14767,0.00519
1.88499,-0.15094,0.00369
