"Points:0","Points:1","Points:2"
-0.45079,4.10116,0.03253
-0.22866,3.99078,0.00135
0.00076,3.89144,0.00168
0.225,3.78092,0.0025
0.45933,3.69382,0.00089
0.70907,3.7053,0
0.95487,3.75091,0
1.19405,3.82358,0.00341
1.42033,3.92986,0.00343
1.61903,4.08157,0.00092
1.83832,4.20161,0.00014
2.07115,4.29264,0.00178
2.30334,4.38519,0.00666
