"Points:0","Points:1","Points:2"
-2.89104,4.74553,0.01505
-2.64265,4.72087,0.00099
-2.39899,4.66496,0.00268
-2.16463,4.57796,3e-05
-1.9177,4.53894,0.00126
-1.66779,4.54529,0.00367
-1.42276,4.59485,0.00193
-1.17515,4.56036,0.00183
-0.94499,4.4628,0.00443
-0.75405,4.30143,0.00256
-0.52874,4.19311,0.00075
-0.31659,4.06087,0.00081
-0.1175,3.9097,0.00442
