"Points:0","Points:1","Points:2"
-10.4345,12.5783,0.01081
-10.3094,12.3622,1e-05
-10.2181,12.1297,0.01113
-10.1051,11.9067,0.00932
-10.0027,11.6787,0.00244
-9.8326,11.4955,0.00056
-9.80327,11.2473,3e-05
-9.88166,11.0099,0.00236
-9.83876,10.7636,0.00255
-9.78194,10.5202,0.00123
-9.69507,10.2858,0.00469
-9.68922,10.0359,3e-05
-9.62203,9.79512,0.00514
