"Points:0","Points:1","Points:2"
-6.89922,8.49487,0.00739
-6.6791,8.37659,1e-05
-6.44675,8.28431,0
-6.21397,8.19315,5e-05
-6.0542,8.00093,0.00525
-5.84963,7.85731,0.00019
-5.63966,7.72163,0.00219
-5.50585,7.51046,0.00164
-5.36885,7.30134,0.00151
-5.30571,7.05945,0.00254
-5.24396,6.8172,0
-5.12518,6.59731,0.00615
-5.02746,6.36727,0.00057
