"Points:0","Points:1","Points:2"
2.45115,4.12026,0.00352
2.54341,3.88793,0
2.75021,3.74746,0.00196
2.97925,3.64726,0.0014
3.2162,3.56755,0
3.3616,3.36423,0.00425
3.57705,3.23741,0.0037
3.82415,3.19954,0.00104
4.06355,3.12752,0.00043
4.2887,3.01891,0.00331
4.4939,2.87612,0.0013
4.73546,2.81173,0.00325
4.94683,2.67826,0.00037
