"Points:0","Points:1","Points:2"
-5.48602,7.23586,0.00339
-5.36972,7.01458,0
-5.26291,6.78855,0
-5.13595,6.57323,0.0045
-5.07125,6.33179,4e-05
-4.87654,6.17499,0
-4.67197,6.03128,0.0005
-4.53657,5.82124,0.00761
-4.42174,5.59928,0.00059
-4.28227,5.3918,5e-05
-4.0866,5.2362,0.00099
-3.95392,5.02432,0
-3.88141,4.78508,0.00271
