"Points:0","Points:1","Points:2"
-4.44196,5.37559,0.00453
-4.25204,5.21303,0.0034
-4.07411,5.03744,0
-3.89784,4.86017,0.00205
-3.72391,4.6806,0.00323
-3.47649,4.64486,0.00528
-3.24119,4.72907,0.01209
-2.99462,4.76874,0.00074
-2.7522,4.70768,1e-05
-2.53982,4.57578,0.00108
-2.29002,4.58545,0.00368
-2.04036,4.598,0.00079
-1.79271,4.63219,0.00197
