"Points:0","Points:1","Points:2"
-12.6185,14.6061,0.00053
-12.4061,14.4741,0.00059
-12.2682,14.2657,0.00639
-12.1283,14.0586,0.00115
-11.9774,13.8593,0.00333
-11.7855,13.699,0.00421
-11.5616,13.5878,0.00065
-11.3459,13.4615,0.00334
-11.1728,13.2812,0.00134
-10.9776,13.125,0
-10.7622,12.998,0.00303
-10.5521,12.8626,0.00479
-10.3252,12.7577,0.00079
