"Points:0","Points:1","Points:2"
-6.93169,8.5527,0.0123
-6.72618,8.41088,3e-05
-6.51499,8.27738,0.00874
-6.28268,8.18506,0.00559
-6.04832,8.09821,5e-05
-5.85513,7.93953,0.00052
-5.68964,7.75219,0.00465
-5.51854,7.56996,0.00012
-5.39901,7.35059,0.00939
-5.30208,7.12033,0.00011
-5.2627,6.87346,0.00155
-5.16314,6.64414,0.00201
-5.0425,6.42517,0.00084
