"Points:0","Points:1","Points:2"
-10.4074,12.4407,0.03771
-10.2546,12.2443,0.01372
-10.1086,12.0416,0.00354
-9.96081,11.84,0.00106
-9.9252,11.5925,0.00144
-9.8626,11.3505,0.00141
-9.9347,11.1111,0.00099
-9.90389,10.863,0.00242
-9.84933,10.6191,0.00034
-9.71044,10.4112,0.00133
-9.64539,10.1698,0.00169
-9.58658,9.92685,0.00398
-9.5645,9.67783,0.00369
