"Points:0","Points:1","Points:2"
-10.7674,12.8051,0.00051
-10.6236,12.6006,0.0006
-10.4248,12.4491,0.00496
-10.2648,12.257,2e-05
-10.1556,12.0322,0.00276
-10.1056,11.7872,0.00511
-9.95146,11.5904,0.0004
-9.85077,11.3616,0.00152
-9.80245,11.1163,0.00014
-9.84509,10.8701,0.00602
-9.8393,10.6202,0.00063
-9.90463,10.3789,0.00042
-9.90036,10.1289,0.00178
