"Points:0","Points:1","Points:2"
-10.6992,12.7016,0.00421
-10.4917,12.5621,0.00264
-10.3447,12.36,0
-10.2422,12.1319,0.00253
-10.1363,11.9055,0.00475
-10.0532,11.6698,0.00049
-9.93692,11.4485,0.00232
-9.79666,11.2415,0.00097
-9.75822,10.9945,0
-9.87669,10.7744,0.0028
-9.85615,10.5252,0.00188
-9.68644,10.3416,0.00104
-9.54651,10.1345,0.00042
