"Points:0","Points:1","Points:2"
3.08813,3.53953,0
3.33116,3.4809,0.00079
3.54884,3.35801,0.00415
3.7645,3.23161,0.00032
3.99579,3.13671,0
4.22905,3.04678,0
4.47873,3.05929,0.00236
4.71462,2.9765,0.00097
4.88268,2.79144,0.00385
5.04688,2.60294,0.00104
5.16107,2.38094,0.01418
5.1561,2.13137,0.00034
5.16713,1.88162,0.00264
