"Points:0","Points:1","Points:2"
3.076,3.63173,0.00037
3.28967,3.50196,0.00324
3.51171,3.38712,1e-05
3.72691,3.2599,0.00141
3.9558,3.15938,0.00301
4.18784,3.06632,0.00355
4.4362,3.09483,0.00202
4.6704,3.00739,0
4.87804,2.86816,0
5.03143,2.67075,0
5.15124,2.45133,0.0014
5.14954,2.20134,0.00149
5.16355,1.95173,0.00281
