"Points:0","Points:1","Points:2"
-8.37502,8.90021,1e-05
-8.13914,8.81748,0.00422
-7.90576,8.72795,3e-05
-7.65611,8.74006,0.00496
-7.40763,8.76714,1e-05
-7.18942,8.64518,0.00347
-6.98932,8.49536,5e-05
-6.75727,8.40233,0.00034
-6.53424,8.2894,0.00293
-6.3107,8.1775,0.00066
-6.09054,8.05908,0.00343
-5.88104,7.92269,0.00127
-5.67219,7.78834,0.03013
