"Points:0","Points:1","Points:2"
-5.61154,7.38868,0.01464
-5.43231,7.21502,0
-5.28811,7.0108,0.00135
-5.24125,6.76523,0.00235
-5.09706,6.561,0.00118
-5.01774,6.32393,1e-05
-4.89431,6.10652,0.00192
-4.69704,5.95296,0.00277
-4.53141,5.7657,0.00233
-4.38836,5.56067,0.00274
-4.26348,5.3441,0.00351
-4.22106,5.09774,0.00597
-4.19743,4.84892,6e-05
