"Points:0","Points:1","Points:2"
4.48754,1.46937,0.03007
4.52236,1.22348,0.00129
4.54241,0.97431,0.00413
4.56606,0.72544,0.00172
4.55034,0.47594,0.00373
4.37411,0.29865,0.00037
4.15956,0.17033,0.00216
3.93894,0.05275,0.00207
3.6962,-0.00704,0.00413
3.47597,-0.12535,0.0033
3.23684,-0.19681,0.01772
2.99719,-0.26583,0.00017
2.74811,-0.28541,0.00886
