"Points:0","Points:1","Points:2"
-9.99675,11.1389,0.01472
-9.92214,10.9007,0.00107
-9.77096,10.7016,0.00499
-9.73761,10.4539,0.00121
-9.73473,10.2039,0.00286
-9.68654,9.95859,0
-9.62415,9.7165,0.00096
-9.52633,9.48646,0.00435
-9.34069,9.31902,0.00253
-9.10141,9.24664,0.00096
-8.87027,9.15143,0.00473
-8.62384,9.10939,0.00338
-8.38587,9.18582,0.00879
