"Points:0","Points:1","Points:2"
-9.36187,9.41214,1e-05
-9.17502,9.24607,0.0026
-8.93466,9.17731,0.00177
-8.69269,9.11445,0.00105
-8.47886,8.98492,0
-8.23304,8.93942,0.00102
-8.00779,8.83097,0
-7.78579,8.71601,0
-7.53583,8.71185,0.00067
-7.28649,8.72895,0.00677
-7.0585,8.62652,0.00154
-6.88259,8.44887,0.00178
-6.75988,8.23116,0.00832
