"Points:0","Points:1","Points:2"
3.69313,-0.09056,0.01784
3.44989,-0.03301,0.02279
3.20327,0.00264,0.00259
2.95865,-0.04889,0
2.7087,-0.0448,0.00203
2.46502,-0.10065,1e-05
2.21634,-0.12612,0.00288
1.96789,-0.14072,0.02649
1.72135,-0.1017,0.01237
1.49211,-0.00264,0.00077
1.24494,0.03451,0.00602
0.99507,0.04125,0.01031
0.74518,0.04077,0.00313
