"Points:0","Points:1","Points:2"
-4.20877,5.04369,0.00524
-3.96638,4.98246,0.00429
-3.72786,4.90769,0.00063
-3.4973,4.81103,0.00226
-3.25011,4.77376,6e-05
-3.00015,4.77407,0.00452
-2.76398,4.69208,0.00255
-2.53524,4.5912,0.0038
-2.28588,4.57358,0.00072
-2.03881,4.61172,4e-05
-1.79172,4.64944,0.00484
-1.54179,4.64601,3e-05
-1.29182,4.64218,0.0008
