"Points:0","Points:1","Points:2"
-5.77117,8.44527,0.0049
-5.71551,8.20156,0.00169
-5.67783,7.95443,0.0039
-5.62889,7.70927,0.003
-5.55329,7.47098,0.00487
-5.41056,7.26574,0.00678
-5.29233,7.04557,4e-05
-5.21432,6.80805,0
-5.12371,6.57512,0.00572
-5.08101,6.33689,0.06838
-5.03389,6.0917,0.08104
-4.91957,5.88372,0.00248
-4.79122,5.66919,2e-05
