"Points:0","Points:1","Points:2"
-10.4513,12.6446,0.02264
-10.3701,12.4092,0.00033
-10.2819,12.1752,0.00082
-10.1525,11.9613,0.00099
-10.0265,11.7454,0.00097
-9.88414,11.5399,0.00108
-9.75949,11.3232,0.00121
-9.8358,11.0851,0.0032
-9.83267,10.8352,0.00045
-9.78827,10.5892,0.00625
-9.70873,10.3523,7e-05
-9.6169,10.1198,0.0033
-9.4356,9.94768,0
