"Points:0","Points:1","Points:2"
-11.6939,13.8483,0.00267
-11.5529,13.6418,0.00156
-11.3709,13.4704,0.00433
-11.1578,13.3398,0.00098
-10.9445,13.2096,0.00759
-10.7164,13.1076,0
-10.5757,12.9009,0.00306
-10.4596,12.6796,2e-05
-10.3855,12.4408,0.00403
-10.2715,12.2184,0.00014
-10.2226,11.9732,0.00118
-10.2001,11.7242,0
-10.1325,11.4835,0
