"Points:0","Points:1","Points:2"
-10.4106,12.5267,0.00227
-10.2767,12.3157,0
-10.1914,12.0807,0.00035
-10.0761,11.8588,0
-9.96377,11.6355,1e-05
-9.85052,11.4126,0.00026
-9.8924,11.1662,0.00378
-9.92722,10.9186,0
-9.81675,10.6944,0.00523
-9.74895,10.4538,0.00177
-9.70479,10.2078,0.00462
-9.61932,9.97284,0.00197
-9.5345,9.73767,0.00047
