"Points:0","Points:1","Points:2"
-0.22375,3.62763,0.00309
-0.0651,3.82082,1e-05
0.18289,3.85249,0.00049
0.43204,3.83191,0.00076
0.68078,3.85689,0.00162
0.92941,3.83071,0.00257
1.17765,3.86027,0.00419
1.40857,3.95597,3e-05
1.59686,4.12043,0
1.84599,4.14125,0
2.09563,4.12794,0.00118
2.34248,4.08839,0
2.58408,4.02413,0.00041
