"Points:0","Points:1","Points:2"
4.40254,1.66696,0.00076
4.48053,1.42944,1e-05
4.57493,1.19801,0.00527
4.56413,0.94825,0.00306
4.50822,0.70459,0.00067
4.42087,0.47035,0
4.29691,0.25327,0.00333
4.11825,0.07841,0.0012
3.89593,-0.03593,0.0023
3.65277,-0.09394,0.005
3.42419,-0.19508,0.00043
3.18474,-0.26685,0.0038
2.93554,-0.28679,0.00317
