"Points:0","Points:1","Points:2"
-9.44436,9.84795,0.00825
-9.36641,9.61045,0.00404
-9.2776,9.37678,0.00084
-9.11051,9.19082,0.0019
-8.87443,9.10857,2e-05
-8.64393,9.2052,0.00565
-8.39849,9.15799,5e-05
-8.2076,8.99656,0.00073
-8.04565,8.8061,0.00011
-7.81627,8.70674,0.00361
-7.56916,8.66902,0
-7.3221,8.70715,0.00264
-7.07483,8.67041,0
