"Points:0","Points:1","Points:2"
4.51727,0.82783,0.04226
4.3935,0.6147,0.00034
4.28739,0.38836,0.00351
4.16443,0.17069,0.00213
3.96714,0.01716,0
3.74072,-0.08882,0.00077
3.49152,-0.1089,0
3.2454,-0.06513,0.00294
2.99598,-0.08196,0.00043
2.74793,-0.05088,0.00181
2.49972,-0.08072,0.00104
2.25005,-0.09363,0
2.00225,-0.12667,0.00148
