"Points:0","Points:1","Points:2"
-9.82936,9.98268,0.00424
-9.65926,9.79951,0.00053
-9.483,9.62221,0.00083
-9.32429,9.42908,0.0039
-9.13711,9.2634,0
-8.91365,9.1513,0.00076
-8.66376,9.1585,0.00269
-8.41381,9.15417,0.00018
-8.22867,8.98618,0.00186
-8.05618,8.80523,0.00153
-7.83317,8.69224,0
-7.58427,8.66881,0
-7.33506,8.68851,0.00235
