"Points:0","Points:1","Points:2"
1.78812,3.84682,0.01422
2.02489,3.92614,0.00204
2.27077,3.97103,0.00727
2.51934,3.997,0.00101
2.74251,3.88432,0.0002
2.92621,3.71476,0.00146
3.12175,3.55902,0.00431
3.329,3.41927,0
3.53069,3.27157,0.00211
3.77125,3.20351,0.00046
4.00838,3.12437,0.00221
4.25409,3.07823,0.00207
4.50407,3.07795,0.0049
