"Points:0","Points:1","Points:2"
4.30358,1.73373,0.00158
4.45708,1.5364,0
4.63097,1.35679,0.00102
4.67829,1.11132,0.00249
4.59491,0.87563,0.00122
4.47961,0.65382,0.00328
4.40077,0.41659,0.00038
4.22586,0.23799,0.00316
4.03949,0.0714,0.00726
3.81697,-0.04247,0.00333
3.59246,-0.1524,1e-05
3.35812,-0.23949,2e-05
3.12784,-0.33671,0.00435
