"Points:0","Points:1","Points:2"
1.00825,4.10763,0.00237
1.22873,3.98976,0.00194
1.47816,3.97302,2e-05
1.6797,4.12093,0.002
1.92412,4.17343,0
2.17233,4.14375,0.00318
2.41459,4.08211,0.00021
2.58617,3.90031,0.00328
2.75803,3.71878,2e-05
2.92067,3.52899,0.00548
3.09021,3.34527,0.00671
3.31998,3.24693,0.00095
3.5676,3.28117,0.00459
