"Points:0","Points:1","Points:2"
-11.0378,13.3878,0
-10.9356,13.1597,0.00266
-10.7976,12.9512,0
-10.6615,12.7415,9e-05
-10.5049,12.5467,0.00537
-10.3285,12.3696,0.00113
-10.228,12.1407,0.00069
-10.0421,11.9735,0.0022
-9.92399,11.7532,0.001
-9.86342,11.5107,0.0053
-9.79738,11.2696,0.00563
-9.76732,11.0214,2e-05
-9.73176,10.774,0.00451
