"Points:0","Points:1","Points:2"
-7.93666,8.7408,0.00785
-7.68671,8.74319,0.00377
-7.44599,8.67579,0
-7.20354,8.61491,0.00299
-6.95414,8.59775,0
-6.71143,8.53857,0.00927
-6.49246,8.41795,0.01168
-6.29254,8.26809,0.0032
-6.11529,8.09178,0.00361
-5.91885,7.9372,2e-05
-5.74724,7.75541,0.00232
-5.61931,7.54063,0.00069
-5.44306,7.36353,0.00931
