"Points:0","Points:1","Points:2"
-8.70248,8.95244,2e-05
-8.45559,8.91484,0.01161
-8.21901,8.83454,0.0025
-7.97305,8.78986,0.00058
-7.72311,8.78615,0.0047
-7.47484,8.81555,0.00364
-7.24794,8.71063,0.00063
-7.02716,8.59336,0.00247
-6.79304,8.5057,0.00092
-6.55599,8.42629,0.00236
-6.35862,8.27287,0
-6.16185,8.11866,0.00104
-6.01663,7.91527,0.0079
