"Points:0","Points:1","Points:2"
-9.85043,10.2275,0
-9.7475,9.99971,0.00213
-9.60636,9.79336,0.00102
-9.46226,9.58908,0.00141
-9.33656,9.37297,0.00215
-9.1226,9.24367,0.00189
-8.88745,9.1588,0.00016
-8.63958,9.19134,0.00183
-8.39902,9.12335,0
-8.22904,8.94005,0.00316
-8.00727,8.82465,0.00141
-7.75729,8.82714,0.00154
-7.5073,8.82607,0.00356
