"Points:0","Points:1","Points:2"
4.34656,3.02534,0.00063
4.59654,3.0289,0
4.81355,2.90478,0.00105
4.91019,2.67422,0.00222
5.01718,2.44829,0
5.0262,2.19845,0
5.02649,1.94845,0
4.98431,1.70204,0.00205
4.81652,1.51677,0.00645
4.71205,1.28968,0.00238
4.58835,1.07244,0.00026
4.61287,0.82367,0.00409
4.55769,0.57987,0.00786
