"Points:0","Points:1","Points:2"
-1.01069,4.14526,0.00617
-0.77339,4.06684,0
-0.5461,4.17082,0.00485
-0.29691,4.15123,0
-0.10115,3.99575,0
0.07169,3.81554,0.01235
0.29181,3.69743,0.00261
0.54151,3.70962,0.00143
0.76984,3.81142,1e-05
1.01868,3.8355,0
1.26605,3.87163,0.00193
1.51289,3.83203,0.00288
1.7557,3.78411,0.03821
