"Points:0","Points:1","Points:2"
1.49041,4.16455,0.0028
1.73651,4.12066,6e-05
1.98614,4.10818,0.0055
2.23379,4.07447,2e-05
2.47369,4.00427,0.00463
2.68976,3.87851,0.00596
2.90451,3.75066,6e-05
3.0884,3.58136,0.00489
3.26214,3.40163,0.00182
3.49687,3.31559,0.0031
3.74681,3.32078,0.00151
3.99487,3.28976,8e-05
4.2445,3.28172,0.01113
