"Points:0","Points:1","Points:2"
-3.27728,4.96076,0.00363
-3.08855,4.79679,0.00387
-2.86201,4.69111,0.00139
-2.63285,4.59185,0.01294
-2.38494,4.62171,0.02515
-2.13625,4.60829,0.0033
-1.89027,4.56366,0.00302
-1.6403,4.56628,0.00069
-1.39043,4.55812,0.00227
-1.14081,4.54467,0.00452
-0.93257,4.40641,1e-05
-0.6881,4.3541,0.00085
-0.44851,4.28276,0.00299
