"Points:0","Points:1","Points:2"
-7.99825,8.83469,0.00081
-7.76395,8.7475,6e-05
-7.51865,8.69973,0.00694
-7.26874,8.6976,0.00052
-7.02879,8.62755,0.00437
-6.80927,8.50793,0.00588
-6.57574,8.41874,0.00306
-6.35637,8.29887,2e-05
-6.14553,8.16453,0.00078
-5.93912,8.02348,0.00074
-5.77081,7.83863,0.00109
-5.6378,7.62695,0
-5.4755,7.43683,0.00381
