"Points:0","Points:1","Points:2"
-9.48499,9.54594,0.00174
-9.28474,9.39627,0.00177
-9.10325,9.22433,0.00137
-8.86011,9.16618,0.00093
-8.61012,9.16424,0
-8.37202,9.08814,0.00406
-8.18109,8.92677,0.0065
-8.03965,8.7207,0.00113
-7.78983,8.73003,0
-7.54197,8.6974,0.00191
-7.292,8.69376,0.0026
-7.05171,8.62479,0.00016
-6.80751,8.57147,0.00473
