"Points:0","Points:1","Points:2"
-2.35168,4.41289,0.00107
-2.10664,4.46244,6e-05
-1.86593,4.52991,0.00266
-1.61704,4.5064,0.00238
-1.38529,4.60014,0
-1.13534,4.59744,0.00408
-0.91523,4.47902,0.00945
-0.73295,4.30805,0.00275
-0.51421,4.18703,0
-0.2895,4.07747,0.00131
-0.05989,3.97859,0
0.13672,3.82418,0.00011
0.29058,3.62714,0.00066
