"Points:0","Points:1","Points:2"
4.76048,2.55923,0.00583
4.83963,2.32213,0.00172
4.90535,2.08093,0.00362
4.95398,1.83571,0.00207
4.94318,1.58597,0.00595
4.826,1.36519,0.00097
4.69946,1.14958,0.00071
4.60875,0.91665,0.00459
4.50382,0.68979,0
4.40609,0.45976,0.00603
4.23157,0.28079,0.0027
4.12852,0.05304,0.00646
4.03459,-0.17856,0.00044
