"Points:0","Points:1","Points:2"
-12.7976,14.8268,0.00095
-12.6453,14.6286,2e-05
-12.4915,14.4315,0.00067
-12.2839,14.2922,0.00218
-12.1093,14.1133,0.00399
-11.9996,13.8887,0.00052
-11.8777,13.6704,0
-11.6858,13.5103,0.00305
-11.4483,13.432,0
-11.2154,13.3412,0.00251
-10.9919,13.2292,0.0045
-10.8449,13.0271,0.00233
-10.6928,12.8286,0.00072
