"Points:0","Points:1","Points:2"
-12.8084,14.7411,0.02561
-12.6384,14.5596,2e-05
-12.4566,14.3879,0.00248
-12.2464,14.2526,0.0009
-12.1089,14.0438,1e-05
-11.9835,13.8276,0.00372
-11.8132,13.6446,0.00193
-11.6136,13.494,0.00268
-11.3826,13.3985,0.00104
-11.1407,13.3354,0.00548
-10.9414,13.1846,0
-10.8342,12.9587,0.00121
-10.6782,12.7634,0
