"Points:0","Points:1","Points:2"
-8.75437,9.14704,0
-8.54326,9.01312,0.00028
-8.3263,8.8889,0.00042
-8.08787,8.81376,0.00212
-7.85449,8.72412,0.00175
-7.61764,8.8041,2e-05
-7.36974,8.77189,0.00297
-7.14909,8.6544,3e-05
-6.90919,8.58413,0.00341
-6.68691,8.46971,0.00231
-6.46286,8.35881,0.0027
-6.25398,8.22145,0.00193
-6.10541,8.02038,0.00176
