"Points:0","Points:1","Points:2"
0.25719,3.78816,0.00413
0.50714,3.79115,1e-05
0.75599,3.76774,0.00511
1.00106,3.81717,0.00508
1.24241,3.88227,0.00231
1.48006,3.9599,0.00223
1.70643,4.06596,0
1.94743,4.13245,0
2.19563,4.16132,0.00806
2.39523,4.01084,0.00419
2.53933,3.80658,0.0006
2.70361,3.61813,0
2.8807,3.4417,0.00335
