"Points:0","Points:1","Points:2"
-5.68802,8.1112,0.00627
-5.63935,7.86602,0.00208
-5.56717,7.62668,0
-5.494,7.38763,0.00013
-5.39291,7.15898,0.00181
-5.25551,6.95014,0.00438
-5.19671,6.70718,0.00122
-5.14207,6.46323,0
-5.00958,6.25122,0.00149
-4.85847,6.05206,0
-4.73375,5.83542,0.0033
-4.62277,5.61142,0.00102
-4.58509,5.36428,0.00163
