"Points:0","Points:1","Points:2"
0.04852,3.73795,0.00692
0.29838,3.74276,3e-05
0.54835,3.74535,0.00281
0.79752,3.7656,0.00474
1.04405,3.80692,0.00029
1.28478,3.87431,0.00286
1.49408,4.01102,0.0012
1.73314,4.08416,0.00253
1.97763,4.13634,0.00164
2.21443,4.05617,1e-05
2.40203,3.89093,0
2.63007,3.78846,0.0006
2.86428,3.70102,0.00105
