"Points:0","Points:1","Points:2"
-1.15639,4.30302,0.06995
-0.91387,4.26359,0.02377
-0.67445,4.19451,0.00368
-0.4278,4.15373,0.00224
-0.20513,4.04009,0.00091
-0.05042,3.8437,0.00072
0.18174,3.75096,1e-05
0.42703,3.70282,0.00375
0.64781,3.82004,2e-05
0.89186,3.87429,3e-05
1.14154,3.88676,0
1.38488,3.82945,0.00186
1.63466,3.81898,0.00133
