"Points:0","Points:1","Points:2"
-10.9382,12.8538,0.00397
-10.7144,12.7424,0.00088
-10.5063,12.6039,0.00496
-10.3532,12.4063,0.00067
-10.2021,12.2072,0.00371
-10.0938,11.9819,0.00119
-10.0042,11.7485,0.00123
-9.94255,11.5062,0.00038
-9.85369,11.2725,5e-05
-9.79817,11.0288,0.00604
-9.7778,10.7797,3e-05
-9.84298,10.5384,4e-05
-9.7859,10.295,0.00026
