"Points:0","Points:1","Points:2"
4.03654,0.2231,0.00791
3.80107,0.13932,0.00187
3.57749,0.02748,0.00091
3.35044,-0.07712,0.00372
3.10778,-0.13713,6e-05
2.86514,-0.0774,0.00782
2.61527,-0.07499,0.00028
2.36539,-0.08273,0.00079
2.14127,-0.1935,0.00191
1.89446,-0.15375,1e-05
1.65046,-0.09932,0.00219
1.40078,-0.11067,0.00757
1.15339,-0.09182,0.03832
