"Points:0","Points:1","Points:2"
-7.00434,8.74216,0.00498
-6.8472,8.54773,0.00321
-6.64414,8.40193,0
-6.41413,8.30398,0.00011
-6.20219,8.1714,0.00151
-5.99471,8.03192,0
-5.80309,7.87152,0.00709
-5.66498,7.66325,0
-5.50186,7.4738,0
-5.39398,7.24829,0.00245
-5.33379,7.00566,0
-5.20445,6.79171,0.00109
-5.09315,6.56786,0.00127
