"Points:0","Points:1","Points:2"
0.92685,3.61338,0.00231
1.07144,3.81732,0
1.25949,3.98203,0.0031
1.49657,4.06134,0.0028
1.739,4.1224,0.00122
1.98522,4.16567,5e-05
2.23488,4.15255,0
2.45145,4.02768,0.0024
2.65271,3.8794,0.00024
2.74328,3.64645,0.0057
2.91138,3.46149,1e-05
3.1329,3.3456,0
3.31251,3.17171,0.00202
