"Points:0","Points:1","Points:2"
4.38619,1.11209,0
4.52559,0.90458,0.00307
4.56657,0.65796,0.00353
4.44748,0.43815,0.00241
4.31932,0.2235,0.00358
4.09753,0.10814,0.00321
3.86193,0.02592,0.01838
3.63802,-0.08398,0.00142
3.40239,-0.1675,0
3.15917,-0.22533,3e-05
2.91021,-0.20263,0.00222
2.66343,-0.24257,0
2.4275,-0.32523,0
