"Points:0","Points:1","Points:2"
-4.62714,5.44416,0.0002
-4.40455,5.33034,9e-05
-4.20056,5.18583,0.0011
-4.10743,4.95382,3e-05
-3.9564,4.75469,0.006
-3.72029,4.6725,0.0058
-3.47101,4.65369,0.00374
-3.22626,4.7045,1e-05
-2.98169,4.75635,0
-2.73297,4.73122,0.00193
-2.49071,4.6697,0.00711
-2.24976,4.60308,0.00444
-2.00011,4.59023,0.00187
