"Points:0","Points:1","Points:2"
4.7089,3.09369,0.00208
4.74733,2.84667,1e-05
4.85499,2.62104,0.00119
4.98945,2.41028,0.00212
4.98735,2.1603,0.00418
4.98959,1.91034,0
4.99352,1.66038,0.00078
4.92104,1.42112,0.00211
4.71137,1.28627,0.02101
4.66282,1.04193,5e-05
4.58006,0.80604,0.00236
4.45847,0.59354,0.05296
4.34815,0.38464,0.13476
