"Points:0","Points:1","Points:2"
-2.5457,4.71916,0.00234
-2.31826,4.61542,0
-2.07181,4.57354,0.00304
-1.82568,4.52983,0.00611
-1.57576,4.53156,0
-1.32722,4.55859,0
-1.07777,4.57508,0.00035
-0.86621,4.44188,0.00197
-0.66734,4.29039,0.00141
-0.48004,4.12488,0.0063
-0.25106,4.02474,0
-0.00116,4.0176,0.00181
0.24758,4.04093,0.01098
