"Points:0","Points:1","Points:2"
-10.3126,12.2451,0
-10.1376,12.0666,0.00104
-10.0016,11.8568,0.00132
-9.89435,11.631,0.00141
-9.87433,11.3818,0.00349
-9.89815,11.1329,0.00635
-9.86376,10.8853,0.00446
-9.74458,10.6656,4e-05
-9.69211,10.4212,0.0024
-9.68267,10.1714,0.0006
-9.65085,9.92341,0.00074
-9.58912,9.68115,3e-05
-9.6013,9.43145,0.00183
