"Points:0","Points:1","Points:2"
-12.1086,13.9649,0.00657
-11.8714,13.8858,0.00529
-11.6617,13.7497,0.00386
-11.4869,13.571,2e-05
-11.2879,13.4196,0.00019
-11.1042,13.2501,1e-05
-10.8832,13.1331,0.00184
-10.7293,12.9362,0.00204
-10.5065,12.8227,0.00228
-10.3938,12.5996,0.00591
-10.3343,12.3568,0.00283
-10.2065,12.1419,0
-10.0673,11.9343,0.00175
