"Points:0","Points:1","Points:2"
-10.181,11.9106,0.00943
-9.99779,11.7408,0
-9.89776,11.5116,0.00051
-9.79797,11.2824,0.00299
-9.78101,11.033,0.00084
-9.77091,10.7832,0.0036
-9.73074,10.5365,0
-9.73553,10.2865,0
-9.70761,10.0381,0.00266
-9.58311,9.82135,0
-9.45209,9.60844,0
-9.30466,9.40654,0.00198
-9.16775,9.19737,0.00063
