"Points:0","Points:1","Points:2"
3.47707,0.1411,0.11999
3.26287,0.03997,0.04005
3.02322,-0.02399,0.00886
2.77392,-0.04163,0.00241
2.52566,-0.07102,0.0023
2.28528,-0.13969,0
2.03836,-0.10057,0
1.79064,-0.06693,2e-05
1.55623,0.0199,0.00365
1.30736,0.0434,4e-05
1.07489,0.13534,0.00104
0.83024,0.18676,0.00352
0.58415,0.23078,0.00252
