"Points:0","Points:1","Points:2"
-7.52362,8.87325,0.00179
-7.36771,8.67782,0.00256
-7.12896,8.6037,0
-6.87969,8.5847,0.0021
-6.64301,8.5042,1e-05
-6.41866,8.39398,0.00393
-6.24332,8.2158,0.00137
-6.08767,8.02017,0
-5.90687,7.84751,0.00067
-5.74071,7.66072,0.00115
-5.64317,7.43054,0.0032
-5.58393,7.18766,0.00363
-5.50264,6.95125,0.00365
