"Points:0","Points:1","Points:2"
4.3503,1.28235,0.00102
4.47328,1.06469,0.00012
4.5829,0.84001,0.0002
4.56943,0.59037,0.00096
4.40348,0.40339,0.00162
4.23907,0.21506,0.00088
4.01625,0.10171,0.00046
3.81587,-0.04778,0.00184
3.57229,-0.10407,0.00074
3.32603,-0.14711,0.00151
3.08606,-0.21614,0.01374
2.87249,-0.34589,0.00639
2.65062,-0.4611,0.00806
