"Points:0","Points:1","Points:2"
-5.53751,7.62257,0.00264
-5.43982,7.39246,0.00532
-5.36681,7.15342,0
-5.27372,6.92141,0.0019
-5.12046,6.7239,0.00282
-5.07512,6.47805,0.00098
-4.95973,6.25627,0
-4.78866,6.07397,0
-4.58167,5.9338,0.0027
-4.41609,5.74651,0.00042
-4.40967,5.49664,0.00495
-4.32818,5.26035,2e-05
-4.24728,5.0238,0.0013
