"Points:0","Points:1","Points:2"
1.14198,4.04826,0.01248
1.39082,4.06885,4e-05
1.64026,4.05219,0.00059
1.87787,4.12992,0.00071
2.12748,4.14381,1e-05
2.3673,4.07323,0.0023
2.57809,3.93882,0.00097
2.74157,3.74969,0.0025
2.93886,3.59614,0.00344
3.12488,3.42913,0.00139
3.31504,3.26684,0.00068
3.56416,3.2878,0.00162
3.81072,3.24652,0.0036
