"Points:0","Points:1","Points:2"
4.29312,1.15891,0.00041
4.47467,0.98704,0
4.59945,0.7704,0.00074
4.54187,0.52712,0.002
4.3791,0.33738,0.00063
4.19009,0.17375,0.00105
3.98696,0.02802,1e-05
3.74085,-0.01585,0.00262
3.50754,-0.10565,0.00309
3.26334,-0.15913,0.0007
3.02351,-0.22972,0.0007
2.81171,-0.36254,1e-05
2.60972,-0.50985,0
