"Points:0","Points:1","Points:2"
4.50766,1.41838,0.00507
4.53542,1.16995,0.00143
4.58412,0.92474,1e-05
4.56322,0.67563,0.00199
4.4644,0.44599,0
4.27267,0.28558,0.00203
4.11647,0.09046,0.00765
3.87998,0.00943,0.00463
3.6407,-0.06287,0.00079
3.39425,-0.10483,0.00114
3.16708,-0.20921,0.00127
2.92767,-0.28112,0.00443
2.69287,-0.3669,0.00044
