"Points:0","Points:1","Points:2"
1.6436,4.26999,0.00198
1.86183,4.14804,0.00274
2.09371,4.05463,0.0051
2.33485,3.98873,0.00202
2.57679,3.92577,0.00244
2.80657,3.82728,0.00021
3.02297,3.70215,0.00357
3.18545,3.51216,0.00137
3.38835,3.36627,0.00834
3.61205,3.25493,0.00047
3.85842,3.21262,0.00363
4.10664,3.18305,0
4.355,3.15448,9e-05
