"Points:0","Points:1","Points:2"
-10.9936,12.8517,0
-10.7632,12.7546,0.00178
-10.5319,12.6597,1e-05
-10.3902,12.4538,0.00501
-10.2815,12.2287,0.00985
-10.1208,12.0375,0.00018
-10.0094,11.8137,0.00288
-9.92996,11.5767,1e-05
-9.85255,11.339,0.00181
-9.77924,11.0999,0.0008
-9.78347,10.85,0
-9.82983,10.6043,0.00342
-9.90068,10.3679,0.04279
