"Points:0","Points:1","Points:2"
-11.1118,13.5373,0.00386
-10.9984,13.3145,0.00587
-10.9157,13.0786,7e-05
-10.7817,12.8676,1e-05
-10.5939,12.7026,0.00131
-10.4455,12.5014,0.00411
-10.3022,12.2965,0.00132
-10.1868,12.0747,0.00388
-10.0925,11.8432,2e-05
-9.92241,11.6601,0.00291
-9.7655,11.4655,0.00826
-9.70558,11.2229,0.00026
-9.57094,11.0123,0.0007
