"Points:0","Points:1","Points:2"
-9.07281,9.42828,0.00121
-8.97147,9.19974,0.00242
-8.75155,9.08087,0.00392
-8.52024,8.98607,0.001
-8.29937,8.86908,0.00633
-8.05405,8.8213,8e-05
-7.81813,8.7386,0.00047
-7.58442,8.64983,0.0018
-7.34025,8.70347,0.00371
-7.11299,8.59936,0.00011
-6.92074,8.43973,0.00766
-6.72488,8.28455,4e-05
-6.47765,8.24739,0
