"Points:0","Points:1","Points:2"
0.84078,3.61514,0.00379
1.02985,3.7787,0.00428
1.24447,3.90686,0.00087
1.45276,4.0451,0.00276
1.69116,4.12033,5e-05
1.93783,4.16097,0.00074
2.1876,4.15276,0.0079
2.41756,4.05492,0.00112
2.61429,3.90067,0.00319
2.75138,3.69162,0.00068
2.86665,3.46979,0.00129
3.09754,3.37393,0.00124
3.29173,3.21647,0.00063
