"Points:0","Points:1","Points:2"
1.39622,4.32232,0.00183
1.55702,4.1309,0.0014
1.78419,4.02652,0.00046
2.01566,4.12097,1e-05
2.26545,4.13058,0.004
2.46781,3.98383,4e-05
2.66141,3.82574,0.00521
2.83205,3.64311,0
2.99475,3.45336,0.00489
3.22921,3.36671,0.00064
3.46541,3.2848,0.00173
3.71161,3.32824,0.00194
3.96079,3.34836,1e-05
