"Points:0","Points:1","Points:2"
-13.0112,15.2171,0.18112
-12.9135,14.998,0.11075
-12.7974,14.7811,0.06604
-12.6438,14.5939,0.00397
-12.4387,14.451,2e-05
-12.267,14.2693,0.00232
-12.0977,14.0854,0
-11.9258,13.9039,0.00399
-11.7655,13.7121,0
-11.6012,13.5237,0.00461
-11.4072,13.366,0.00032
-11.2185,13.2021,0.00399
-11.0207,13.0504,0.02232
