"Points:0","Points:1","Points:2"
-0.06963,3.77165,0.01012
0.16754,3.85007,0.00012
0.41586,3.87861,0.00478
0.66562,3.86833,0.0008
0.91556,3.86318,0.0028
1.16336,3.89627,0.0019
1.40937,3.94068,0.00382
1.63394,4.05055,0.00497
1.85464,4.16791,0.0009
2.08168,4.06324,0.00056
2.3028,3.9466,0.00162
2.48418,3.77462,0.00627
2.69111,3.63441,0.00132
