"Points:0","Points:1","Points:2"
-11.0805,12.8652,0.02723
-10.8513,12.7669,0.00894
-10.6463,12.6241,1e-05
-10.437,12.4874,0.00037
-10.2643,12.3066,0.00306
-10.114,12.1069,0.0018
-10.0337,11.8702,0.00417
-9.94987,11.6347,0.00013
-9.8405,11.41,0.00702
-9.79789,11.1637,0
-9.78793,10.9141,0.00897
-9.84212,10.6701,0.00098
-9.783,10.4272,0.00193
