"Points:0","Points:1","Points:2"
4.44536,1.19607,0.002
4.48326,0.94896,0.00156
4.58789,0.72209,0.01053
4.4779,0.4977,0.00343
4.36773,0.27329,0.00181
4.13993,0.17031,3e-05
3.91339,0.06467,0.00468
3.69536,-0.05757,3e-05
3.45929,-0.13983,0.00082
3.21569,-0.1957,0.00698
2.97276,-0.2544,0.00054
2.76151,-0.35173,0.09218
2.53328,-0.42545,0.16274
