"Points:0","Points:1","Points:2"
4.4041,0.61287,0
4.28123,0.39516,0.00265
4.20802,0.15615,0.00597
3.9817,0.05002,0.00222
3.7323,0.06717,0.00029
3.48759,0.01601,0.00072
3.26191,-0.09153,0.00269
3.01192,-0.08944,0.00152
2.76233,-0.1035,0.00442
2.51235,-0.10534,0.00206
2.26278,-0.11604,0.0122
2.01608,-0.15526,0.00223
1.78302,-0.24571,0.00024
