"Points:0","Points:1","Points:2"
-9.8555,9.77725,0.01204
-9.61028,9.72988,0.00103
-9.40055,9.59383,0.00235
-9.28555,9.37186,0
-9.12822,9.17763,0.00488
-8.88024,9.14625,0.00034
-8.63087,9.16399,0
-8.3821,9.13921,0
-8.19142,8.97753,2e-05
-8.01621,8.79924,0.00415
-7.7905,8.69184,0.00021
-7.54448,8.64737,0.00033
-7.30193,8.58823,0.01346
