"Points:0","Points:1","Points:2"
-12.2606,14.1313,0.00966
-12.0645,13.9763,0.00584
-11.8305,13.8884,0.00129
-11.6479,13.7177,0.00332
-11.4485,13.5668,0.00073
-11.2794,13.3828,0.00706
-11.0746,13.2395,0.00167
-10.8894,13.0716,0.00305
-10.6956,12.9137,0.00189
-10.4721,12.8017,4e-05
-10.3618,12.5773,0.00024
-10.2945,12.3365,0.00255
-10.2518,12.0902,2e-05
