"Points:0","Points:1","Points:2"
4.694,2.61261,0.00217
4.81813,2.39561,0.00372
4.90267,2.16034,0.00349
4.93002,1.91186,0.00029
4.94294,1.6622,3e-05
4.86035,1.42627,0.00453
4.74861,1.20264,0.00316
4.65668,0.97017,4e-05
4.56043,0.73945,0.00119
4.44886,0.51573,0.00208
4.32299,0.29973,1e-05
4.15173,0.11761,0.00063
3.96582,-0.04954,0
