"Points:0","Points:1","Points:2"
-9.99111,10.9801,0.00263
-9.87454,10.7589,0
-9.77964,10.5277,0.00233
-9.77377,10.2777,0.00169
-9.75921,10.0282,0.00351
-9.61873,9.82139,1e-05
-9.53645,9.58533,0.00243
-9.40087,9.3753,1e-05
-9.19395,9.235,0.00095
-8.95408,9.16456,0.00126
-8.70581,9.13522,0.00105
-8.45995,9.18053,0.00127
-8.21904,9.24728,0.00399
