"Points:0","Points:1","Points:2"
-6.68106,8.409,0
-6.43589,8.36006,0.00065
-6.20814,8.25696,0.00083
-6.04622,8.0666,0.00742
-5.84271,7.92158,2e-05
-5.65827,7.75298,0.00748
-5.54255,7.53147,0.00092
-5.41363,7.31729,0.00296
-5.3193,7.0858,0.00684
-5.22588,6.85394,0.00333
-5.13944,6.61936,0.00211
-5.02007,6.39971,0
-4.8817,6.19332,0.02749
