"Points:0","Points:1","Points:2"
-7.37478,8.58666,0.00932
-7.12486,8.5842,0.00317
-6.87582,8.56261,1e-05
-6.64167,8.475,6e-05
-6.43369,8.33629,0.00202
-6.20584,8.23342,0.00058
-6.05197,8.03658,0.00941
-5.88145,7.85376,0.00797
-5.72262,7.66087,0
-5.58501,7.45217,0.00284
-5.44321,7.24627,0.00242
-5.30891,7.03547,0.00726
-5.15658,6.83732,0.00167
