"Points:0","Points:1","Points:2"
-10.208,12.4533,0
-10.2214,12.2037,0
-10.0879,11.9925,0.01024
-9.93455,11.7954,0.00047
-9.86094,11.5564,0.0018
-9.90996,11.3113,0.00403
-9.90905,11.0613,0.00167
-9.86061,10.816,0
-9.80836,10.5716,0.00252
-9.66315,10.3681,0.00262
-9.60575,10.1248,0.00346
-9.53041,9.88638,0.00222
-9.4443,9.65168,0.00146
