"Points:0","Points:1","Points:2"
-7.77407,8.68374,0.06663
-7.53038,8.66903,0.0128
-7.28376,8.62895,0.00441
-7.03419,8.64294,3e-05
-6.80411,8.54513,0.00061
-6.55758,8.50373,0.00332
-6.33609,8.38781,0.00259
-6.19304,8.18278,0.00332
-6.06644,7.96723,0
-5.85197,7.83882,0.00402
-5.6893,7.64902,0.00772
-5.53023,7.45625,0.00155
-5.38488,7.25285,0.00181
