"Points:0","Points:1","Points:2"
1.44398,4.28993,0
1.58214,4.08158,0.00225
1.82719,4.03213,0
2.05803,4.12809,0.002
2.30752,4.11289,0.00678
2.52547,3.99061,1e-05
2.67411,3.7896,0.00194
2.85262,3.61459,1e-05
3.06186,3.4778,0.00254
3.26843,3.33698,0.00346
3.5138,3.28914,0.00104
3.76276,3.31193,0.00115
4.0099,3.27429,0.00287
