"Points:0","Points:1","Points:2"
3.3237,0.27051,1e-05
3.09455,0.17057,0.00193
2.85612,0.09543,0
2.61696,0.02261,3e-05
2.39587,-0.0941,3e-05
2.14649,-0.11146,0.00291
1.90284,-0.05554,2e-05
1.66623,0.02517,3e-05
1.44135,0.13423,0.00583
1.19387,0.09931,4e-05
0.94643,0.1349,0.00273
0.69644,0.13478,0.00489
0.44856,0.15967,0.02584
