"Points:0","Points:1","Points:2"
-9.77753,10.1506,0.00239
-9.67295,9.92351,0
-9.55345,9.70392,0.0019
-9.37155,9.53245,0.00494
-9.23142,9.32543,0.00193
-9.01013,9.20911,0.00257
-8.76166,9.1819,0.00692
-8.51594,9.22769,0.00207
-8.31813,9.07482,0.00065
-8.13036,8.90977,0.00091
-7.91006,8.79179,0.00813
-7.66447,8.74569,0.00062
-7.42615,8.67015,0
