"Points:0","Points:1","Points:2"
2.11083,4.09649,0.00342
2.33501,3.98585,0.0029
2.56911,3.89813,0.00131
2.80531,3.81625,0.00307
3.02906,3.70478,0
3.1672,3.49648,0.00572
3.37703,3.3607,0
3.60576,3.25981,0.00251
3.84509,3.18757,0.00187
4.07757,3.09566,1e-05
4.31376,3.01375,0.00287
4.5464,2.92224,0.00138
4.7832,2.84763,0.03075
