"Points:0","Points:1","Points:2"
4.68857,3.14571,0.00702
4.76173,2.90668,0.00343
4.84833,2.67217,0.00103
4.97149,2.45461,0.00026
4.98338,2.20489,0.0007
4.95986,1.956,0.00108
5.04231,1.71999,0.00025
4.89112,1.5209,0
4.72683,1.33249,0.00364
4.65244,1.09382,0.00485
4.62417,0.84547,0
4.54633,0.6079,0.00047
4.45279,0.37606,0
