"Points:0","Points:1","Points:2"
-8.06834,8.86687,0.00427
-7.8209,8.83162,0.00992
-7.58226,8.75748,0.00256
-7.34052,8.69378,0.00044
-7.09524,8.64546,0.00234
-6.87182,8.53331,0.00119
-6.65559,8.40783,0
-6.41718,8.33261,0.00215
-6.19777,8.21281,1e-05
-5.98107,8.08815,0.0017
-5.84111,7.88184,0.02035
-5.7045,7.67336,0.00095
-5.52002,7.50464,0.00167
