"Points:0","Points:1","Points:2"
4.05625,0.04628,0
4.2657,0.24819,0
4.71972,1.12961,0
4.94408,1.63809,0
4.92645,2.06934,0
