"Points:0","Points:1","Points:2"
4.44483,3.00463,0
4.31879,3.03217,0
4.46574,3.02235,0
4.19336,3.07264,0
4.66295,2.92895,0
4.04361,3.13711,0
4.05452,3.13639,0
3.85093,3.21066,0
3.88437,3.18627,0
3.74116,3.22782,0
3.37226,3.38957,0
3.30003,3.41366,0
3.31461,3.4313,0
3.14906,3.5383,0
3.01824,3.6873,0
2.99531,3.7616,0
2.61915,3.89293,0
2.58885,3.91401,0
2.5745,3.90202,0
2.42142,3.92842,0
2.42189,3.93911,0
2.17903,3.93551,0
2.33498,3.9232,0
2.32934,3.94992,0
2.29303,3.94003,0
