"Points:0","Points:1","Points:2"
-2.68437,4.70754,0
-2.7756,4.69549,0
-2.81626,4.66961,0
-2.86452,4.6802,0
-2.86066,4.67691,0
-2.86677,4.69851,0
-3.06976,4.65991,0
-3.22055,4.62812,0
-3.30228,4.62565,0
-3.22151,4.62082,0
-3.88363,4.72936,0
-3.99147,4.82025,0
-4.0447,4.89679,0
-4.0295,4.9002,0
-4.15711,5.10329,0
-4.2756,5.46531,0
-4.28112,5.4703,0
-4.39225,5.56852,0
-4.55684,5.71724,0
-4.51921,5.69824,0
-4.4261,5.60048,0
-4.62679,5.77573,0
