"Points:0","Points:1","Points:2"
-5.03529,6.02295,0
-5.0269,6.08032,0
-5.06779,6.20209,0
-5.0993,6.32426,0
-5.07939,6.20959,0
-5.15293,6.57882,0
-5.18846,6.7705,0
-5.192,6.7625,0
-5.2113,6.74207,0
-5.21624,6.85748,0
-5.44581,7.28017,0
-5.43301,7.25754,0
-5.44738,7.35039,0
-5.45663,7.3348,0
-5.5142,7.48416,0
-5.54002,7.49674,0
-5.63518,7.7165,0
-5.63628,7.79637,0
-5.63123,7.81221,0
