"Points:0","Points:1","Points:2"
0.33415,3.71207,0
-1.58432,4.49169,0
-1.88022,4.46804,0
