"Points:0","Points:1","Points:2"
3.48367,-0.12175,0
3.721,-0.02985,0
4.07123,0.14219,0
4.15808,0.18355,0
4.16759,0.18834,0
4.16796,0.18292,0
4.16685,0.18607,0
4.32361,0.31296,0
4.40145,0.42247,0
4.4013,0.45636,0
4.46065,0.53538,0
4.45859,0.54078,0
4.5552,0.90013,0
4.58221,0.94806,0
4.59583,0.99811,0
4.75229,1.44408,0
4.75821,1.51242,0
4.79975,1.54859,0
4.83131,1.67489,0
4.88065,1.86528,0
4.8743,1.83701,0
4.92271,2.00089,0
