"Points:0","Points:1","Points:2"
-7.90338,9.23505,0
-8.00067,9.22351,0
-9.68518,10.0113,0
-9.70842,10.0518,0
-9.80189,10.4152,0
