"Points:0","Points:1","Points:2"
4.64177,0.99082,0
4.66796,1.05584,0
4.65438,1.07379,0
4.66832,1.07781,0
4.71765,1.17473,0
4.72144,1.16867,0
4.78338,1.31255,0
4.95157,1.67167,0
4.98558,1.75169,0
5.01053,1.85235,0
5.08714,2.16148,0
5.08005,2.08177,0
5.08401,2.34605,0
5.07543,2.31858,0
5.03157,2.53934,0
4.44127,3.04381,0
4.37446,3.05335,0
4.13485,3.05259,0
4.19336,3.07264,0
4.21813,3.05624,0
4.67155,2.95474,0
4.59057,2.98532,0
4.64852,2.97288,0
4.03553,3.06309,0
