"Points:0","Points:1","Points:2"
1.68439,4.00938,0
1.63802,3.99174,0
1.39128,3.87957,0
1.21103,3.82376,0
0.91519,3.76236,0
0.758,3.72248,0
0.78405,3.72508,0
0.72631,3.70933,0
0.63314,3.74418,0
0.55758,3.73762,0
0.11079,3.82836,0
0.01552,3.86705,0
-0.17122,3.90471,0
-0.23314,3.95603,0
-0.18478,3.91193,0
-0.26342,3.96727,0
-0.29218,3.96922,0
-0.42449,4.01836,0
-0.61192,4.131,0
-0.54809,4.10381,0
-0.63743,4.15346,0
-0.72609,4.16566,0
