"Points:0","Points:1","Points:2"
-5.38869,6.95285,0
-5.43804,7.01725,0
-5.6913,7.41005,0
-5.7296,7.54256,0
-5.78677,7.65086,0
-5.87374,7.85032,0
-5.87288,7.8118,0
-5.89485,7.86391,0
-5.90439,7.89501,0
-5.93857,7.94139,0
-6.05592,8.02123,0
-6.20231,8.09206,0
-6.30586,8.22258,0
-6.65602,8.41286,0
-6.69687,8.43122,0
-6.72344,8.46077,0
-6.93041,8.58701,0
-7.11381,8.62485,0
-7.18746,8.66404,0
-7.34046,8.64192,0
-7.44764,8.61158,0
