"Points:0","Points:1","Points:2"
2.90599,3.43333,0
2.85583,3.43892,0
2.56226,3.72626,0
2.56078,3.74429,0
2.56596,3.73223,0
2.58725,3.70046,0
2.29238,4.08705,0
2.24359,4.1163,0
2.21736,4.13322,0
2.15654,4.15296,0
2.04599,4.16659,0
1.96116,4.16716,0
1.87524,4.12684,0
1.74652,4.0973,0
1.65172,4.05158,0
1.3835,3.93186,0
1.41997,3.962,0
1.21392,3.87944,0
1.19097,3.89615,0
1.02305,3.8508,0
1.00142,3.84772,0
0.86268,3.79178,0
0.80652,3.80259,0
0.69026,3.76346,0
0.48339,3.63203,0
