"Points:0","Points:1","Points:2"
4.9633,1.67977,0
4.97282,2.7529,0
