"Points:0","Points:1","Points:2"
-5.08811,6.52746,0
-5.192,6.7625,0
-5.43986,7.37185,0
-5.46772,7.39346,0
-5.52035,7.48444,0
-5.6275,7.69619,0
-5.73698,7.80484,0
-5.78275,7.88134,0
-5.85689,7.9427,0
-5.87427,7.93624,0
-5.87413,7.94115,0
-5.98032,8.00902,0
-6.21721,8.25679,0
-6.29609,8.31578,0
-6.39842,8.33424,0
-6.43274,8.3649,0
-6.65602,8.41286,0
-6.56087,8.37256,0
