"Points:0","Points:1","Points:2"
1.6266,4.03322,0
1.77441,4.24057,0
1.39128,3.87957,0
1.2141,3.81604,0
0.97537,3.78898,0
0.99362,3.79679,0
0.81938,3.76957,0
0.84274,3.7561,0
0.83797,3.73813,0
0.86435,3.7617,0
0.79379,3.75747,0
0.59915,3.71545,0
0.32069,3.71863,0
0.11657,3.82979,0
0.06836,3.86165,0
-0.10054,3.96086,0
-0.24247,4.00538,0
-0.29664,4.03464,0
-0.43449,4.06428,0
-0.42638,4.06625,0
-0.43252,4.06241,0
-0.4741,4.06701,0
-0.52486,4.06831,0
