"Points:0","Points:1","Points:2"
-6.85863,8.38869,0
-6.85089,8.41434,0
-7.83819,8.7337,0
-8.53506,9.0098,0
-8.85793,9.14806,0
-8.97318,9.19894,0
-8.88036,9.14685,0
