"Points:0","Points:1","Points:2"
-7.70714,8.81973,0
-7.9324,8.82374,0
-7.96615,8.83074,0
-8.097,8.87114,0
-8.0753,8.85634,0
-8.23108,8.93791,0
-8.30679,9.0142,0
-8.39105,9.10503,0
-8.4665,9.15293,0
-8.59057,9.16711,0
-8.53097,9.17292,0
-8.67708,9.18508,0
-8.67817,9.18175,0
-8.90583,9.16712,0
-9.0121,9.2008,0
-8.94156,9.16713,0
-9.14091,9.27113,0
-9.03679,9.2081,0
-9.07714,9.22288,0
-9.44144,9.56588,0
-9.42695,9.51211,0
-9.57488,9.74279,0
-9.51798,9.66012,0
-9.63905,9.84175,0
-9.8431,10.2041,0
