"Points:0","Points:1","Points:2"
4.19882,0.0228,0
4.21702,0.00511,0
4.2912,0.23247,0
4.28918,0.21631,0
4.36151,0.39246,0
4.42227,0.4754,0
4.40937,0.4553,0
4.45737,0.49838,0
4.63078,0.79886,0
4.57301,0.67053,0
4.69415,0.99888,0
4.74738,1.13852,0
4.81827,1.27989,0
4.84877,1.40704,0
4.93337,1.63505,0
4.96179,1.69628,0
4.95276,1.87455,0
4.96275,1.83903,0
4.91917,1.99932,0
4.84982,2.08507,0
4.78945,2.23156,0
4.84463,2.11092,0
4.77931,2.225,0
4.76795,2.25068,0
4.80427,2.16185,0
4.72635,2.35581,0
