"Points:0","Points:1","Points:2"
-1.81778,4.65276,0
-1.97866,4.62712,0
-2.02418,4.61345,0
-2.06571,4.5828,0
-2.06946,4.60822,0
-2.31595,4.54276,0
-2.36867,4.53704,0
-2.4905,4.5317,0
-2.73479,4.63815,0
-2.79502,4.68667,0
-3.18156,4.76939,0
-2.96559,4.72658,0
-3.65127,4.71385,0
-3.59759,4.69588,0
-3.47186,4.70217,0
-3.6809,4.7385,0
-3.69387,4.74421,0
-3.83573,4.78475,0
-4.02838,5.00248,0
-3.94214,4.9251,0
-3.93425,4.91914,0
-3.9762,4.93988,0
-3.98737,4.96211,0
-4.11701,5.08059,0
-4.3213,5.2659,0
