"Points:0","Points:1","Points:2"
4.14699,3.1026,0
4.97282,2.7529,0
3.57489,3.34724,0
