"Points:0","Points:1","Points:2"
1.6993,0.02831,0
1.87257,-0.04416,0
3.12615,0.18347,0
2.68672,0.05389,0
1.31953,0.10107,0
0.93055,0.12814,0
2.55899,-0.02719,0
3.30074,0.25846,0
2.34779,-0.0983,0
1.19624,0.10667,0
0.99202,0.12919,0
2.8963,0.09959,0
0.93584,0.13133,0
1.80906,-0.02414,0
3.19299,0.21415,0
3.1386,0.17952,0
2.96067,0.12435,0
2.29456,-0.10925,0
2.98519,0.13212,0
0.8429,0.12697,0
2.83442,0.09522,0
1.12974,0.10643,0
