"Points:0","Points:1","Points:2"
-4.826,6.24734,0
-4.86937,6.33246,0
-4.84617,6.28716,0
-4.94296,6.45879,0
-5.12587,6.61782,0
-5.21269,6.75676,0
-5.21859,6.77724,0
-5.28246,6.95678,0
-5.30518,7.04592,0
-5.45229,7.2756,0
-5.38993,7.21891,0
-5.47494,7.33222,0
-5.52914,7.37684,0
-5.69366,7.74437,0
-5.70536,7.75583,0
-5.70636,7.76488,0
-5.79085,7.88887,0
-5.82997,7.90959,0
-5.86222,7.978,0
-5.98434,8.0344,0
-6.10491,8.11212,0
-6.15872,8.12828,0
-6.20755,8.15937,0
-6.42889,8.28279,0
