"Points:0","Points:1","Points:2"
3.15452,3.27869,0
3.01994,3.43672,0
2.84602,3.6143,0
2.78368,3.63917,0
2.59964,3.79629,0
2.61769,3.77457,0
2.54524,3.84111,0
2.29151,4.1192,0
2.22123,4.13204,0
2.16569,4.16472,0
1.94489,4.16403,0
1.96131,4.16286,0
1.75682,4.11724,0
1.6275,4.11602,0
1.61327,4.09046,0
1.66211,4.10063,0
1.66249,4.10431,0
1.55273,4.0816,0
1.60929,4.094,0
1.47038,4.0349,0
1.43354,4.02108,0
1.39936,4.02908,0
