"Points:0","Points:1","Points:2"
-7.9992,8.78164,0
-8.10815,8.88458,0
-8.85793,9.14806,0
