"Points:0","Points:1","Points:2"
3.88929,0.03983,0
3.897,0.05835,0
4.04722,0.15796,0
4.28791,0.30124,0
4.27832,0.27768,0
4.29399,0.31476,0
4.66832,1.07781,0
4.68081,1.11854,0
4.68599,1.1614,0
4.77894,1.31913,0
4.79483,1.34421,0
4.86743,1.4375,0
4.86602,1.4467,0
4.89376,1.52869,0
4.93053,1.63917,0
4.94018,1.61898,0
4.92947,1.66656,0
4.9493,1.74988,0
4.96395,1.71398,0
4.94076,1.71105,0
4.99405,1.86035,0
