"Points:0","Points:1","Points:2"
1.61772,3.96307,0
1.34145,3.85187,0
