"Points:0","Points:1","Points:2"
0.60088,3.78118,0
-0.57309,4.17116,0
