"Points:0","Points:1","Points:2"
4.2657,0.24819,0
4.54378,0.78513,0
