"Points:0","Points:1","Points:2"
-2.44697,4.55788,0
-3.10403,4.76393,0
-3.32211,4.79545,0
-3.6808,4.72916,0
-3.96759,4.94523,0
