"Points:0","Points:1","Points:2"
-9.6051,10.0126,0
-9.67926,10.2721,0
-9.69821,10.3475,0
-9.74883,10.5732,0
-9.73254,10.6238,0
-9.74367,10.8288,0
-9.77852,10.853,0
-9.79727,10.9623,0
-9.87662,11.3245,0
-9.88771,11.2758,0
-9.8813,11.3941,0
-9.88195,11.4939,0
-9.87377,11.5445,0
-9.95713,11.7128,0
-9.97586,11.717,0
-9.99732,11.7961,0
-10.1473,12.1114,0
-10.1569,12.1258,0
