"Points:0","Points:1","Points:2"
-6.43088,8.28828,0
-6.60986,8.39309,0
