"Points:0","Points:1","Points:2"
-4.00283,4.93988,0
-4.16337,5.08294,0
