"Points:0","Points:1","Points:2"
1.52049,-0.09339,0
2.30729,-0.15456,0
2.43046,-0.11524,0
