"Points:0","Points:1","Points:2"
4.61838,0.81573,0
4.9481,2.19348,0
4.85821,2.55725,0
4.75581,2.7401,0
