"Points:0","Points:1","Points:2"
3.03095,-0.22041,0
4.2657,0.24819,0
