"Points:0","Points:1","Points:2"
-6.57356,8.31534,0
-6.64388,8.34057,0
-6.62195,8.34763,0
-6.59181,8.34655,0
-6.79666,8.40297,0
-6.76003,8.39004,0
-6.84512,8.41847,0
-7.26364,8.63803,0
-7.41187,8.62666,0
-7.96569,8.71923,0
-8.00957,8.75006,0
-8.05267,8.73501,0
-8.21752,8.80796,0
-8.37751,8.89338,0
-8.58948,8.97496,0
-8.61592,8.98525,0
-8.67071,8.99199,0
-8.69131,9.02725,0
-8.92126,9.20082,0
