"Points:0","Points:1","Points:2"
4.59143,0.81593,0
4.53441,0.68445,0
4.55547,0.70934,0
4.57905,0.85259,0
4.51629,0.667,0
4.64765,1.04982,0
4.68347,1.24627,0
4.66055,1.19393,0
4.70145,1.25491,0
4.70117,1.29567,0
4.9898,2.14959,0
4.99279,2.33105,0
4.93337,2.55872,0
4.95385,2.6004,0
4.89522,2.68431,0
4.88407,2.73524,0
4.84916,2.79554,0
4.89395,2.73577,0
4.4826,3.05573,0
