"Points:0","Points:1","Points:2"
3.74682,-0.04724,0
3.85797,-0.01481,0
3.86791,-0.02754,0
3.9317,-0.00708,0
4.00446,0.04814,0
4.14947,0.13018,0
4.15041,0.11452,0
4.27558,0.25444,0
4.22032,0.18408,0
4.21437,0.17015,0
4.24804,0.22078,0
4.28791,0.30124,0
4.39856,0.43765,0
4.61825,0.96317,0
4.64177,0.99082,0
4.63686,0.99183,0
4.69732,1.08221,0
4.88827,1.47329,0
4.90871,1.58095,0
4.92006,1.60804,0
4.92915,1.58613,0
4.94587,1.62818,0
4.95184,1.67419,0
4.93966,1.74297,0
4.9357,1.77662,0
