"Points:0","Points:1","Points:2"
2.65359,3.79075,0
2.40655,3.98739,0
1.94476,4.13481,0
