"Points:0","Points:1","Points:2"
-2.03828,4.58867,0
-2.11866,4.61461,0
-2.13894,4.58931,0
-2.15458,4.59754,0
-2.65653,4.70966,0
-2.91583,4.73835,0
-3.03175,4.74666,0
-3.28107,4.70065,0
-3.52226,4.64302,0
-3.48033,4.6563,0
-3.92287,4.74454,0
-4.0921,4.926,0
-4.13713,5.02719,0
-4.16159,5.12267,0
-4.16725,5.10011,0
-4.19884,5.17132,0
-4.13988,5.06766,0
-4.3631,5.29935,0
-4.35501,5.30406,0
-4.39436,5.32012,0
-4.52576,5.39934,0
-4.53796,5.4016,0
