"Points:0","Points:1","Points:2"
4.97643,1.54721,0
4.95862,1.59743,0
4.97445,1.61889,0
5.00125,1.68306,0
5.00947,1.68319,0
4.99258,1.74029,0
5.0103,1.90411,0
5.04349,2.08258,0
5.07142,2.16715,0
5.11406,2.34011,0
5.11508,2.33086,0
5.1058,2.61362,0
5.16289,2.47128,0
5.14137,2.53712,0
4.46734,2.92785,0
4.72482,2.87026,0
4.28874,3.00686,0
4.24718,3.03151,0
4.47952,2.93402,0
4.20321,3.06444,0
4.88258,2.85183,0
4.8361,2.84161,0
4.8236,2.84693,0
3.47136,3.28137,0
