"Points:0","Points:1","Points:2"
4.05625,0.04628,0
4.62868,0.8724,0
4.71972,1.12961,0
