"Points:0","Points:1","Points:2"
4.8091,2.69825,0
4.78059,2.69989,0
4.26292,3.02664,0
4.12302,3.07504,0
4.16231,3.07069,0
4.16794,3.05826,0
4.0288,3.09963,0
4.0807,3.08402,0
3.99022,3.10811,0
3.78401,3.19109,0
3.65964,3.24069,0
3.65238,3.25906,0
3.71427,3.24492,0
3.55705,3.31157,0
3.30163,3.45348,0
3.25561,3.46412,0
3.17517,3.51862,0
3.06664,3.58355,0
2.99287,3.63549,0
2.70957,3.79792,0
2.82584,3.75452,0
2.76246,3.7668,0
2.67769,3.79883,0
2.56153,3.8834,0
2.40747,3.94891,0
2.37834,3.95518,0
