"Points:0","Points:1","Points:2"
-2.65839,4.72383,0
-2.65117,4.73162,0
-2.80138,4.72383,0
-3.08977,4.71551,0
-3.06039,4.72075,0
-3.18478,4.68764,0
-3.26986,4.66991,0
-3.28898,4.66235,0
-3.44038,4.64157,0
-3.54683,4.62829,0
-3.50776,4.65213,0
-3.93979,4.7611,0
-4.10051,5.02739,0
-4.12525,5.11801,0
-4.16263,5.21837,0
-4.32181,5.43652,0
