"Points:0","Points:1","Points:2"
-8.98323,8.96936,0
-9.09926,9.05485,0
-9.1424,9.07266,0
-9.48976,9.58469,0
-9.42897,9.49705,0
-9.52061,9.69333,0
-9.53109,9.78833,0
-9.52452,9.76633,0
-9.8151,10.4239,0
-9.81305,10.5133,0
-9.83197,10.6291,0
-9.82442,10.6695,0
-9.8332,10.7722,0
-9.8328,10.8214,0
-9.80266,11.0258,0
-9.82814,11.1348,0
