"Points:0","Points:1","Points:2"
-3.96759,4.94523,0
-4.45685,5.62841,0
