"Points:0","Points:1","Points:2"
5.17368,2.33756,0
5.16289,2.47128,0
4.45852,3.03438,0
4.43239,3.01652,0
4.44061,3.02308,0
4.17445,3.06986,0
4.7246,2.94729,0
4.57469,3.00678,0
3.99413,3.10952,0
3.99599,3.10897,0
5.03974,2.77608,0
4.96592,2.81374,0
3.92696,3.10383,0
3.75527,3.17653,0
3.72759,3.19305,0
3.50334,3.33105,0
3.45208,3.34702,0
3.22723,3.53308,0
3.09338,3.61683,0
2.8591,3.77433,0
