"Points:0","Points:1","Points:2"
1.63746,-0.09543,0
1.57489,-0.1152,0
3.14777,-0.1322,0
1.46364,-0.1082,0
3.43865,-0.03657,0
2.30689,-0.09655,0
2.09348,-0.17251,0
2.43322,-0.07745,0
2.53616,-0.08587,0
2.0987,-0.19158,0
3.14518,-0.11966,0
2.69626,-0.06076,0
2.16431,-0.19118,0
2.48432,-0.08037,0
2.07926,-0.17957,0
3.00083,-0.10728,0
2.45013,-0.07592,0
3.5802,0.0298,0
3.72849,0.11474,0
3.67017,0.06412,0
