"Points:0","Points:1","Points:2"
3.84358,3.12574,0
3.5891,3.25893,0
