"Points:0","Points:1","Points:2"
3.52979,3.33787,0
3.15001,3.39298,0
3.0571,3.45675,0
3.00357,3.51088,0
3.05797,3.45075,0
2.85036,3.64721,0
2.69624,3.79452,0
2.76593,3.71796,0
2.6328,3.85181,0
2.611,3.87401,0
2.63434,3.89523,0
2.5601,3.96792,0
2.51466,3.99336,0
2.48137,4.00539,0
2.39267,4.08151,0
2.41901,4.07296,0
2.32696,4.11762,0
2.24905,4.08959,0
2.29168,4.1168,0
2.07145,4.09308,0
1.83419,4.04662,0
1.87253,4.02342,0
1.66249,4.10431,0
1.54598,4.17272,0
1.52979,4.16426,0
1.44774,4.22349,0
