"Points:0","Points:1","Points:2"
-5.17508,6.69253,0
-5.20493,6.77904,0
