"Points:0","Points:1","Points:2"
3.85217,3.19119,0
3.63828,3.31911,0
