"Points:0","Points:1","Points:2"
-3.53153,4.69201,0
-3.52807,4.70546,0
-3.48121,4.64099,0
-3.79645,4.97189,0
-3.79972,4.97827,0
-3.80834,4.98307,0
-3.86184,5.04163,0
-3.92421,5.09723,0
-4.07244,5.18452,0
-4.11144,5.2326,0
-4.24192,5.34649,0
-4.29402,5.42618,0
-4.35533,5.52609,0
-4.35949,5.50662,0
-4.4155,5.61894,0
-4.60429,5.9039,0
-4.71202,6.15155,0
-4.85215,6.37077,0
-4.91625,6.41361,0
-5.05734,6.60579,0
-5.05764,6.5659,0
-5.14005,6.94424,0
-5.17003,6.97179,0
-5.15421,6.98877,0
