"Points:0","Points:1","Points:2"
-7.59842,8.72348,0
-7.74178,8.74389,0
-7.75345,8.7613,0
-7.798,8.7689,0
-7.83111,8.75779,0
-7.9146,8.79609,0
-8.09818,8.90655,0
-8.27657,9.05648,0
-8.35362,9.1115,0
-8.4665,9.14432,0
-8.67817,9.18175,0
-8.93597,9.16588,0
-8.94778,9.18067,0
-9.55006,9.71653,0
-9.56805,9.70066,0
-9.70536,9.9422,0
-9.66627,9.91619,0
-9.64394,9.85407,0
-9.76088,10.0407,0
-9.85743,10.2582,0
