"Points:0","Points:1","Points:2"
-0.53142,4.17077,0
-0.81636,4.35145,0
-0.87918,4.41032,0
