"Points:0","Points:1","Points:2"
3.05291,-0.21795,0
4.5519,0.62834,0
4.54378,0.78513,0
