"Points:0","Points:1","Points:2"
-5.15015,6.63994,0
-5.41908,7.31827,0
