"Points:0","Points:1","Points:2"
3.62208,3.26106,0
3.5891,3.25893,0
1.7519,4.08101,0
1.35828,3.99095,0
