"Points:0","Points:1","Points:2"
-6.29384,8.25159,0
-6.2711,8.2648,0
-6.21755,8.18252,0
-6.23394,8.21378,0
-6.50132,8.41872,0
-6.55335,8.41572,0
-6.6535,8.48794,0
-6.96047,8.58591,0
-7.18746,8.66404,0
-7.34681,8.72866,0
-7.39425,8.74263,0
-7.42608,8.76664,0
-7.42102,8.7626,0
-7.53021,8.75946,0
-7.80286,8.75837,0
-7.98376,8.78734,0
-8.29515,8.91304,0
-8.24985,8.89837,0
-8.37789,8.93862,0
-8.38908,8.95438,0
-8.58045,9.0236,0
-8.60085,9.01463,0
-8.72145,9.06675,0
