"Points:0","Points:1","Points:2"
-4.05891,5.2376,0
-4.42019,5.58588,0
-4.45685,5.62841,0
