"Points:0","Points:1","Points:2"
-9.15849,9.07745,0
-9.22071,9.16629,0
-9.29554,9.28896,0
-9.57363,9.77952,0
-9.70842,10.0518,0
-9.80189,10.4152,0
