"Points:0","Points:1","Points:2"
3.22276,-0.24629,0
4.05625,0.04628,0
