"Points:0","Points:1","Points:2"
4.03975,3.08948,0
4.78117,2.94399,0
3.63828,3.31911,0
