"Points:0","Points:1","Points:2"
4.2657,0.24819,0
4.94408,1.63809,0
4.72683,2.61751,0
