"Points:0","Points:1","Points:2"
-9.70842,10.0518,0
-9.71502,10.0337,0
-9.94551,10.8874,0
