"Points:0","Points:1","Points:2"
-1.51221,4.53205,0
-1.68132,4.51757,0
