"Points:0","Points:1","Points:2"
-0.85538,4.37542,0
-0.87918,4.41032,0
-1.86581,4.51558,0
