"Points:0","Points:1","Points:2"
4.5519,0.62834,0
4.61838,0.81573,0
4.68884,1.30259,0
4.9633,1.67977,0
4.99063,1.74574,0
