"Points:0","Points:1","Points:2"
2.99155,0.10032,0.00087
2.75432,0.02143,0.00057
2.51223,-0.04097,0.00102
2.26415,-0.01011,4e-05
2.01513,-0.0322,0.00162
1.76637,-0.00728,0.00189
1.51689,0.00871,0.00045
1.26871,-0.02143,0.00065
1.02215,0.01987,0.00112
0.77901,-0.03829,0.00029
0.53056,-0.01053,0.00035
0.28065,-0.00382,0
0.03436,-0.04674,0
