"Points:0","Points:1","Points:2"
2.9922,0.09929,0.0018
2.75513,0.01996,3e-05
2.51254,-0.04046,0.00035
2.26448,-0.0094,0.00198
2.01565,-0.03344,1e-05
1.76705,-0.00699,0
1.5178,0.01226,5e-05
1.26982,-0.01948,1e-05
1.02332,0.02223,0
0.77889,-0.03023,0.00027
0.52999,-0.00684,0.00056
0.28003,-0.00195,0.00073
0.03494,-0.05122,0
