"Points:0","Points:1","Points:2"
2.99326,0.09685,0.00133
2.75655,0.01641,0.00167
2.51361,-0.04255,1e-05
2.26558,-0.01125,0.00014
2.01645,-0.03217,0
1.76735,-0.01094,3e-05
1.51808,0.00813,0
1.26995,-0.02234,2e-05
1.02359,0.0202,0.00016
0.77918,-0.03238,1e-05
0.53091,-0.00305,0.00033
0.28094,-0.00695,0
0.03491,-0.05133,0.0002
