"Points:0","Points:1","Points:2"
2.9951,0.09689,0.00076
2.75654,0.02213,0.0015
2.51434,-0.03985,0.00199
2.26569,-0.01393,0.00259
2.01597,-0.02551,0
1.76647,-0.00983,0.00089
1.517,0.0065,0.00123
1.26856,-0.02138,0.00116
1.02186,0.01906,0.00182
0.77854,-0.03832,1e-05
0.53063,-0.00603,0
0.28064,-0.00456,0
0.03409,-0.04597,0
