"Points:0","Points:1","Points:2"
2.99524,0.09612,1e-05
2.75713,0.01997,0.00041
2.51442,-0.03999,7e-05
2.26595,-0.01239,0.00076
2.01637,-0.02689,6e-05
1.76708,-0.00817,0
1.51751,0.00661,6e-05
1.26909,-0.02144,0
1.02295,0.02229,7e-05
0.77978,-0.03576,0
0.53143,-0.00711,0.00123
0.28145,-0.00366,0.00064
0.03612,-0.05176,0.00029
