"Points:0","Points:1","Points:2"
3.00205,0.08085,0.00249
2.76004,0.01823,0
2.51274,-0.01846,0.00086
2.26328,-0.00205,0.00208
2.01558,-0.0358,3e-05
1.76671,-0.01209,0
1.51753,0.00821,0.00034
1.26887,-0.01761,0.0008
1.02097,0.01467,0.00127
0.77431,-0.02608,0.00105
0.5261,0.00381,0.00078
0.27636,-0.00758,1e-05
0.0269,-0.02392,0.00136
