"Points:0","Points:1","Points:2"
2.99166,0.0971,0.00012
2.75474,0.0173,4e-05
2.51192,-0.04219,0.0006
2.26412,-0.00907,0.00052
2.01511,-0.03125,0.00107
1.76636,-0.00632,6e-05
1.51671,0.0069,0
1.26798,-0.01823,0.0019
1.0216,0.02411,0.0001
0.7788,-0.03547,1e-05
0.53078,-0.00406,0.00082
0.28079,-0.00359,0
0.03497,-0.04912,0.00031
