"Points:0","Points:1","Points:2"
2.99435,0.09402,0.00268
2.7561,0.01834,0.0004
2.51275,-0.03895,0.00204
2.26462,-0.00855,1e-05
2.01527,-0.02658,0.00038
1.76575,-0.01098,2e-05
1.51627,0.00487,0.00231
1.26791,-0.02368,0.00029
1.02179,0.02018,0
0.77821,-0.03612,1e-05
0.52965,-0.00935,1e-05
0.27978,-0.00184,0.00297
0.03433,-0.04927,0.00052
