"Points:0","Points:1","Points:2"
2.99384,0.09342,1e-05
2.75458,0.02093,0
2.51351,-0.04528,3e-05
2.26589,-0.01088,1e-05
2.01644,-0.02753,0
1.76732,-0.00654,0.00055
1.51763,0.00564,0.002
1.26917,-0.02207,0
1.02287,0.02076,0.00037
0.77852,-0.03206,0.00123
0.52972,-0.0076,0.00014
0.27979,-0.00181,0.00139
0.03451,-0.05014,0.0028
