"Points:0","Points:1","Points:2"
2.99171,0.10175,0.00107
2.75646,0.01714,0
2.51257,-0.03779,0.00038
2.26492,-0.00361,0.00095
2.0165,-0.03165,0
1.76703,-0.01537,0
1.51805,0.00721,0
1.26962,-0.02078,0.00132
1.02359,0.02358,0.00049
0.78024,-0.03366,0.00091
0.5318,-0.00573,1e-05
0.28183,-0.00205,0.00091
0.03574,-0.04609,0
