"Points:0","Points:1","Points:2"
2.99365,0.09974,0.00079
2.75746,0.01782,5e-05
2.51481,-0.04229,0.00268
2.26635,-0.01457,0.00116
2.01677,-0.029,0.00211
1.76743,-0.01095,0
1.51818,0.00845,1e-05
1.27006,-0.02212,0.00034
1.02402,0.02223,0
0.78008,-0.03248,0
0.5312,-0.00883,0
0.28129,-0.00235,0
0.03572,-0.04924,0
