"Points:0","Points:1","Points:2"
2.99465,0.09435,0
2.75752,0.01518,1e-05
2.51324,-0.03799,0.00122
2.26555,-0.00413,0.00016
2.01672,-0.0282,0.00219
1.7672,-0.01284,7e-05
1.51805,0.00768,0.00239
1.26991,-0.02267,4e-05
1.02373,0.02087,0
0.77961,-0.033,0.00048
0.53041,-0.01308,0.0019
0.28077,0.00025,1e-05
0.03423,-0.0412,0
