"Points:0","Points:1","Points:2"
2.99567,0.0944,0.00263
2.75686,0.02047,2e-05
2.51423,-0.03979,0.00032
2.26551,-0.01453,0
2.01585,-0.02744,0.00037
1.76637,-0.01133,0.00162
1.51719,0.00886,1e-05
1.26929,-0.0235,0
1.02348,0.02204,0.00017
0.77936,-0.03187,0.00168
0.53041,-0.00907,1e-05
0.28051,-0.0021,0
0.03494,-0.04897,0.00057
