"Points:0","Points:1","Points:2"
2.98988,0.09888,0
2.75355,0.01734,3e-05
2.51088,-0.04276,0.00063
2.26321,-0.00871,0.00133
2.0143,-0.03196,2e-05
1.76539,-0.00877,0.00237
1.51594,0.00774,0.00011
1.268,-0.02425,0
1.02278,0.02444,4e-05
0.78018,-0.03592,0.00062
0.53185,-0.00706,0
0.28188,-0.00329,0
0.03652,-0.05122,0.00065
