"Points:0","Points:1","Points:2"
2.99239,0.09747,0.00164
2.75495,0.01924,0
2.51265,-0.04232,2e-05
2.26471,-0.01024,0
2.01567,-0.03216,2e-05
1.76688,-0.00768,0.00101
1.51731,0.007,0.00075
1.26902,-0.02219,2e-05
1.02308,0.02267,0.00132
0.77916,-0.03212,0.00217
0.53073,-0.00416,0.00126
0.28074,-0.00222,1e-05
0.03479,-0.04705,0
