"Points:0","Points:1","Points:2"
2.99171,0.10252,0
2.75657,0.01761,1e-05
2.51253,-0.03665,3e-05
2.26476,-0.00338,1e-05
2.01631,-0.03108,0.0027
1.76729,-0.00908,0.0004
1.51775,0.006,0.00165
1.2694,-0.02266,0.00034
1.02338,0.02179,0
0.77859,-0.02898,1e-05
0.5295,-0.00781,0.00249
0.27959,-0.00136,0.00161
0.03262,-0.04018,0.00033
