"Points:0","Points:1","Points:2"
2.99421,0.09627,0
2.75512,0.02322,1e-05
2.51355,-0.04113,0.00197
2.26551,-0.00999,0
2.01629,-0.02971,0.00155
1.767,-0.01084,0.00079
1.51778,0.00877,0
1.26967,-0.02192,0.00079
1.02333,0.02068,0.00208
0.7792,-0.03316,0
0.53039,-0.00884,0
0.28041,-0.00557,3e-05
0.03437,-0.0499,0
