"Points:0","Points:1","Points:2"
2.99366,0.09861,0.00133
2.75571,0.02194,1e-05
2.51336,-0.03943,0.00061
2.26551,-0.0068,0.00197
2.0168,-0.03213,0.00037
1.76788,-0.00884,4e-05
1.51832,0.00597,0.00046
1.26974,-0.02064,4e-05
1.02357,0.02294,0.00028
0.78053,-0.03564,0.00029
0.5321,-0.0077,0.00173
0.28211,-0.00592,0
0.03563,-0.04771,0
