"Points:0","Points:1","Points:2"
2.99404,0.09805,0
2.75752,0.01709,5e-05
2.51411,-0.03996,0
2.26567,-0.01213,0.00093
2.01673,-0.0351,0.00195
1.76858,-0.00476,0
1.51889,0.00753,0.00081
1.27027,-0.01874,0.00018
1.02373,0.02273,2e-05
0.77997,-0.03274,0.00072
0.53102,-0.00979,0.00179
0.28112,-0.00305,0.00074
0.03542,-0.04925,0.00112
