"Points:0","Points:1","Points:2"
2.99333,0.0982,0.00081
2.75627,0.01882,0.00077
2.51332,-0.04015,0.00087
2.26513,-0.01013,1e-05
2.01594,-0.03024,0.00059
1.76711,-0.00614,2e-05
1.51749,0.00759,0.00151
1.26898,-0.01965,2e-05
1.02249,0.02208,0.00026
0.77858,-0.03277,0.00109
0.52979,-0.00815,0.0001
0.27985,-0.00305,0.00105
0.03443,-0.05067,0.00044
