"Points:0","Points:1","Points:2"
2.99256,0.09687,0
2.75443,0.02077,6e-05
2.51254,-0.04237,0.00165
2.2661,-0.00036,8e-05
2.01813,-0.0322,0
1.76905,-0.0108,0.00168
1.51939,0.00204,1e-05
1.27052,-0.02173,0.00011
1.02393,0.01939,2e-05
0.77889,-0.0302,0.00077
0.5295,-0.01279,0.0004
0.27975,-0.0018,0.00215
0.0321,-0.03599,0.00241
