"Points:0","Points:1","Points:2"
2.99564,0.09471,0.00206
2.75696,0.02036,0
2.51438,-0.04009,4e-05
2.26568,-0.01471,0.00224
2.01604,-0.02794,4e-05
1.76682,-0.00823,0.00203
1.51743,0.00912,0.0008
1.26918,-0.02037,0.00164
1.02265,0.0211,5e-05
0.77909,-0.0353,0.00078
0.53095,-0.00489,0
0.28095,-0.00643,0.00014
0.03416,-0.04634,0
