"Points:0","Points:1","Points:2"
2.99234,0.09847,0.00091
2.75598,0.01702,1e-05
2.51206,-0.03779,3e-05
2.26458,-0.00245,0.00143
2.01602,-0.02926,4e-05
1.76654,-0.01311,0.00047
1.51739,0.00742,0.00018
1.26914,-0.02208,0
1.02312,0.02234,0.00153
0.77891,-0.03115,0.00174
0.52946,-0.01471,1e-05
0.28026,0.00534,0.00129
0.03385,-0.03686,0.0021
