"Points:0","Points:1","Points:2"
2.99389,0.0975,1e-05
2.75561,0.02186,1e-05
2.51369,-0.04115,0.00191
2.26587,-0.00824,0.00042
2.01644,-0.02502,0.00196
1.76698,-0.00864,0.00192
1.51739,0.00555,0
1.26899,-0.0227,0.00093
1.02334,0.02371,0
0.7795,-0.03144,1e-05
0.53054,-0.00864,0.00098
0.28064,-0.00194,1e-05
0.03539,-0.05047,0
