"Points:0","Points:1","Points:2"
2.99237,0.09874,0.00215
2.75443,0.02203,0.00171
2.51238,-0.04051,4e-05
2.26505,-0.00408,0.00043
2.01695,-0.03479,0
1.76777,-0.01451,4e-05
1.51879,0.00806,0
1.27057,-0.02171,0.00028
1.02378,0.01823,0.00109
0.77891,-0.03214,0.00067
0.5299,-0.00985,0
0.28014,0.00095,0.00072
0.0347,-0.04661,9e-05
