"Points:0","Points:1","Points:2"
2.99394,0.09487,0.00096
2.75528,0.02042,0.00096
2.51388,-0.04459,0.00127
2.26607,-0.01156,0.00181
2.01712,-0.03437,0.00038
1.76878,-0.0056,0.00013
1.51895,0.00371,0.00077
1.27014,-0.02057,0
1.02341,0.01976,1e-05
0.77923,-0.03385,0
0.53039,-0.00975,0
0.28053,-0.00164,0.00198
0.0348,-0.04765,0.00105
