"Points:0","Points:1","Points:2"
2.9929,0.0968,0.00062
2.75515,0.01952,4e-05
2.51295,-0.04245,0
2.26522,-0.00884,0
2.01618,-0.03069,0.0004
1.76722,-0.00786,0
1.51754,0.00466,0
1.26877,-0.02015,1e-05
1.02226,0.02149,2e-05
0.77919,-0.03695,0
0.53077,-0.00887,2e-05
0.28082,-0.00469,0.00263
0.03491,-0.0497,0.00163
