"Points:0","Points:1","Points:2"
2.99241,0.09888,0.00304
2.75605,0.01747,0
2.51235,-0.03831,0
2.26388,-0.01073,2e-05
2.01444,-0.02747,7e-05
1.76491,-0.01224,0.00185
1.51595,0.01045,0.0001
1.26817,-0.02274,0.00155
1.0225,0.02361,0.00079
0.77899,-0.03296,0
0.53079,-0.00304,0.00116
0.28079,-0.00383,0
0.03477,-0.04826,0
