"Points:0","Points:1","Points:2"
2.99374,0.09821,0.0001
2.75661,0.01903,0.0001
2.51439,-0.04285,0.0005
2.26655,-0.01011,0.00016
2.01702,-0.02548,1e-05
1.76733,-0.01312,0.00118
1.51807,0.00617,0.00081
1.26978,-0.02295,0.00047
1.02389,0.02216,0.00268
0.77969,-0.03132,0.00046
0.53071,-0.00877,0
0.28077,-0.00305,1e-05
0.03521,-0.04979,0.00382
