"Points:0","Points:1","Points:2"
2.99335,0.09722,1e-05
2.75647,0.01731,0.00108
2.51349,-0.0415,0.00021
2.26545,-0.01022,0.0001
2.01607,-0.02779,0
1.76647,-0.01371,0
1.51738,0.00762,2e-05
1.26918,-0.02239,0
1.02277,0.0198,9e-05
0.7791,-0.03608,0
0.53109,-0.00459,0.00012
0.28109,-0.00482,0
0.03562,-0.05217,0.00134
