"Points:0","Points:1","Points:2"
2.99418,0.09385,0.00149
2.75454,0.02263,2e-05
2.51377,-0.04466,0
2.26611,-0.01052,0.00134
2.01655,-0.02514,0
1.76707,-0.009,0.00046
1.51753,0.00611,0
1.26934,-0.02397,0.00065
1.02357,0.0218,0.00074
0.78017,-0.03524,1e-05
0.53202,-0.00481,0.00029
0.28204,-0.00186,0
0.03649,-0.04882,0
