"Points:0","Points:1","Points:2"
2.99245,0.09824,0
2.75427,0.02228,3e-05
2.51284,-0.04261,0.00085
2.26484,-0.01107,2e-05
2.0157,-0.03184,0.00015
1.76726,-0.00402,0
1.51761,0.00927,0.0009
1.26951,-0.0215,0
1.02364,0.02373,0.00059
0.78011,-0.03277,0.00127
0.53141,-0.00737,0.00312
0.28142,-0.00736,0.00063
0.03558,-0.05277,0
