"Points:0","Points:1","Points:2"
2.99309,0.09916,0
2.75642,0.01859,0.00117
2.5133,-0.03964,0.00074
2.26532,-0.00793,0.0008
2.01624,-0.02939,0.00133
1.76713,-0.00837,0.00091
1.51741,0.00341,0.00072
1.26851,-0.02,0.00091
1.02232,0.02351,0
0.77883,-0.03316,0.00146
0.52991,-0.00996,0.00047
0.27999,-0.00387,0.00169
0.03438,-0.05046,0
