"Points:0","Points:1","Points:2"
2.99251,0.09729,0
2.75449,0.02085,1e-05
2.51279,-0.04305,0.00028
2.26565,-0.00539,0.00173
2.01665,-0.0277,4e-05
1.76715,-0.01184,1e-05
1.51784,0.00664,0
1.26919,-0.01931,0.00038
1.02222,0.01953,0.00067
0.7784,-0.03566,0.00279
0.53006,-0.00693,0.00118
0.28013,-0.00114,0.00143
0.03554,-0.05284,0
