"Points:0","Points:1","Points:2"
2.99243,0.0995,0.00095
2.75589,0.01858,0
2.51227,-0.03755,0.00071
2.26418,-0.00674,0.0001
2.01543,-0.03179,0
1.7664,-0.0098,4e-05
1.51719,0.01001,0
1.26914,-0.02117,2e-05
1.0232,0.02356,0.00341
0.77957,-0.03242,1e-05
0.53043,-0.0117,3e-05
0.28104,0.0057,0
0.03572,-0.04249,0
