"Points:0","Points:1","Points:2"
2.99298,0.0978,0.0019
2.75576,0.01894,0
2.51275,-0.03979,1e-05
2.2651,-0.00557,0
2.01653,-0.03221,1e-05
1.76739,-0.01142,0
1.51826,0.00939,3e-05
1.27042,-0.0234,0
1.02408,0.01922,0.00038
0.77964,-0.03322,1e-05
0.53104,-0.00685,0
0.28109,-0.00261,0.00263
0.03576,-0.05066,0
