"Points:0","Points:1","Points:2"
2.99428,0.09612,0.00078
2.75573,0.02134,0.00054
2.51267,-0.03719,0.00063
2.26518,-0.00188,0.00071
2.01644,-0.0269,0.00165
1.76703,-0.00969,5e-05
1.51784,0.01034,4e-05
1.26982,-0.02107,7e-05
1.02369,0.02272,0.00165
0.77957,-0.03118,0.00053
0.5304,-0.0108,1e-05
0.28092,0.00514,0.00145
0.03607,-0.04536,0.00041
