"Points:0","Points:1","Points:2"
2.99398,0.0979,0.00119
2.75587,0.02173,0.00109
2.51351,-0.03962,0
2.26541,-0.0089,5e-05
2.0161,-0.0275,0
1.7671,-0.0053,0.00183
1.51732,0.00514,0
1.26866,-0.02072,0.00076
1.02266,0.02382,0
0.77944,-0.03398,0
0.53068,-0.0091,1e-05
0.28091,0.00166,4e-05
0.03676,-0.0521,0
