"Points:0","Points:1","Points:2"
2.99509,0.09436,0.00182
2.75715,0.01765,3e-05
2.51426,-0.04153,0.00025
2.26616,-0.0107,1e-05
2.01664,-0.02611,1e-05
1.76741,-0.00646,0.00054
1.51767,0.00488,0
1.26903,-0.02114,1e-05
1.02265,0.02123,0
0.77902,-0.03486,1e-05
0.53038,-0.00878,0
0.2804,-0.00607,0.00131
0.03402,-0.04847,0.0014
