"Points:0","Points:1","Points:2"
2.9932,0.09439,0.00093
2.7549,0.01882,2e-05
2.51381,-0.04734,1e-05
2.26637,-0.01168,0
2.01692,-0.02823,0.00028
1.76751,-0.01103,0.00033
1.51799,0.00443,0.00195
1.26946,-0.02248,0
1.02292,0.01897,0
0.77871,-0.03453,0
0.53029,-0.00644,0
0.28038,0.00025,0
0.03501,-0.04754,0.00317
