"Points:0","Points:1","Points:2"
2.99367,0.09911,0.00238
2.75698,0.01866,6e-05
2.51306,-0.03617,0
2.26512,-0.00419,0.00141
2.01637,-0.02905,5e-05
1.76728,-0.00775,0.00114
1.51778,0.00808,0.00152
1.26936,-0.01998,8e-05
1.02309,0.02305,0
0.77941,-0.03277,0.00206
0.53071,-0.0074,0.00068
0.2808,-0.00063,0
0.03282,-0.03238,0
