"Points:0","Points:1","Points:2"
2.99217,0.09946,1e-05
2.75565,0.01849,0.00142
2.51313,-0.04219,0.0002
2.26503,-0.0115,0.00158
2.01538,-0.02466,0.00014
1.76589,-0.00872,0.00089
1.5164,0.00733,0
1.26776,-0.01872,9e-05
1.02122,0.0227,0.00161
0.77807,-0.03539,0.00073
0.52981,-0.00595,0.00072
0.27985,-0.0011,0.00035
0.03532,-0.05309,0
