"Points:0","Points:1","Points:2"
2.99403,0.09375,0.00138
2.75481,0.02113,4e-05
2.51298,-0.04224,0
2.26516,-0.00934,9e-05
2.01584,-0.02766,0.0023
1.76648,-0.0097,0.00188
1.51706,0.00722,0.00019
1.26877,-0.02188,0.00179
1.02267,0.02207,0
0.77894,-0.03358,0
0.53035,-0.00709,0
0.28048,0.00065,0.00253
0.03539,-0.0486,0
