"Points:0","Points:1","Points:2"
2.99318,0.1009,0.00134
2.75589,0.02219,0.00067
2.51388,-0.04049,0.00271
2.26536,-0.0135,1e-05
2.01621,-0.03388,0.00297
1.7672,-0.0118,3e-05
1.51783,0.00588,0.00017
1.26934,-0.02157,3e-05
1.02344,0.02353,0.00023
0.77984,-0.03268,7e-05
0.5315,-0.00395,0.00057
0.28156,-0.00927,0.00196
0.03444,-0.0471,0
