"Points:0","Points:1","Points:2"
2.99417,0.09669,0
2.75726,0.01687,0.00203
2.51391,-0.04039,0
2.26587,-0.00922,0.0009
2.01632,-0.02431,0.0011
1.76651,-0.01461,0
1.51752,0.00781,0.00014
1.26949,-0.0235,0.00184
1.02367,0.02197,0
0.7794,-0.03125,0
0.53076,-0.00517,0.00034
0.28077,-0.00316,1e-05
0.03593,-0.05369,0.00059
