"Points:0","Points:1","Points:2"
2.99529,0.09174,0.0019
2.75482,0.0234,0
2.5136,-0.04229,0
2.26605,-0.00744,0.00083
2.01693,-0.02846,0
1.76782,-0.00738,0.00019
1.51818,0.00595,5e-05
1.26962,-0.02088,0.0013
1.02314,0.02091,6e-05
0.77925,-0.03399,0
0.53064,-0.00765,0
0.28065,-0.00512,0.0005
0.03472,-0.05001,0
