"Points:0","Points:1","Points:2"
2.99333,0.09838,0.00021
2.75615,0.01936,0.00131
2.51389,-0.04236,0
2.26544,-0.0146,0.00122
2.01592,-0.03,0.00068
1.76646,-0.0136,0.00015
1.51728,0.00663,0.00174
1.26902,-0.02278,0.0022
1.02274,0.02018,2e-05
0.77894,-0.03512,0
0.53019,-0.0101,0.00036
0.28021,-0.00735,0.00125
0.03321,-0.04597,0
