"Points:0","Points:1","Points:2"
2.9923,0.09745,0.00174
2.75453,0.02024,2e-05
2.51277,-0.04341,0.0005
2.26517,-0.00881,0.00048
2.01603,-0.02955,0
1.76694,-0.00834,0.00014
1.51761,0.00997,0
1.26991,-0.02391,7e-05
1.02353,0.01848,0.00079
0.77922,-0.03451,0.00064
0.53053,-0.00896,0.00126
0.28058,-0.00376,0
0.0341,-0.04553,0.0007
