"Points:0","Points:1","Points:2"
2.99382,0.09301,0.0019
2.75453,0.02062,0.00081
2.51304,-0.04404,3e-05
2.26563,-0.00818,2e-05
2.0167,-0.03123,0.00141
1.7678,-0.00787,0.00353
1.5182,0.00612,0.00111
1.26969,-0.02113,0.00149
1.02315,0.02032,0.00133
0.77937,-0.03509,0
0.5309,-0.00751,1e-05
0.28091,-0.00531,0.00067
0.03533,-0.0521,0
