"Points:0","Points:1","Points:2"
2.99573,0.09115,0
2.75528,0.02271,2e-05
2.51423,-0.04359,0.00111
2.26642,-0.01056,2e-05
2.01745,-0.03314,0.00095
1.76845,-0.01076,0.00102
1.51897,0.00525,0.00106
1.27043,-0.02177,0
1.02429,0.02198,4e-05
0.78089,-0.03508,0.00099
0.53291,-0.00337,1e-05
0.28297,-0.00868,0.00049
0.03587,-0.04667,0.00024
