"Points:0","Points:1","Points:2"
2.99611,0.09109,0.00029
2.75725,0.0173,0.00057
2.51128,-0.02742,0
2.26279,-4e-05,0.00065
2.01606,-0.04036,0.00082
1.76748,-0.01376,6e-05
1.51817,0.00482,2e-05
1.26925,-0.01838,0.00089
1.0213,0.01355,0
0.77444,-0.02592,1e-05
0.52453,-0.01897,0.00087
0.27582,0.00631,0
0.02768,-0.0241,0.00148
