"Points:0","Points:1","Points:2"
2.99481,0.09285,0
2.75523,0.02145,0.0015
2.51339,-0.0419,0.0017
2.26549,-0.00959,2e-05
2.0164,-0.03086,0.00025
1.76758,-0.00661,0
1.51785,0.00501,0.00024
1.26914,-0.02035,0.00134
1.02326,0.02483,0
0.78032,-0.03417,0.00083
0.53177,-0.00733,0
0.28182,-0.00234,0
0.03676,-0.0518,0.0003
