"Points:0","Points:1","Points:2"
2.99481,0.09684,0.00047
2.75647,0.02137,0
2.51452,-0.04154,2e-05
2.26622,-0.01242,0
2.01663,-0.02672,1e-05
1.76738,-0.00736,0.00152
1.51763,0.00382,0.00025
1.26896,-0.02181,0.00234
1.02227,0.01866,2e-05
0.77856,-0.03703,0.00192
0.53021,-0.00834,0.00024
0.2804,0.0014,0
0.03478,-0.04518,0.00111
