"Points:0","Points:1","Points:2"
2.99295,0.09941,0
2.75593,0.01995,0.00196
2.51371,-0.04196,0.00072
2.26524,-0.01436,2e-05
2.01572,-0.02976,0.00119
1.76676,-0.00703,2e-05
1.5171,0.0061,7e-05
1.26875,-0.02255,0.00141
1.02267,0.02152,0.00042
0.77892,-0.03401,0.00207
0.53051,-0.00593,0
0.28052,-0.0072,0.00184
0.03421,-0.04999,0.00055
