"Points:0","Points:1","Points:2"
2.99171,0.10266,0.00232
2.75636,0.01833,0.00085
2.51391,-0.04262,0.00013
2.26589,-0.01116,0
2.0166,-0.02989,0.00071
1.76736,-0.01042,0.00103
1.51766,0.00194,0.00036
1.26858,-0.01942,0.00118
1.02206,0.02219,0.00094
0.77893,-0.036,0
0.53051,-0.00796,0.00026
0.28065,8e-05,0.0025
0.03691,-0.05545,0
