"Points:0","Points:1","Points:2"
2.99441,0.09565,0.00035
2.75686,0.01772,0
2.51405,-0.04179,0.00103
2.26598,-0.01079,0
2.01726,-0.03603,0.00022
1.76876,-0.00872,0
1.51923,0.00662,0
1.2706,-0.01951,0
1.02324,0.0167,0.00231
0.77804,-0.03201,0
0.52928,-0.00715,0
0.27939,0.0002,0
0.03453,-0.05025,0
