"Points:0","Points:1","Points:2"
2.99348,0.09659,0
2.7554,0.02033,1e-05
2.51357,-0.04308,8e-05
2.26573,-0.01031,0.00075
2.01623,-0.02604,0.00029
1.76702,-0.00615,5e-05
1.51738,0.00717,0.00097
1.26922,-0.02308,0
1.0234,0.02249,1e-05
0.77977,-0.03352,0.00213
0.53119,-0.00691,0.0019
0.28119,-0.00562,0.00157
0.03558,-0.05221,0
