"Points:0","Points:1","Points:2"
2.99372,0.09712,4e-05
2.75637,0.01858,0.00012
2.51361,-0.04111,3e-05
2.26511,-0.01375,0
2.01568,-0.03073,9e-05
1.76699,-0.0052,0.00101
1.51729,0.00706,0.00074
1.26892,-0.02143,6e-05
1.02331,0.02519,0.0006
0.78045,-0.03415,0
0.5316,-0.01029,0
0.28178,-0.00057,0
0.03629,-0.04785,0
