"Points:0","Points:1","Points:2"
2.99523,0.09719,0
2.75669,0.02239,0.0002
2.51491,-0.04121,0.00022
2.2666,-0.01222,0.00012
2.0169,-0.02456,0
1.76733,-0.00999,3e-05
1.51797,0.00787,0.00064
1.2697,-0.02149,2e-05
1.02371,0.02312,1e-05
0.78008,-0.03294,0.00098
0.5317,-0.00448,0.00046
0.2817,-0.00378,0.00081
0.03532,-0.04615,0
