"Points:0","Points:1","Points:2"
2.99442,0.09626,0.00214
2.75572,0.02198,2e-05
2.51373,-0.04082,0.00032
2.2658,-0.00876,5e-05
2.0165,-0.02755,2e-05
1.76733,-0.00723,0
1.51771,0.00648,3e-05
1.26924,-0.02119,1e-05
1.02337,0.02404,0
0.78002,-0.0332,0.00178
0.53132,-0.00777,0.00369
0.2814,-0.00175,0.00137
0.03566,-0.04767,0.00137
