"Points:0","Points:1","Points:2"
2.99299,0.0975,0.00045
2.75444,0.02273,2e-05
2.51311,-0.04254,0
2.26556,-0.0076,0.00111
2.01685,-0.03294,0
1.76747,-0.01533,2e-05
1.51859,0.00825,5e-05
1.27011,-0.01928,0.00128
1.02336,0.02085,2e-05
0.78005,-0.03659,0.00049
0.53199,-0.00551,0
0.28201,-0.00225,0.00054
0.03714,-0.05263,0
