"Points:0","Points:1","Points:2"
2.99966,0.08277,0.00106
2.76122,0.00762,0.00131
2.51133,0.00027,0.00208
2.26143,-0.00656,0.00028
2.01221,-0.02631,9e-05
1.76228,-0.02057,0.00172
1.51362,0.0052,0.0008
1.26379,-0.00407,0
1.01497,0.02017,0.00151
0.76787,-0.01775,0.00265
0.51842,-0.0013,5e-05
0.26857,-0.00982,0.00148
0.01858,-0.0084,0.00132
