"Points:0","Points:1","Points:2"
2.99423,0.09884,2e-05
2.75784,0.0175,0.00061
2.51359,-0.03585,2e-05
2.26535,-0.00625,3e-05
2.01674,-0.0325,0.001
1.76778,-0.0097,5e-05
1.51826,0.00534,0.00344
1.26935,-0.01792,0.00109
1.02225,0.02002,0.00066
0.77804,-0.0335,0.00048
0.52963,-0.00533,0
0.27965,-0.00285,0
0.03149,-0.03314,0
