"Points:0","Points:1","Points:2"
2.99475,0.09475,0
2.7559,0.02093,0.00119
2.51376,-0.04125,0
2.26545,-0.01225,0.00115
2.01604,-0.02943,0.00152
1.76713,-0.00616,6e-05
1.51746,0.00661,0
1.26904,-0.02146,0.00101
1.0231,0.02338,0
0.77936,-0.0322,0.00073
0.53057,-0.00758,0.00027
0.2806,-0.00401,0
0.035,-0.05075,0.00015
