"Points:0","Points:1","Points:2"
2.99402,0.09299,0.00125
2.75494,0.01993,1e-05
2.51252,-0.04119,1e-05
2.26523,-0.00459,0.00255
2.01619,-0.02636,0
1.76669,-0.01068,0.00147
1.51753,0.00982,0.00068
1.26928,-0.01969,0.00135
1.02277,0.02195,0.00015
0.77873,-0.0323,0.00042
0.52963,-0.01104,0.00095
0.28,0.00241,0.0002
0.03436,-0.04409,1e-05
