"Points:0","Points:1","Points:2"
2.99449,0.0934,0.00123
2.75533,0.0206,4e-05
2.51302,-0.04093,0
2.26568,-0.00458,0
2.01662,-0.02615,0.00206
1.76701,-0.01229,2e-05
1.51755,0.00412,0.00136
1.26913,-0.02389,0.00122
1.02359,0.02314,0
0.77971,-0.03182,0
0.53076,-0.00899,0.00069
0.2809,-0.00056,0
0.03438,-0.04214,0.00085
