"Points:0","Points:1","Points:2"
2.9948,0.09255,0.00081
2.75554,0.02008,0.00018
2.51392,-0.04409,0.00253
2.26612,-0.01106,0.00074
2.01657,-0.02604,2e-05
1.76716,-0.00889,0.00094
1.5176,0.00598,0.0001
1.26901,-0.02048,0.00096
1.02262,0.02186,4e-05
0.77877,-0.03322,1e-05
0.53015,-0.00694,0.00055
0.28021,-0.00181,1e-05
0.03545,-0.05275,0.00043
