"Points:0","Points:1","Points:2"
2.99413,0.09389,0.00066
2.75623,0.01707,0
2.51244,-0.03831,2e-05
2.26518,-0.00141,1e-05
2.01696,-0.03119,0
1.76748,-0.01504,0.00011
1.51834,0.00559,1e-05
1.26972,-0.02071,6e-05
1.02319,0.02069,0.00291
0.77873,-0.03158,0.00051
0.53014,-0.00503,1e-05
0.28034,0.00505,0
0.03325,-0.03296,0
