"Points:0","Points:1","Points:2"
2.99324,0.10072,0.00161
2.75699,0.01895,0.00089
2.51355,-0.03795,0
2.26518,-0.00947,0
2.01572,-0.02589,5e-05
1.76626,-0.00951,0.00041
1.51689,0.00826,0.00083
1.26875,-0.02221,0
1.02272,0.02214,0.00014
0.77897,-0.03339,0.00153
0.53055,-0.00538,0
0.28055,-0.00544,0
0.03438,-0.04907,0
