"Points:0","Points:1","Points:2"
2.99313,0.09578,0
2.75481,0.02024,0
2.51239,-0.04084,7e-05
2.26432,-0.00982,0.0008
2.01534,-0.03238,0.00087
1.76669,-0.00638,0.00063
1.51696,0.00516,0.00049
1.26839,-0.02152,0.00121
1.02214,0.02162,2e-05
0.77829,-0.03348,0
0.52943,-0.00961,0
0.27949,-0.00388,0
0.03357,-0.04882,1e-05
