"Points:0","Points:1","Points:2"
2.99325,0.09473,0
2.75421,0.02153,1e-05
2.51331,-0.04532,0.00089
2.2656,-0.01156,0
2.01629,-0.03009,0.00046
1.7671,-0.00999,0.00097
1.51774,0.00788,0.00035
1.26954,-0.02204,0
1.02362,0.02292,0.00143
0.78031,-0.03453,0
0.53164,-0.00874,0
0.28178,-0.00064,0.00057
0.03672,-0.0501,0
