"Points:0","Points:1","Points:2"
2.99224,0.09924,0.00014
2.75511,0.02009,0.00104
2.51284,-0.0416,0
2.26489,-0.00964,3e-05
2.01582,-0.03112,0.0009
1.76675,-0.00953,0.00115
1.5173,0.00705,0.00122
1.26883,-0.02056,0.00169
1.0227,0.02326,1e-05
0.77962,-0.03512,0.00093
0.53138,-0.00549,0
0.28139,-0.00688,0.00103
0.03468,-0.04736,0.00138
