"Points:0","Points:1","Points:2"
2.99378,0.09772,0.00214
2.75657,0.0188,0.00129
2.51373,-0.0406,1e-05
2.26524,-0.01322,0.00085
2.01578,-0.02969,0.00186
1.76631,-0.01345,9e-05
1.51699,0.00491,0.00088
1.26832,-0.02079,1e-05
1.02174,0.02044,0.00017
0.77754,-0.03311,0
0.52853,-0.01087,0.00064
0.27858,-0.00601,0
0.03208,-0.04767,0.00061
