"Points:0","Points:1","Points:2"
2.99113,0.09887,2e-05
2.75404,0.01955,0.00013
2.51188,-0.04254,0.0009
2.2641,-0.00927,0.00191
2.01527,-0.03333,2e-05
1.76641,-0.00952,0
1.51709,0.00891,0
1.26901,-0.02203,5e-05
1.02293,0.02211,0
0.77979,-0.03601,0.002
0.53102,-0.0113,2e-05
0.2812,-0.00183,0.00029
0.03542,-0.04757,1e-05
