"Points:0","Points:1","Points:2"
2.99415,0.09706,0.00134
2.75595,0.02115,0
2.51372,-0.04069,3e-05
2.26566,-0.00963,0
2.01647,-0.02963,0.00133
1.76709,-0.012,5e-05
1.51771,0.00543,0.00259
1.26912,-0.02106,0.00191
1.02293,0.0224,0
0.77927,-0.03352,0.00031
0.53073,-0.00656,0
0.28086,0.00154,0
0.03577,-0.04779,0
