"Points:0","Points:1","Points:2"
2.99416,0.09498,0
2.7565,0.0174,4e-05
2.51399,-0.04333,0
2.26587,-0.01269,3e-05
2.01637,-0.02848,0
1.76716,-0.00857,3e-05
1.51769,0.00755,0.00161
1.2692,-0.01989,0
1.02295,0.02323,3e-05
0.77939,-0.03317,0
0.53113,-0.00382,0.00161
0.28113,-0.00404,0.00066
0.03464,-0.0458,0
