"Points:0","Points:1","Points:2"
2.99179,0.09789,0.00171
2.75383,0.02127,5e-05
2.51302,-0.04588,0.00033
2.26537,-0.01165,0
2.01607,-0.03038,0.00013
1.76677,-0.0118,0.00178
1.51765,0.00921,0.00159
1.26939,-0.0202,0.00211
1.02264,0.01995,0
0.7784,-0.0334,1e-05
0.52943,-0.01076,0.00014
0.27951,-0.00423,0
0.03308,-0.04631,1e-05
