"Points:0","Points:1","Points:2"
2.99156,0.10168,1e-05
2.75579,0.01854,0.00097
2.51317,-0.04174,0
2.26498,-0.01167,3e-05
2.01616,-0.03592,0
1.76757,-0.0094,0
1.51792,0.00392,0.00016
1.26917,-0.02096,1e-05
1.02276,0.0213,0
0.77866,-0.03269,1e-05
0.52973,-0.00956,0
0.2798,-0.00379,0.0009
0.03416,-0.05027,0
