"Points:0","Points:1","Points:2"
2.99524,0.09395,0.00156
2.75603,0.02132,0.00046
2.51362,-0.03982,0.00108
2.26602,-0.00532,3e-05
2.01726,-0.03022,1e-05
1.76825,-0.00798,0.00015
1.51864,0.00573,0.00252
1.27047,-0.02449,0.00162
1.02429,0.01903,0.00055
0.77885,-0.0285,0.00075
0.52931,-0.01329,0
0.27997,0.00473,0.00113
0.03344,-0.0368,0.00204
