"Points:0","Points:1","Points:2"
2.99398,0.09676,6e-05
2.75549,0.02178,1e-05
2.51414,-0.04343,0.00031
2.2661,-0.0122,0.00155
2.01692,-0.03241,0.00072
1.7678,-0.01144,0.00055
1.5183,0.00437,0.00011
1.26964,-0.02147,0.00102
1.02344,0.02193,7e-05
0.78032,-0.03632,0.00063
0.53184,-0.00884,0.00136
0.28198,-0.00055,0
0.03643,-0.04752,0.00099
