"Points:0","Points:1","Points:2"
2.99377,0.09641,0.00069
2.75608,0.01893,2e-05
2.51278,-0.03855,0.00023
2.26389,-0.01518,0.00291
2.01431,-0.02959,0.00054
1.76547,-0.0056,0
1.51582,0.0076,6e-05
1.26773,-0.02324,0.00089
1.02218,0.02372,0.0008
0.77928,-0.03545,2e-05
0.5314,-0.00293,1e-05
0.28141,-0.00364,0.0014
0.03555,-0.04894,1e-05
