"Points:0","Points:1","Points:2"
2.99372,0.09955,0.00334
2.75619,0.02164,4e-05
2.514,-0.04035,0.00069
2.26588,-0.00975,0.00031
2.01636,-0.02523,0.00016
1.76689,-0.0089,0.00018
1.51767,0.01082,0
1.26975,-0.02132,0.00044
1.02341,0.02135,0
0.78044,-0.03752,0
0.53181,-0.0114,0.00083
0.28203,-0.00103,0.00181
0.03679,-0.04957,0.00044
