"Points:0","Points:1","Points:2"
2.99226,0.09764,0.00136
2.75399,0.02197,0.00138
2.51314,-0.04504,0
2.26514,-0.01358,0.00217
2.01563,-0.0292,1e-05
1.76641,-0.00946,0
1.5172,0.01033,0
1.26914,-0.0207,0.00174
1.02278,0.02182,0.00103
0.77944,-0.03551,0.00017
0.53071,-0.01034,0
0.28072,-0.00831,0
0.03442,-0.05113,0
