"Points:0","Points:1","Points:2"
2.99068,0.1037,0.00018
2.75624,0.01689,0
2.51246,-0.03855,0.00139
2.26557,0.00069,0.00272
2.01745,-0.02981,0
1.76805,-0.01241,2e-05
1.51886,0.00754,0.00202
1.27051,-0.02105,1e-05
1.0239,0.02,3e-05
0.77876,-0.02905,0.00151
0.52939,-0.01141,1e-05
0.27983,0.00336,0
0.03371,-0.04053,0.00028
