"Points:0","Points:1","Points:2"
2.99386,0.09761,0.00027
2.75713,0.01726,0.00136
2.51376,-0.03994,5e-05
2.26613,-0.00563,0.00055
2.01715,-0.02828,1e-05
1.76784,-0.00976,0.00076
1.51862,0.00995,0.00106
1.2705,-0.02062,1e-05
1.0241,0.02162,0.00112
0.7796,-0.03053,0.00085
0.53086,-0.00549,0
0.281,0.00298,0.00011
0.03514,-0.04229,0.00261
