"Points:0","Points:1","Points:2"
2.99586,0.09336,0.00092
2.75677,0.02034,0
2.51494,-0.04308,1e-05
2.26688,-0.01201,0.00044
2.01731,-0.02653,0.00097
1.76796,-0.00849,0.00146
1.51842,0.00669,1e-05
1.27008,-0.02206,0
1.02381,0.02097,1e-05
0.78006,-0.03458,1e-05
0.53152,-0.0076,0
0.28153,-0.00744,0.0017
0.03387,-0.04151,0
