"Points:0","Points:1","Points:2"
2.99346,0.09503,2e-05
2.75389,0.0236,0.00137
2.51241,-0.04112,0.00118
2.26539,-0.00266,2e-05
2.01663,-0.02753,0.00064
1.76703,-0.01345,0.0011
1.51789,0.00728,0
1.26958,-0.02171,0.00027
1.02365,0.02321,2e-05
0.78018,-0.03356,1e-05
0.53091,-0.01448,9e-05
0.28172,0.00565,1e-05
0.03573,-0.03889,0
