"Points:0","Points:1","Points:2"
2.99333,0.09434,0
2.75514,0.01841,1e-05
2.51327,-0.04486,2e-05
2.26537,-0.01254,0.00038
2.01608,-0.03139,8e-05
1.76696,-0.01055,0.00062
1.51751,0.00615,0.00105
1.26902,-0.02122,0.00141
1.02294,0.02289,1e-05
0.7797,-0.03483,0
0.53116,-0.00781,0.00055
0.28128,-4e-05,0.00102
0.03687,-0.05258,0.00149
