"Points:0","Points:1","Points:2"
2.53164,0.01428,0
1.32933,-0.00142,0
0.97084,0.01019,0
0.44125,0.01448,0
1.62012,-0.00232,0
2.32835,-0.00699,0
0.49933,-0.00048,0
0.05275,-0.00586,0
1.86129,-0.00703,0
