"Points:0","Points:1","Points:2"
10.435,-1.42418,0
10.1853,-1.41248,0.00367
9.93888,-1.37043,0.00379
9.69066,-1.34088,0
9.44367,-1.3025,0.00498
9.19752,-1.25904,0.00047
8.9549,-1.19873,0.00024
8.70493,-1.1955,0
8.45496,-1.1982,0.00316
8.20499,-1.20003,0.00674
7.95626,-1.17542,0.00189
7.71552,-1.1087,0.01179
7.47951,-1.02677,0.00257
