"Points:0","Points:1","Points:2"
3.00678,-0.06454,1e-05
2.75719,-0.07864,0.00187
2.51466,-0.01799,2e-05
2.26768,-0.05676,0
2.01783,-0.0487,0.00322
1.76802,-0.03949,0
1.51833,-0.02708,0
1.26916,-0.00671,4e-05
1.0201,-0.02821,0.00181
0.7748,0.02005,0.00036
0.52637,0.048,0
0.27784,0.02089,0
0.02945,-0.00738,0.00022
