"Points:0","Points:1","Points:2"
3.17927,-1.4176,0.00468
3.29419,-1.19562,0.0004
3.427,-0.98381,0.00099
3.577,-0.78381,0.00083
3.70125,-0.56688,0.00048
3.90272,-0.41886,0.00066
4.08268,-0.24538,0.00531
3.92313,-0.05294,0.00172
3.71446,0.08469,0.00546
3.46465,0.09123,0.01274
3.2359,-0.00952,0.00801
3.03315,-0.15556,2e-05
2.84209,-0.31679,0.00014
