"Points:0","Points:1","Points:2"
3.00436,-0.05913,0.00068
2.75565,-0.08454,0.00108
2.51627,-0.01247,0
2.2698,-0.05429,0.00035
2.0198,-0.05236,0.00056
1.77,-0.0426,0.00214
1.5205,-0.02691,0.00038
1.27121,-0.00807,0
1.02149,-0.01993,0
0.77709,0.03267,0.00041
0.52775,0.05087,0.0016
0.27958,0.02068,0.00055
0.03043,0.00013,0
