"Points:0","Points:1","Points:2"
3.00481,-0.06238,1e-05
2.75552,-0.08125,0.00156
2.51424,-0.01582,4e-05
2.26797,-0.05873,0.0027
2.0181,-0.05098,8e-05
1.76834,-0.04024,0.00223
1.51886,-0.0241,0.00233
1.26945,-0.00716,4e-05
1.02008,-0.02495,0.00086
0.77523,0.0255,1e-05
0.52612,0.04663,0
0.27793,0.01666,0
0.02834,0.00226,0.00052
