"Points:0","Points:1","Points:2"
3.00175,-0.07022,0
2.75182,-0.07607,0
2.51707,0.00992,0.0006
2.26717,0.0029,0.00073
2.01756,-0.0111,0.00066
1.76864,-0.03425,0.00145
1.51876,-0.02649,0.00182
1.26987,-0.00303,0.00021
1.02062,-0.02241,1e-05
0.77437,0.02069,0.0022
0.52625,0.05122,0
0.27837,0.01872,0
0.03095,-0.0171,0
