"Points:0","Points:1","Points:2"
18.7948,4.05171,0.00288
18.6896,3.82495,0.00058
18.6328,3.58148,0.00072
18.5418,3.34865,0.00078
18.4219,3.12931,0.00457
18.2955,2.91364,0.00078
18.1758,2.6942,0.00443
18.0416,2.48324,0.00421
17.8123,2.3839,0.01104
17.5709,2.31942,0.00396
17.336,2.23375,0.00749
17.0945,2.1697,0
16.8446,2.17284,0.00493
