"Points:0","Points:1","Points:2"
3.18668,-0.07257,0.00233
2.99291,0.08539,1e-05
2.7623,0.18192,0.00046
2.55801,0.03783,0.00199
2.40352,-0.15871,0.00426
2.17428,-0.05905,0.00026
1.97684,0.0943,0
1.73696,0.02391,0.00118
1.50802,0.12434,0.00093
1.27006,0.20099,1e-05
1.03215,0.12419,0
0.78233,0.11489,0.00104
0.53253,0.1049,0
