"Points:0","Points:1","Points:2"
3.00682,-0.06231,0.00032
2.75763,-0.08245,1e-05
2.51543,-0.02051,0
2.26875,-0.0611,2e-05
2.01899,-0.05012,0.00056
1.76905,-0.04469,0.0021
1.51995,-0.0237,0
1.2704,-0.00872,0
1.02071,-0.02134,1e-05
0.77563,0.02797,0.00157
0.52684,0.05259,0.00214
0.27891,0.02057,1e-05
0.02985,-0.00087,0.00297
