"Points:0","Points:1","Points:2"
15.6494,1.16873,0.00259
15.4443,1.02586,0.00648
15.229,0.89894,0.0011
15.0133,0.77254,0.00203
14.7965,0.64797,0.0019
14.6057,0.48652,0.00015
14.4551,0.28695,0.00264
14.392,0.04506,0
14.3278,-0.1965,0.00442
14.1692,-0.38979,0.0026
14.007,-0.5792,0.02046
13.8839,-0.79582,0.00011
13.768,-1.01729,0.005
