"Points:0","Points:1","Points:2"
3.00314,-0.06274,0.00067
2.75425,-0.08627,0.00127
2.51404,-0.01698,0.00068
2.26728,-0.05707,0
2.01735,-0.05132,0.00053
1.76759,-0.04038,0.00136
1.51818,-0.02313,0.00189
1.26893,-0.00387,1e-05
1.0198,-0.02468,0
0.77528,0.02736,0.00077
0.52617,0.04841,0.00172
0.27755,0.02216,6e-05
0.02874,-0.00212,0.00118
