"Points:0","Points:1","Points:2"
3.23207,-0.15177,2e-05
3.11962,0.07151,0.00135
2.87618,0.01464,0
2.7403,0.22449,0
2.54274,0.0713,0.00109
2.40772,-0.1391,0
2.17178,-0.05645,0
1.93612,0.02703,0.00052
1.69005,0.07114,0.00195
1.44668,0.12831,6e-05
1.1997,0.167,7e-05
0.95506,0.11551,0.00117
0.70536,0.10323,0.00089
