"Points:0","Points:1","Points:2"
3.76527,0.2558,0
3.53682,0.15428,0.00143
3.30048,0.07276,0.0015
3.05062,0.06453,0
2.81046,0.13397,0.00139
2.57489,0.05027,0.00138
2.41354,-0.14067,0.00347
2.1788,-0.05472,0.00019
1.95664,0.05994,0
1.70833,0.03094,0
1.48411,0.1415,1e-05
1.24043,0.19733,0.00163
1.00304,0.11894,0
