"Points:0","Points:1","Points:2"
3.00329,-0.05549,0.0006
2.75549,-0.08852,0.00011
2.51617,-0.01621,0.00088
2.26878,-0.05223,2e-05
2.01882,-0.04809,0
1.76884,-0.04479,1e-05
1.51969,-0.02421,1e-05
1.2703,-0.00672,0
1.02055,-0.01798,0
0.77564,0.03216,0.00124
0.52649,0.05271,1e-05
0.27916,0.01627,0.00103
0.02953,0.00258,0.00196
