"Points:0","Points:1","Points:2"
3.00538,-0.0588,1e-05
2.7566,-0.08345,0.00214
2.51497,-0.01936,2e-05
2.26741,-0.05422,0.00076
2.01745,-0.04973,0
1.76748,-0.0459,0
1.51843,-0.02417,0
1.26903,-0.0068,0.00089
1.01949,-0.02196,0.00118
0.77493,0.02989,2e-05
0.526,0.05281,0.00273
0.27789,0.02225,1e-05
0.02894,-0.00051,0.00231
