"Points:0","Points:1","Points:2"
3.20766,-0.16203,0.00059
3.21272,0.08791,0.00216
3.00088,-0.04484,0.00222
2.78693,0.08448,0.00014
2.54701,0.15474,0.00049
2.60826,-0.08764,2e-05
2.36854,-0.15859,0
2.15219,-0.03331,0
1.91543,0.04697,2e-05
1.66566,0.05758,0.00166
1.42534,0.12644,4e-05
1.18135,0.18094,1e-05
0.94151,0.11053,0.0041
