"Points:0","Points:1","Points:2"
3.00239,-0.056,0.00072
2.7543,-0.08689,0.00028
2.51404,-0.01781,0
2.26798,-0.06204,0.00045
2.01815,-0.05291,0.00049
1.76842,-0.04123,0
1.51877,-0.0281,1e-05
1.2696,-0.00765,0.00043
1.02008,-0.02297,0.00172
0.77635,0.03267,3e-05
0.52725,0.05391,0
0.27941,0.02114,0
0.03029,0.00022,0.00022
