"Points:0","Points:1","Points:2"
16.2004,1.12957,0.00424
15.9538,1.17065,0.0025
15.7043,1.18606,0.00101
15.4544,1.1797,0
15.23,1.06947,0.00043
15.0182,0.9367,0.00119
14.8777,0.72995,0.00253
14.698,0.55621,0.00931
14.6262,0.31685,0.0028
14.5396,0.08232,0
14.4462,-0.14955,0.0023
14.3591,-0.38387,0.00549
14.2898,-0.62408,0.00486
