"Points:0","Points:1","Points:2"
2.30818,-2.03977,0.00207
2.49931,-1.87862,0.00127
2.67487,-1.70063,0
2.80271,-1.48582,0.00322
2.81708,-1.23625,0.0002
3.02049,-1.38159,0
3.25578,-1.29711,0.00129
3.30538,-1.05209,1e-05
3.43561,-0.83869,0.00133
3.63456,-0.68732,0.00422
3.77435,-0.48009,0.0008
3.97839,-0.33564,0.00141
4.20389,-0.22772,0.00277
