"Points:0","Points:1","Points:2"
2.10401,-2.07348,0.00517
2.34757,-2.01734,2e-05
2.53423,-1.85103,0
2.72761,-1.6926,0.0012
2.67818,-1.44753,0.0005
2.5392,-1.23973,0.00222
2.38848,-1.04028,0
2.58685,-0.88813,0.00011
2.82746,-0.8203,0.00264
3.07659,-0.84098,0
3.32375,-0.8034,1e-05
3.52543,-0.65569,0.0026
3.70649,-0.48331,0.00341
