"Points:0","Points:1","Points:2"
3.00372,-0.07284,0
2.75382,-0.07981,0
2.51352,-0.01086,0.00068
2.26799,-0.05791,1e-05
2.01802,-0.05411,0
1.76839,-0.04052,0
1.5189,-0.02451,0.00101
1.26954,-0.00671,0.00299
1.02013,-0.02356,1e-05
0.77673,0.03349,0.00092
0.52719,0.04868,0.00057
0.27906,0.01816,1e-05
0.02973,-3e-05,0.00197
