"Points:0","Points:1","Points:2"
3.25741,0.10375,0.00869
3.01942,0.02756,0.0013
2.77286,-0.01378,0
2.52453,-0.04263,0
2.27665,-0.07505,0
2.02718,-0.05872,0.00148
1.77727,-0.05228,0.00275
1.5274,-0.04475,3e-05
1.2814,-0.00042,0.00432
1.03656,0.05008,0.00277
0.78711,0.03364,0.00052
0.53713,0.03624,0.00224
0.28963,0.00096,0.00135
