"Points:0","Points:1","Points:2"
3.00365,-0.0674,1e-05
2.75422,-0.08421,0.00139
2.51462,-0.01286,3e-05
2.26861,-0.05732,0.00175
2.01866,-0.05284,4e-05
1.76917,-0.0368,0.00066
1.51948,-0.02431,0.00037
1.27009,-0.00693,7e-05
1.0204,-0.01924,0.00168
0.77567,0.03185,0.00164
0.52687,0.05627,3e-05
0.27905,0.02334,0
0.03011,0.00038,0.00026
