"Points:0","Points:1","Points:2"
3.57599,0.16664,0.00119
3.32625,0.15518,0
3.08121,0.10576,0.00303
2.95783,-0.11167,0.00134
2.71897,-0.18541,0.00399
2.49403,-0.07639,0
2.24623,-0.04354,0.00388
2.00395,-0.10515,0.00235
1.75931,-0.05363,0.00116
1.60441,0.1426,0.00111
1.36518,0.07002,0
1.11676,0.098,0.00139
0.86718,0.08348,0.00192
