"Points:0","Points:1","Points:2"
3.00274,-0.06532,0.00055
2.75352,-0.08512,0
2.51364,-0.01471,2e-05
2.26785,-0.06038,0.00148
2.01808,-0.04985,0.00013
1.76834,-0.03848,1e-05
1.51878,-0.02365,0
1.26945,-0.00538,0.00202
1.02017,-0.0242,0
0.77465,0.02284,0.0021
0.52647,0.05295,0.0007
0.27885,0.01856,0.00083
0.03027,-0.00807,0.00049
