"Points:0","Points:1","Points:2"
3.2221,-0.15713,0.00022
3.11173,0.06717,0.00256
2.86988,0.00391,2e-05
2.74049,0.21781,0.00262
2.52879,0.08486,3e-05
2.46543,-0.15697,0.00173
2.22748,-0.0803,0.00047
2.00341,0.03057,0.0015
1.75359,0.03997,2e-05
1.51214,0.1048,0.00015
1.26587,0.14768,0.00334
1.01692,0.12495,3e-05
0.76729,0.11156,0.00209
