"Points:0","Points:1","Points:2"
3.23228,-0.15324,0.00081
3.11797,0.0691,0.00065
2.88212,-0.01381,0
2.74937,0.19803,0.00162
2.52179,0.09457,0
2.47616,-0.15122,0.00268
2.23344,-0.09135,0
2.02168,0.04151,0.00226
1.77174,0.04671,0.00088
1.52398,0.08008,0.00061
1.30035,0.19184,0
1.05408,0.14882,0.0001
0.81853,0.06505,0
