"Points:0","Points:1","Points:2"
9.32199,-1.40317,0
9.09641,-1.29543,0.00291
8.85023,-1.25195,0.00461
8.60701,-1.19429,0
8.36674,-1.12522,0
8.12082,-1.08047,0.00452
7.89263,-0.97843,0.00083
7.64268,-0.97527,0.00509
7.41172,-1.07081,0
7.17356,-1.14669,0.00502
6.93551,-1.22287,0
6.72481,-1.35565,0.0218
6.51789,-1.49548,0.03336
