"Points:0","Points:1","Points:2"
2.36346,-1.97766,0.00641
2.55458,-1.81663,2e-05
2.71264,-1.62294,0.00109
2.85806,-1.41958,0.00092
3.05553,-1.26627,0.00038
3.25773,-1.11934,0.00554
3.38714,-0.90545,0.00353
3.52548,-0.69722,0.00173
3.74043,-0.56958,7e-05
3.90088,-0.37818,0.0111
4.01583,-0.1563,0.0035
4.16674,0.04301,0.00377
4.2992,0.255,1e-05
