"Points:0","Points:1","Points:2"
3.18378,-0.05556,0.0021
2.98999,0.10236,0
2.75038,0.17359,0.00425
2.54476,0.03147,0
2.3993,-0.17186,0.00074
2.17544,-0.06057,0.00127
1.97319,0.08639,0.00094
1.7284,0.03561,1e-05
1.48985,0.11039,0.00153
1.25354,0.19199,0.00142
1.01262,0.12523,0.00105
0.76675,0.08001,0.00252
0.5328,-0.00811,0.00319
