"Points:0","Points:1","Points:2"
18.0547,2.31062,0.00384
17.8193,2.22624,0.00478
17.5718,2.1914,0.00134
17.3261,2.14536,0.00627
17.1395,1.97907,2e-05
16.9561,1.80927,0
16.731,1.70055,0.00565
16.4991,1.6105,0.0299
16.2584,1.54776,0.00441
16.0561,1.40089,0.00279
15.8235,1.31,0.01355
15.5843,1.23819,0.00038
15.3387,1.19223,0.00752
