"Points:0","Points:1","Points:2"
3.67459,-0.49259,0.00043
3.88966,-0.62004,0.00237
3.9718,-0.38394,1e-05
3.91227,-0.14142,0.01198
3.70156,-0.00742,1e-05
3.4988,0.13881,0.00276
3.25918,0.06766,0.00701
3.0673,-0.09247,0.00068
2.89782,-0.27625,0.00205
2.68705,-0.41069,0.00132
2.44461,-0.47156,0.00593
2.19646,-0.5009,0.01351
1.94843,-0.5322,0.01467
