"Points:0","Points:1","Points:2"
3.14392,-0.05262,0.00211
2.98168,0.13758,8e-05
2.73369,0.16893,0.00423
2.53748,0.01402,0.00142
2.38285,-0.18242,7e-05
2.17975,-0.03665,0
1.94275,0.04289,0.00145
1.69365,0.06406,2e-05
1.45933,0.15114,0.00355
1.21061,0.17613,0
0.9672,0.11912,0.00174
0.72532,0.05591,0.00226
0.47917,0.01231,0
