"Points:0","Points:1","Points:2"
14.9732,0.35847,0.02821
14.7521,0.24305,0.0448
14.5326,0.12486,0.02583
14.3146,0.00527,0.00016
14.1147,-0.14484,0.00356
13.9234,-0.30582,0.00222
13.7785,-0.50936,0.01019
13.6593,-0.72893,0.01925
13.5119,-0.9308,0.01594
13.328,-1.10022,0.01947
13.1578,-1.28332,0.01816
12.976,-1.45274,0.04495
12.7984,-1.62168,0.09421
