"Points:0","Points:1","Points:2"
3.22017,-0.16797,0.00082
3.18004,0.07879,0.00137
2.95101,-0.02143,0.00106
2.77959,0.16055,0.0003
2.5332,0.11822,0
2.5014,-0.12974,0.00197
2.25446,-0.09079,9e-05
2.04611,0.04737,0
1.79671,0.03009,0.00128
1.55014,0.07134,0
1.31973,0.16831,0.003
1.06974,0.1669,0.00215
0.84076,0.06657,0.00116
