"Points:0","Points:1","Points:2"
3.21499,-0.15537,0.00033
3.11185,0.07236,0
2.87109,0.00502,1e-05
2.74193,0.21905,0.00315
2.53233,0.08281,0
2.44987,-0.1532,9e-05
2.21207,-0.07606,1e-05
1.97726,0.00975,0
1.72975,0.04494,1e-05
1.48945,0.11386,0.0022
1.24319,0.15691,0.00016
0.99566,0.12185,0.00068
0.74714,0.09471,0
