"Points:0","Points:1","Points:2"
12.081,-1.78016,0.003
11.8609,-1.66165,0.00508
11.6271,-1.57326,1e-05
11.3918,-1.48893,0.00177
11.1512,-1.42096,0.00531
10.9036,-1.38652,0.0031
10.6581,-1.33944,0.00273
10.4169,-1.27342,0.0026
10.1678,-1.25305,0.00135
9.92934,-1.17788,0.00026
9.68567,-1.12207,0.00312
9.44017,-1.16927,0.00215
9.19412,-1.21343,0.00523
