"Points:0","Points:1","Points:2"
3.21909,-0.16981,0
3.17985,0.07708,0.00271
2.95253,-0.02695,0.00052
2.78212,0.15597,0.00045
2.53387,0.12646,0.00145
2.53095,-0.12352,0.00349
2.28283,-0.09311,1e-05
2.05989,0.02002,0
1.81003,0.02844,0.00059
1.56483,0.07718,0.00059
1.32874,0.15942,0.00103
1.07923,0.1751,1e-05
0.8571,0.06046,0.00378
