"Points:0","Points:1","Points:2"
2.26082,-2.07922,0.00383
2.46004,-1.92823,0.00059
2.63114,-1.74595,0.00072
2.77051,-1.53841,0.00236
2.60716,-1.34917,0
2.77133,-1.16062,0.00105
2.97851,-1.30053,0.00287
3.21172,-1.2105,0.00057
3.30209,-0.9774,0
3.48507,-0.80706,0.0009
3.64496,-0.61487,0.00124
3.84644,-0.46687,1e-05
3.96882,-0.24888,0.0008
