"Points:0","Points:1","Points:2"
3.1918,-0.06587,0
2.99636,0.09002,0.0005
2.76407,0.1824,0.00333
2.56229,0.03484,0
2.40349,-0.15824,0.00014
2.17423,-0.05854,0
1.97631,0.09419,0
1.73705,0.02171,0
1.50925,0.12471,0
1.2696,0.19588,0.00018
1.02846,0.12998,0.00354
0.77917,0.11146,0.00013
0.52972,0.09485,0.00052
