"Points:0","Points:1","Points:2"
6.45952,-1.55708,0.00428
6.23954,-1.43837,0
6.02018,-1.31851,0.00355
5.78202,-1.2425,0.00184
5.54614,-1.15975,0.0053
5.30474,-1.09484,0.00154
5.08258,-0.98022,0.00375
4.8626,-0.86151,0.00804
4.62563,-0.78201,0.003
4.39647,-0.68207,0.00334
4.18457,-0.54942,0.00237
3.99297,-0.38885,0.00041
3.80449,-0.22947,0.04012
