"Points:0","Points:1","Points:2"
3.00252,-0.0662,1e-05
2.75314,-0.08387,0.0009
2.51697,-0.00188,2e-05
2.26705,-0.00828,0
2.01709,-0.01271,0.00014
1.76796,-0.03355,1e-05
1.51819,-0.02286,2e-05
1.26888,-0.00431,0.00095
1.01931,-0.01893,0.00021
0.77301,0.02392,0
0.52475,0.05336,7e-05
0.27672,0.02202,0.00086
0.02983,-0.01729,1e-05
