"Points:0","Points:1","Points:2"
3.00272,-0.05764,0.00227
2.75445,-0.08691,0
2.5144,-0.01708,0.00146
2.2683,-0.06103,1e-05
2.0187,-0.0468,1e-05
1.76881,-0.03958,0
1.51924,-0.02477,7e-05
1.26994,-0.0062,0
1.02039,-0.02121,0
0.77353,0.0183,2e-05
0.52584,0.05214,0.00185
0.27777,0.02115,0
0.02854,0.0016,0.00087
