"Points:0","Points:1","Points:2"
3.00509,-0.06074,0.0003
2.75622,-0.08448,0.0004
2.51463,-0.0202,0.00055
2.26764,-0.05886,0.00112
2.01773,-0.05225,1e-05
1.76796,-0.04137,0.00045
1.51864,-0.02294,0.00139
1.26933,-0.00441,0.00096
1.02011,-0.02413,2e-05
0.77683,0.03345,0
0.52753,0.05214,0
0.27901,0.02498,0
0.03001,0.00267,0
