"Points:0","Points:1","Points:2"
3.49333,0.12041,0.00239
3.25718,0.03834,0.0019
3.01806,-0.0346,0.0019
2.77294,0.01453,0.00101
2.59817,0.1933,0.00074
2.61323,-0.05624,0.00207
2.38592,-0.1603,0
2.16374,-0.04571,0.00098
1.93421,0.05336,0.00189
1.68458,0.03974,1e-05
1.45429,0.137,0.00256
1.20807,0.18029,0.00189
0.96319,0.12997,0
