"Points:0","Points:1","Points:2"
3.00248,-0.06491,1e-05
2.75332,-0.08543,0
2.51373,-0.01403,0
2.26841,-0.06214,0.00113
2.01855,-0.05366,0.00123
1.76899,-0.03884,0.00186
1.51947,-0.02342,0.0003
1.26989,-0.009,6e-05
1.02005,-0.01809,0
0.77485,0.03064,3e-05
0.5257,0.05115,0.0013
0.27784,0.01854,0.0032
0.02888,-0.00406,1e-05
