"Points:0","Points:1","Points:2"
3.00292,-0.05862,0
2.75384,-0.08006,0
2.5133,-0.01192,1e-05
2.26829,-0.06163,0
2.01856,-0.05017,0.00069
1.76867,-0.04277,0.00043
1.51934,-0.02453,0.00265
1.26995,-0.00734,4e-05
1.02068,-0.02636,0.00105
0.7756,0.023,1e-05
0.52741,0.05301,0.0001
0.2801,0.01639,0
0.03052,0.00192,0
