"Points:0","Points:1","Points:2"
2.36392,-2.02264,0
2.54706,-1.85247,0.00053
2.70386,-1.65776,0.00231
2.83259,-1.44346,0
3.01735,-1.27505,0.00109
3.2394,-1.1602,0.00225
3.39225,-0.96237,0.00203
3.50211,-0.73781,1e-05
3.6955,-0.57939,0.00129
3.8933,-0.42655,0.00515
3.99974,-0.2004,0
4.08429,0.03487,0
4.15522,0.2746,0.00132
