"Points:0","Points:1","Points:2"
3.21669,-0.16083,0.00131
3.10945,0.06499,1e-05
2.86635,0.00667,0
2.73885,0.22171,0.00045
2.53821,0.07258,0.00242
2.44382,-0.15892,0.00138
2.21093,-0.06803,0.00065
1.97209,0.00577,0.00332
1.72623,0.05106,0.00153
1.48229,0.10577,2e-05
1.24032,0.16853,0.00351
0.99397,0.12601,0.00168
0.74513,0.10204,0.00043
