"Points:0","Points:1","Points:2"
3.00344,-0.05691,0.00192
2.75551,-0.08898,0.00099
2.51514,-0.02025,0.00017
2.26847,-0.06089,0.00087
2.01871,-0.04982,0
1.76875,-0.04585,0.00133
1.51961,-0.02506,0.00064
1.27037,-0.0057,0.00024
1.021,-0.02351,0.00119
0.7759,0.02574,0
0.52712,0.05034,1e-05
0.27912,0.01881,0.00172
0.02993,-0.00117,0.00013
