"Points:0","Points:1","Points:2"
25.8143,8.35484,0.09259
25.5978,8.24913,0.02586
25.3668,8.15666,0.00113
25.143,8.04522,0
24.9092,7.95687,0.00249
24.6779,7.86203,0.00042
24.4797,7.70968,0.00353
24.2955,7.54066,0.00114
24.049,7.49926,0.00419
23.8007,7.52817,0
23.5516,7.54923,0.00223
23.3017,7.55021,0.01125
23.0545,7.51502,0.0224
