"Points:0","Points:1","Points:2"
6.76922,-1.52407,0.01556
6.5409,-1.42228,0.01246
6.29806,-1.3638,0.00204
6.06836,-1.26514,0.00132
5.82985,-1.19021,0.00199
5.58148,-1.16179,8e-05
5.332,-1.14716,0.00695
5.12618,-1.00528,0.00429
4.89402,-0.91256,0.00136
4.72501,-0.72835,0
4.50631,-0.60723,4e-05
4.31377,-0.44781,0.00366
4.14318,-0.26509,1e-05
