"Points:0","Points:1","Points:2"
25.8696,8.93274,0.00297
25.8284,8.68615,0.00163
25.6894,8.47836,0
25.5329,8.28337,0.00013
25.3455,8.1181,0.00785
25.1328,7.98697,0.00104
24.9242,7.84918,0.00399
24.7009,7.73673,0.00183
24.497,7.59215,0.006
24.2768,7.47381,0.00344
24.0601,7.34922,0.00058
23.8741,7.18702,0.04061
23.6797,7.03637,0.08556
