"Points:0","Points:1","Points:2"
3.19506,-0.06749,0.00501
3.00287,0.09238,0.00253
2.76771,0.17719,0
2.55886,0.03978,0.00082
2.40771,-0.15935,0.00257
2.17644,-0.06444,0
1.98367,0.09473,0.0015
1.74248,0.02892,0.00132
1.50796,0.11551,0.00125
1.27201,0.19815,0.00212
1.0324,0.12686,0
0.78269,0.11481,0
0.53315,0.09984,0.00096
