"Points:0","Points:1","Points:2"
1.95961,-2.49397,1e-05
2.11344,-2.2969,0.00151
2.26849,-2.10081,0.00428
2.46088,-1.9412,0.00144
2.63611,-1.76289,0.00116
2.85881,-1.64931,0.0031
2.74443,-1.42703,0
2.50776,-1.34648,0.00122
2.37321,-1.13579,0
2.5581,-0.96753,0.00159
2.76931,-0.83377,0.00077
3.0193,-0.83431,0
3.2693,-0.83506,0.00077
