"Points:0","Points:1","Points:2"
13.527,-0.92403,0.0091
13.3207,-1.06519,0.00298
13.0981,-1.17842,0.01294
12.8659,-1.2704,0.00044
12.6252,-1.33784,0.00284
12.3752,-1.33656,0.00388
12.1408,-1.24979,0.00138
11.8911,-1.237,9e-05
11.6616,-1.33612,0.00329
11.4515,-1.47165,0.00261
11.2287,-1.58494,0.00596
11.0136,-1.65493,0.11234
10.7783,-1.72357,0.16171
