"Points:0","Points:1","Points:2"
20.0654,4.08438,0.0168
19.8433,3.96971,0.0123
19.6343,3.83273,0.00644
19.4286,3.69064,0.00472
19.2349,3.53262,6e-05
19.0573,3.3567,0.00501
18.8482,3.21978,1e-05
18.6387,3.08338,0.00087
18.462,2.90665,0.00707
18.3039,2.71299,0.00618
18.1461,2.51912,0.00297
17.9128,2.42926,0.00258
17.6706,2.36741,0.00293
