"Points:0","Points:1","Points:2"
3.22309,-0.15799,0.00152
3.11043,0.06519,0.00098
2.86109,0.04704,0
2.70159,0.23954,0.00101
2.56622,0.02937,0.00221
2.36897,-0.12422,0.00088
2.13199,-0.04459,0.00012
1.88723,0.0063,0.00133
1.64218,0.05582,6e-05
1.40246,0.12673,0.00222
1.15601,0.16863,0
0.91135,0.1173,0.0029
0.66143,0.11128,0.00212
