"Points:0","Points:1","Points:2"
3.00182,-0.05246,0.00354
2.75477,-0.09061,1e-05
2.51568,-0.01757,0.00018
2.26899,-0.05808,0.00184
2.01909,-0.05104,6e-05
1.76933,-0.04061,0.00328
1.51977,-0.02592,0.001
1.27063,-0.00521,2e-05
1.02107,-0.02002,0
0.7767,0.03272,0.00055
0.52722,0.04886,0.0008
0.27874,0.02137,0.00067
0.02905,0.00881,0.0012
