"Points:0","Points:1","Points:2"
11.9157,-1.72306,0
11.6728,-1.66397,0.00143
11.4326,-1.59461,0.00236
11.195,-1.51668,0.00082
10.965,-1.41886,0.00158
10.7303,-1.33276,0.00192
10.4923,-1.2563,0.00571
10.2444,-1.22383,0.00313
9.99559,-1.19971,0.00721
9.74566,-1.20171,0.00159
9.49602,-1.215,1e-05
9.24641,-1.21999,0.01299
9.00509,-1.22406,0.0782
