"Points:0","Points:1","Points:2"
3.54229,0.27354,0
3.377,0.08599,0.00215
3.15866,0.20776,0.00271
2.97631,0.03675,0.00037
3.06455,-0.19716,0.00065
2.8782,-0.36381,0.00117
2.63459,-0.30768,0.00224
2.41283,-0.19234,0.00668
2.19539,-0.06914,0.00023
1.95527,0.00044,0
1.70765,0.03484,0
1.4577,0.03988,0.00073
1.21686,0.1069,0.00251
