"Points:0","Points:1","Points:2"
3.6843,-0.48578,0.00318
3.87874,-0.64288,0
4.00353,-0.42628,0.00321
3.9698,-0.17858,0.00031
3.78109,-0.0146,0.00021
3.54935,0.07919,0.00017
3.3027,0.11999,0.00016
3.07029,0.02789,0.00113
2.95256,-0.19264,0.00412
2.83723,-0.41441,0.00028
2.65412,-0.58461,0.00228
2.48739,-0.76288,0.0563
2.3251,-0.93902,0.12799
