"Points:0","Points:1","Points:2"
3.00408,-0.0681,0.00065
2.75454,-0.08315,0
2.51406,-0.01488,0.00337
2.2678,-0.05784,0.00038
2.01784,-0.05313,5e-05
1.76808,-0.04255,0.0025
1.51879,-0.02382,2e-05
1.26932,-0.0076,0.00056
1.01961,-0.0196,0.00099
0.77484,0.03124,1e-05
0.52587,0.05395,0.0009
0.27868,0.01654,0.00097
0.02928,-0.0007,2e-05
