"Points:0","Points:1","Points:2"
3.19248,-0.07086,0.00527
3.00044,0.08912,2e-05
2.76567,0.17504,0
2.54526,0.05705,0.0004
2.43706,-0.16832,0
2.20456,-0.07643,0.00098
1.99742,0.06354,0
1.75064,0.02356,0.00114
1.52346,0.12793,0.00138
1.2825,0.19454,0.00114
1.0391,0.13751,0.00184
0.7902,0.11402,0.00065
0.54026,0.10875,0
