"Points:0","Points:1","Points:2"
3.0027,-0.06439,0
2.75343,-0.08358,1e-05
2.51316,-0.01453,0
2.26777,-0.06234,0.00087
2.01796,-0.05262,0.0002
1.76808,-0.04484,0
1.51898,-0.02373,4e-05
1.26948,-0.00783,2e-05
1.02019,-0.02666,0.00026
0.77689,0.03084,0.00016
0.52764,0.0501,0
0.27991,0.01644,0
0.03071,-0.00355,0
