"Points:0","Points:1","Points:2"
3.00302,-0.06372,0.00078
2.75393,-0.08497,0.00109
2.51752,-0.00367,4e-05
2.26757,-0.00863,0
2.01758,-0.00631,0
1.76916,-0.0344,0
1.51938,-0.0241,0.00201
1.27006,-0.00588,1e-05
1.0205,-0.02062,0.00237
0.77448,0.02375,0
0.52549,0.0461,0.00202
0.27669,0.0217,1e-05
0.03139,-0.02652,0
