"Points:0","Points:1","Points:2"
3.22083,-0.16005,0.0011
3.11168,0.06487,0.00127
2.86712,0.01302,0.00247
2.73503,0.22527,0.00052
2.53365,0.07712,0
2.44196,-0.15546,0.00071
2.2086,-0.06578,0.00235
1.96882,0.00492,2e-05
1.727,0.06833,0.00034
1.48168,0.11639,0.00362
1.23678,0.1665,0.00021
0.99007,0.12605,1e-05
0.74222,0.09337,0.00086
