"Points:0","Points:1","Points:2"
3.21936,-0.16295,0
3.11446,0.06397,0.00134
2.86662,0.03118,0.00235
2.71566,0.23045,0.0012
2.57501,0.02377,1e-05
2.37337,-0.12402,0.00146
2.13684,-0.04307,0.00012
1.89625,0.02483,0.00195
1.6501,0.0685,2e-05
1.41049,0.13979,0.00203
1.16243,0.17083,0
0.91831,0.11692,0.00025
0.66837,0.1224,0
