"Points:0","Points:1","Points:2"
6.88337,-1.69468,0.02304
6.67153,-1.56371,0.00134
6.47802,-1.40544,0
6.2286,-1.38834,0.00098
5.9849,-1.33257,0
5.73538,-1.34806,8e-05
5.49513,-1.27894,0
5.30953,-1.1115,0.00426
5.14003,-0.92778,0.00021
4.95601,-0.75878,0.00899
4.74828,-0.6199,0.00142
4.53457,-0.49017,0.00238
4.2928,-0.42657,0.0018
