"Points:0","Points:1","Points:2"
22.822,7.13438,0.00331
22.5722,7.12545,0.00628
22.3231,7.11362,0.02391
22.0786,7.06132,0.02369
21.8616,6.93719,0.0244
21.6809,6.76443,0.02863
21.5202,6.57374,0.01096
21.3329,6.40835,0.00444
21.1733,6.21595,0.00169
21.1273,5.97027,0.00665
21.0409,5.73572,0.00094
20.994,5.49034,0.01016
20.9647,5.24801,0.06418
