"Points:0","Points:1","Points:2"
3.81542,-0.479,0.0045
3.69718,-0.25873,0.00384
3.55411,-0.05375,2e-05
3.32938,0.05578,0.00096
3.08797,0.12073,0.00078
3.08689,-0.12926,0.00223
2.97837,-0.35447,5e-05
2.73993,-0.4296,0.00146
2.49492,-0.37994,0.00024
2.33785,-0.18544,0
2.15095,-0.01941,0.00208
1.91482,0.06269,0.00161
1.66617,0.0368,0
