"Points:0","Points:1","Points:2"
3.00121,-0.06122,0
2.75252,-0.08673,0.00018
2.51365,-0.01299,0.00207
2.2682,-0.06044,0.00054
2.01826,-0.05504,0.00229
1.76895,-0.03655,0.00063
1.51917,-0.02601,2e-05
1.26988,-0.00722,0
1.02062,-0.02642,0
0.77612,0.02572,0
0.52731,0.05013,0.00102
0.27929,0.01874,0.00114
0.02996,0.00048,0
