"Points:0","Points:1","Points:2"
3.00566,-0.07175,1e-05
2.75586,-0.08167,0.00093
2.5145,-0.01652,0.00014
2.26791,-0.0577,0
2.0181,-0.0482,0.00136
1.76816,-0.04285,1e-05
1.51867,-0.02691,0.00138
1.26959,-0.00549,0.00155
1.02046,-0.02626,0
0.77669,0.0292,2e-05
0.52753,0.04956,0.00207
0.27912,0.02141,0.00118
0.02989,0.00187,0
