"Points:0","Points:1","Points:2"
3.00469,-0.05933,0.0013
2.75577,-0.08255,0.00048
2.51447,-0.01721,0.00234
2.26835,-0.06104,4e-05
2.01838,-0.05736,1e-05
1.76907,-0.03877,0
1.5195,-0.02413,3e-05
1.27003,-0.0079,1e-05
1.02068,-0.02572,0.00277
0.77661,0.02836,0.00058
0.52775,0.05217,0.00087
0.27986,0.01973,0.00135
0.03054,0.00135,1e-05
