"Points:0","Points:1","Points:2"
17.6932,2.01674,0.00774
17.4434,2.00961,0.00113
17.1961,1.97257,0.00164
16.9479,1.94813,0.01794
16.7112,1.86839,0.0072
16.4973,1.73912,0.00046
16.2845,1.60797,0
16.117,1.42243,0.00451
15.9364,1.24955,0.00042
15.7082,1.14749,0.00234
15.4633,1.09715,0.00342
15.2139,1.08053,0.00203
14.9644,1.06472,0
