"Points:0","Points:1","Points:2"
24.4955,8.02402,0.00145
24.2943,7.87564,0.00248
24.0737,7.75814,0
23.8405,7.66798,0.00108
23.6057,7.58224,0.00021
23.3724,7.49241,0.00532
23.1619,7.35772,0.00048
22.9425,7.23783,0.00023
22.7038,7.16334,0.00078
22.4814,7.04932,0.0064
22.2351,7.00675,0.00011
21.9907,7.0592,0.00066
21.7492,7.12348,0.00696
