"Points:0","Points:1","Points:2"
3.22765,-0.13282,0.00727
3.07815,0.06752,0.00387
2.82992,0.09708,0.00086
2.5858,0.15095,0.00225
2.55862,-0.09756,0.00279
2.30862,-0.09877,0.0028
2.06903,-0.02743,0.00077
1.82559,0.02945,0.00087
1.57893,0.07019,0.0027
1.34275,0.15212,3e-05
1.09345,0.13346,0.00135
0.84355,0.12682,0.00309
0.59482,0.10167,0.00201
