"Points:0","Points:1","Points:2"
2.18453,-2.0922,0.00088
2.40324,-1.9711,1e-05
2.58933,-1.80416,0.0004
2.77078,-1.63219,0
2.67377,-1.40178,1e-05
2.51366,-1.20978,0
2.50448,-0.96,0.00544
2.74755,-0.90178,0.0001
2.99592,-0.93002,0.00392
3.21446,-0.80864,0.00152
3.44319,-0.70772,0
3.64601,-0.5616,0.00333
3.81304,-0.3756,0.0015
