"Points:0","Points:1","Points:2"
3.86423,0.35164,0.00476
3.65237,0.21891,0.00345
3.42138,0.12335,0.00021
3.17675,0.07178,0.00048
2.92733,0.08876,0
2.68161,0.0427,0
2.4467,-0.04283,0.00066
2.19706,-0.05637,0.00109
1.9648,0.03612,0.00091
1.71489,0.04245,0.00295
1.49167,0.15499,2e-05
1.24333,0.1838,0
1.00011,0.12601,0
