"Points:0","Points:1","Points:2"
22.5078,7.29513,0
22.3288,7.12055,0
22.1203,6.98266,0.00137
21.8952,6.87385,0
21.7041,6.71267,0.00066
21.507,6.55907,0.00607
21.372,6.34866,0.00257
21.1998,6.16749,0
21.0542,5.96426,0.00172
20.9279,5.7486,0.00876
20.7955,5.53669,0.00096
20.6927,5.30932,0.01626
20.5708,5.09114,0.02216
