"Points:0","Points:1","Points:2"
3.00738,-0.0639,0.00088
2.75787,-0.07951,1e-05
2.51548,-0.01831,0.00122
2.26876,-0.0586,0.00357
2.01879,-0.05563,0.00159
1.76923,-0.04078,0.00087
1.51968,-0.02585,3e-05
1.27062,-0.00417,0.00031
1.02138,-0.02361,0.00071
0.77555,0.02184,0.0024
0.52684,0.04718,0.00034
0.27817,0.02146,0.0003
0.02914,-0.00044,0.00155
