"Points:0","Points:1","Points:2"
3.19123,-0.07281,0.00368
3.00207,0.09061,0.00012
2.76782,0.17791,0.00157
2.55762,0.04258,0.00036
2.41002,-0.1592,0
2.17978,-0.06182,0.0023
1.98148,0.09041,0.00061
1.73907,0.0293,0
1.50292,0.11137,0
1.27033,0.20302,0.00103
1.03185,0.12803,0.00032
0.78233,0.11243,1e-05
0.53259,0.10099,0
