"Points:0","Points:1","Points:2"
6.46972,-1.60383,0.00859
6.30006,-1.42042,1e-05
6.07558,-1.31044,0.0039
5.82734,-1.28107,4e-05
5.58333,-1.22754,0.0098
5.35099,-1.13563,0.00148
5.13635,-1.00746,0.00338
4.92306,-0.8771,2e-05
4.69487,-0.77499,0.00171
4.46102,-0.68661,1e-05
4.23682,-0.57635,0.00879
4.01584,-0.45955,0.00384
3.8026,-0.32914,0.00905
