"Points:0","Points:1","Points:2"
10.7436,-1.31815,0.00257
10.5024,-1.38387,0.00044
10.2536,-1.40772,0.00391
10.0058,-1.37498,0.00445
9.76026,-1.32787,0.00136
9.51305,-1.2906,3e-05
9.26328,-1.28032,0.00253
9.01803,-1.23178,0.00327
8.7713,-1.19156,0.00593
8.52444,-1.1523,0.00212
8.27531,-1.17307,1e-05
8.03261,-1.23303,0.00196
7.79081,-1.16954,0.0036
