"Points:0","Points:1","Points:2"
3.22079,-0.15771,0.00241
3.1102,0.06649,0
2.86268,0.03138,0.00151
2.70981,0.22919,0.00101
2.56221,0.02741,0.00032
2.36272,-0.12327,0.00199
2.1265,-0.04146,6e-05
1.8808,0.0047,0.00087
1.64146,0.07695,0.0013
1.40112,0.14577,0.00197
1.15231,0.17004,0.00041
0.90731,0.12033,0.00219
0.65733,0.11738,0.00108
