"Points:0","Points:1","Points:2"
3.00291,-0.06145,1e-05
2.75418,-0.08664,0
2.51413,-0.01681,0
2.2678,-0.0595,1e-05
2.01792,-0.05184,0.00062
1.76806,-0.04378,0.00308
1.51888,-0.02379,0
1.26947,-0.00666,0.0013
1.01971,-0.01741,0
0.77452,0.03139,1e-05
0.52583,0.05697,0.00022
0.27875,0.01887,0.0002
0.02921,0.00367,3e-05
