"Points:0","Points:1","Points:2"
4.81433,-0.32914,0.0053
4.64965,-0.51717,7e-05
4.42469,-0.62621,3e-05
4.1747,-0.62481,0.0012
3.92656,-0.59435,0.00122
3.6811,-0.54695,0.00041
3.46046,-0.42939,0.00208
3.2468,-0.29959,0.00187
3.00756,-0.22725,0.00717
2.76468,-0.16822,0.00211
2.51848,-0.12481,0.00041
2.28241,-0.04312,0.01021
2.03384,-0.0178,0.00177
