"Points:0","Points:1","Points:2"
3.18403,-1.39887,0.00901
3.31519,-1.18622,8e-05
3.43256,-0.96549,0
3.57189,-0.75791,0
3.71805,-0.5551,0.00172
3.9247,-0.4144,0.00212
4.05672,-0.2021,0.00158
3.91167,0.00152,0.00161
3.6705,0.06738,0.00152
3.42057,0.07309,0
3.18337,-0.00581,0.00318
2.98487,-0.15776,0.00023
2.80326,-0.32956,0.00171
