"Points:0","Points:1","Points:2"
2.99051,-1.70834,0.0235
3.11972,-1.49562,0
3.25132,-1.28305,0.00024
3.41045,-1.09024,0
3.56701,-0.89534,0.00107
3.73018,-0.70593,0
3.87501,-0.50223,0.00531
4.01244,-0.29344,0.00083
4.13147,-0.07359,0.00172
3.97335,0.12004,0
3.74336,0.21806,0
3.49527,0.18727,0.00153
3.26326,0.09417,0
