"Points:0","Points:1","Points:2"
11.9143,-1.85132,0.00849
11.7141,-1.70172,0.00218
11.4707,-1.64483,0.00356
11.2382,-1.55271,0.0038
11.0135,-1.44331,0.00583
10.7841,-1.34387,0.0023
10.5438,-1.27532,0.0077
10.2941,-1.26241,0.00311
10.0524,-1.19862,0.0015
9.80244,-1.20178,0.00206
9.55416,-1.22673,0.01738
9.31111,-1.25745,0.06722
9.07403,-1.23986,0.14456
