"Points:0","Points:1","Points:2"
3.00401,-0.06173,8e-05
2.75508,-0.08464,0.00291
2.51535,-0.01376,0.00147
2.26918,-0.05739,0.00125
2.01933,-0.04876,0.00067
1.76937,-0.04422,2e-05
1.52025,-0.02334,5e-05
1.27092,-0.00497,0.001
1.02131,-0.01882,0
0.77701,0.03426,0.00101
0.52742,0.04863,0.00025
0.27871,0.02334,2e-05
0.03065,-0.00773,0.00159
