"Points:0","Points:1","Points:2"
2.10937,-2.12557,0.00098
2.34134,-2.03236,0.00158
2.51892,-1.8564,2e-05
2.71107,-1.69647,0.00123
2.68671,-1.44766,4e-05
2.54555,-1.24133,1e-05
2.38536,-1.04939,0.00019
2.57808,-0.89014,0.00079
2.81848,-0.82155,0.00261
3.0681,-0.83519,0.00057
3.31756,-0.81877,0
3.52146,-0.67412,1e-05
3.71908,-0.52099,0.0003
