"Points:0","Points:1","Points:2"
25.8018,8.70634,0
25.5977,8.56208,0
25.4112,8.39553,0.00077
25.2334,8.21982,0
25.1017,8.00752,0.01027
24.9489,7.80976,0.01471
24.7295,7.6906,0.00197
24.4918,7.61295,0.00164
24.2476,7.55946,2e-05
24.011,7.47905,0.00398
23.7648,7.43563,4e-05
23.5149,7.42915,0.00588
23.2653,7.41931,0.01624
