"Points:0","Points:1","Points:2"
2.79231,-1.84466,0
2.9049,-1.62145,0.00047
3.03313,-1.40684,0.00094
3.18903,-1.2114,0.001
3.37005,-1.039,0.00419
3.52838,-0.84553,0.0033
3.66827,-0.63834,0.00278
3.84247,-0.45902,0.00183
3.97248,-0.24549,0.00054
4.08321,-0.02135,0
4.01164,0.21819,0
3.86405,0.41997,0.00149
3.69529,0.60438,0.00483
