"Points:0","Points:1","Points:2"
3.00317,-0.05654,0.00145
2.75452,-0.08246,2e-05
2.51269,-0.01915,0.00323
2.2672,-0.06632,4e-05
2.01789,-0.04774,0.00167
1.76794,-0.04299,5e-05
1.5189,-0.02111,1e-05
1.26922,-0.00858,4e-05
1.01959,-0.02216,0.00096
0.77614,0.03469,3e-05
0.52676,0.05225,1e-05
0.2785,0.02282,0.00042
0.02925,0.0034,0
