"Points:0","Points:1","Points:2"
5.86459,-1.1279,0.01008
5.66052,-0.98368,0.00282
5.43155,-0.88347,0.00837
5.18363,-0.85144,0.00491
4.93413,-0.8673,0.0049
4.68854,-0.82074,0.0012
4.45315,-0.73652,0
4.23535,-0.6138,0.00167
4.06676,-0.42921,0.00019
3.88209,-0.2607,0.00211
3.73122,-0.06151,0.00983
3.56833,0.12798,0.00198
3.35591,0.25981,0.00204
