"Points:0","Points:1","Points:2"
3.19415,-0.08616,0.00154
3.01066,0.08363,0
2.77936,0.1785,0
2.53871,0.11078,0
2.49615,-0.13557,0.00051
2.25056,-0.0888,0.00039
2.03147,0.0316,0.00223
1.78216,0.05014,0.00105
1.54226,0.12047,0.00115
1.29445,0.1535,2e-05
1.04475,0.1412,1e-05
0.79608,0.11551,0
0.54618,0.10849,0.00093
