"Points:0","Points:1","Points:2"
1.94562,-2.39636,0.00177
2.15503,-2.25983,1e-05
2.29592,-2.05333,0.00297
2.49676,-1.90453,0.00742
2.70355,-1.76422,3e-05
2.77187,-1.52374,3e-05
2.71348,-1.28065,0.00106
2.46483,-1.25478,0
2.412,-1.01044,0.00285
2.61432,-0.86359,0.00375
2.85706,-0.80388,0
3.09995,-0.86305,0.00043
3.34919,-0.88253,0
