"Points:0","Points:1","Points:2"
2.99967,-0.05696,0.00124
2.7518,-0.08954,1e-05
2.51678,-0.00433,0.00166
2.26691,-0.01223,2e-05
2.01699,-0.00589,0
1.76826,-0.03108,1e-05
1.51844,-0.02177,0.00053
1.26893,-0.00599,0.00047
1.01983,-0.02711,0.00045
0.77547,0.02569,1e-05
0.52646,0.04798,2e-05
0.27786,0.02167,0.00214
0.03117,-0.01889,0.00285
