"Points:0","Points:1","Points:2"
3.32554,-0.99631,0
3.5566,-0.90085,0.00051
3.66387,-0.67503,0.00109
3.81876,-0.47879,1e-05
3.97193,-0.28122,0.00202
4.06466,-0.04906,1e-05
3.8467,0.07335,0.00223
3.59978,0.03423,0.00073
3.36939,-0.06283,0
3.12284,-0.10421,1e-05
2.8912,-0.19825,0.00032
2.75772,-0.40963,0.00035
2.61656,-0.61591,0.00518
