"Points:0","Points:1","Points:2"
4.34122,-0.36782,0.00908
4.10091,-0.43621,0.00038
3.85341,-0.47147,0.00095
3.60515,-0.50093,4e-05
3.35654,-0.47469,0.00144
3.15163,-0.33147,0.0029
2.93359,-0.20957,0.01288
2.71295,-0.09217,0.00736
2.4833,0.00664,0.00661
2.24211,0.07242,0.00564
1.99587,0.11563,0.00644
1.74824,0.14993,0.00521
1.49846,0.16051,0.00502
