"Points:0","Points:1","Points:2"
3.00567,-0.06911,0.00121
2.75583,-0.07781,0.00137
2.51416,-0.01382,3e-05
2.2681,-0.05806,2e-05
2.01814,-0.05345,0.00016
1.76884,-0.03479,0.00055
1.51903,-0.02517,0.00117
1.26987,-0.00467,0.00019
1.02059,-0.02358,0.00053
0.77635,0.02978,1e-05
0.52732,0.05177,0
0.27948,0.01898,0
0.03014,0.00078,0
