"Points:0","Points:1","Points:2"
2.18916,-2.18669,0.00136
2.343,-1.98963,0.00267
2.55073,-1.85056,0.00459
2.74193,-1.6895,0.00243
2.67452,-1.44877,0.00074
2.54903,-1.23255,0.00022
2.39617,-1.03478,0.00493
2.59989,-0.88994,0.00062
2.83828,-0.81472,0.00443
3.08753,-0.83367,0.00096
3.3316,-0.77951,0
3.54222,-0.64484,0.00127
3.74096,-0.49318,0
