"Points:0","Points:1","Points:2"
3.56897,0.17054,0.00362
3.31938,0.15669,0
3.0747,0.10544,0.00163
2.94315,-0.10715,0.00092
2.7086,-0.19365,0
2.48995,-0.07243,0
2.24115,-0.04818,0.00285
1.99959,-0.11254,0.00518
1.75729,-0.05118,0
1.59734,0.14096,0.00122
1.35936,0.06437,0.00172
1.1101,0.08349,0.00387
0.86109,0.10568,0.00287
