"Points:0","Points:1","Points:2"
3.00226,-0.06492,0.00011
2.75298,-0.08398,0.00104
2.51461,-0.00864,0.00113
2.26874,-0.05386,0
2.01874,-0.05331,0.00023
1.76904,-0.0411,0.00096
1.51946,-0.0266,0.00024
1.27042,-0.00465,0.00101
1.02098,-0.02131,0.00092
0.77663,0.03156,0.00052
0.52753,0.05275,0
0.27936,0.02255,0
0.03171,-0.01164,0.00017
