"Points:0","Points:1","Points:2"
3.00351,-0.05784,0.00074
2.75504,-0.08546,0
2.51504,-0.01547,0
2.26809,-0.05441,0.00129
2.01811,-0.05169,0.00054
1.76825,-0.04306,0.00083
1.51894,-0.02455,0
1.26977,-0.00416,4e-05
1.02068,-0.02538,0
0.77557,0.02384,1e-05
0.52703,0.05083,1e-05
0.27853,0.02347,0.00122
0.02985,-0.00213,0.00097
