"Points:0","Points:1","Points:2"
20.8518,5.53092,0.00745
20.7676,5.29557,0.00278
20.6777,5.06232,0.00031
20.5848,4.83035,0.00811
20.4545,4.61705,0.0037
20.2701,4.44821,0.00096
20.0924,4.27244,0.00788
19.9319,4.08199,0.02943
19.7376,3.92746,0
19.5424,3.77132,0
19.3444,3.61904,0.01128
19.1373,3.4792,0.00503
18.9405,3.32516,0.00021
