"Points:0","Points:1","Points:2"
9.12704,-1.10466,0.00107
8.8772,-1.09979,0.00865
8.62877,-1.07217,0.00433
8.38194,-1.03252,0.00614
8.13228,-1.01963,0.00457
7.88499,-0.98321,2e-05
7.63527,-0.97221,0.00473
7.4413,-1.12992,0.00334
7.21354,-1.23296,0.00074
6.97734,-1.31489,0.00125
6.72975,-1.34951,0.00078
6.48557,-1.40313,0.00144
6.23611,-1.41954,0.00221
