"Points:0","Points:1","Points:2"
2.21699,-2.12396,0.00137
2.40328,-1.95724,0.0007
2.59447,-1.79617,0.00217
2.7734,-1.62158,0.00042
2.67315,-1.39256,0.00134
2.50316,-1.20925,0
2.59942,-0.97853,1e-05
2.82901,-0.87974,0.00547
3.07723,-0.90933,0.0019
3.31819,-0.84273,1e-05
3.5092,-0.68144,0.001
3.69937,-0.51916,0.00073
3.85168,-0.32091,0.00018
