"Points:0","Points:1","Points:2"
20.8621,5.39703,0.07327
20.7527,5.17478,0.03955
20.6453,4.9494,0.02598
20.5159,4.73576,0.03567
20.385,4.5256,0.00094
20.2299,4.3295,0.00243
20.0215,4.19146,0.00079
19.8332,4.02715,0.00591
19.6469,3.86053,0.01392
19.4226,3.75106,0.00027
19.253,3.56744,0.00342
19.0474,3.42517,0.0075
18.8377,3.28928,0.00183
