"Points:0","Points:1","Points:2"
3.0869,0.08293,0.00209
2.84595,0.01633,2e-05
2.61295,-0.07427,0.00181
2.36298,-0.07192,0.00488
2.11416,-0.04795,0.00093
1.87051,0.00806,0.00025
1.62608,0.06049,0.00233
1.37704,0.03879,1e-05
1.1347,-0.02261,0.00207
0.88522,-0.03853,0.0002
0.63645,-0.06329,0.00084
0.38701,-0.08005,0
0.1385,-0.05286,0.00142
