"Points:0","Points:1","Points:2"
2.11802,-2.24253,0.0001
2.29839,-2.06942,5e-05
2.48615,-1.90441,0.00467
2.67179,-1.73699,0.00204
2.63673,-1.48946,0.00261
2.56608,-1.24966,1e-05
2.388,-1.07421,0.00206
2.55409,-0.88736,0
2.7966,-0.82665,0
3.04628,-0.8393,2e-05
3.29625,-0.83532,0.00056
3.50667,-0.70033,0.00266
3.70386,-0.54666,0.00213
