"Points:0","Points:1","Points:2"
2.19691,-2.1559,0.00098
2.36645,-1.97218,0.00255
2.5666,-1.82239,0.00051
2.76879,-1.67535,0.00035
2.6739,-1.44406,1e-05
2.53928,-1.2334,0.00083
2.44389,-1.00231,0
2.67071,-0.89719,0.00025
2.91852,-0.93023,0.00124
3.15986,-0.86501,0.00077
3.38039,-0.74726,1e-05
3.59345,-0.61653,0.00383
3.74693,-0.41919,0.00222
