"Points:0","Points:1","Points:2"
18.2369,3.69521,0.00458
18.1625,3.45656,0.00577
18.1362,3.20801,9e-05
18.1455,2.95847,0.012
18.0961,2.7137,7e-05
17.9965,2.48442,0.00442
17.8047,2.32411,0.00144
17.5631,2.25975,0.00191
17.3164,2.21929,0.00084
17.0879,2.11854,0.01185
16.8446,2.06157,0.00341
16.5952,2.04495,2e-05
16.3475,2.07844,0
