"Points:0","Points:1","Points:2"
3.23291,-0.15262,0.00272
3.12891,0.07472,0.00321
2.89609,-0.01631,0
2.75204,0.18798,0.00386
2.51959,0.09603,0.00037
2.48799,-0.15197,0.00155
2.24572,-0.09029,0
2.03302,0.04108,0
1.78302,0.04126,0.00154
1.53804,0.09107,0
1.30667,0.18576,0
1.05768,0.16333,0.00082
0.82017,0.0853,0
