"Points:0","Points:1","Points:2"
2.9998,-0.07541,0.00071
2.74981,-0.07468,0.00197
2.51618,0.0143,0.00054
2.26649,0.00202,0.00024
2.01668,-0.00791,0
1.76816,-0.03498,0.0016
1.51834,-0.02544,0.00072
1.26914,-0.00551,0.00156
1.01962,-0.02096,0.0006
0.77337,0.02219,0.00037
0.5249,0.04981,0.00151
0.27666,0.02023,0
0.0304,-0.02281,0.00153
