"Points:0","Points:1","Points:2"
11.2751,-1.78491,0.05861
11.0662,-1.65209,0.02352
10.8503,-1.5274,0.00492
10.6266,-1.41583,0.00153
10.3913,-1.33154,7e-05
10.1447,-1.29119,0.00793
9.89603,-1.31609,0.00063
9.64613,-1.32324,6e-05
9.39678,-1.34121,0.0023
9.14701,-1.33058,0.00183
8.92448,-1.21664,0.00184
8.72649,-1.064,0.00315
8.49971,-0.95881,0.00172
