"Points:0","Points:1","Points:2"
3.19848,-0.07891,1e-05
3.00649,0.0812,0.00176
2.77431,0.1739,0.00214
2.53644,0.097,0
2.47653,-0.14571,0.00185
2.23506,-0.08098,0
2.01277,0.03343,0
1.76354,0.05298,0.00159
1.53131,0.14553,0
1.28591,0.19322,0.00169
1.04091,0.14347,0.0015
0.79421,0.10302,0.00026
0.54423,0.0993,0.00058
