"Points:0","Points:1","Points:2"
1.89599,-2.47734,0.00316
2.10218,-2.33599,0.00115
2.21475,-2.11277,0.00065
2.43062,-1.98668,0.00061
2.58099,-1.78696,0.00258
2.82781,-1.74724,0.00179
2.84859,-1.49811,0.00134
2.62238,-1.39167,0.00149
2.40979,-1.26012,0.00129
2.47787,-1.01956,0.00134
2.69673,-0.89874,0.00087
2.93796,-0.83311,0.00163
3.18793,-0.82935,1e-05
