"Points:0","Points:1","Points:2"
3.00151,-0.05298,0.0012
2.75435,-0.09052,1e-05
2.51552,-0.01663,0.00082
2.26904,-0.05846,0.00153
2.01921,-0.04932,0.001
1.76936,-0.04073,0
1.51997,-0.02327,1e-05
1.27055,-0.00631,0
1.02109,-0.02284,0
0.77696,0.031,0
0.52761,0.04895,0.0008
0.27886,0.02392,0
0.02953,0.00572,0.00197
