"Points:0","Points:1","Points:2"
3.001,-0.07208,0.00291
2.75138,-0.08577,0.0017
2.5129,-0.01076,1e-05
2.26823,-0.06207,0.00193
2.01839,-0.05346,4e-05
1.76862,-0.04267,0.00101
1.51916,-0.02626,0.00058
1.26989,-0.00722,8e-05
1.02034,-0.02221,0
0.77413,0.02118,0.00012
0.52576,0.04971,0.0012
0.27829,0.01425,5e-05
0.02936,-0.00871,0.00238
