"Points:0","Points:1","Points:2"
5.3768,-0.32142,0.00611
5.14167,-0.40621,0.00103
4.89973,-0.46917,0.00128
4.65087,-0.493,0.001
4.40099,-0.50016,0.00442
4.15168,-0.51861,0.0037
3.90188,-0.5287,0.00355
3.65462,-0.49183,0.00508
3.42066,-0.40378,0.00203
3.19525,-0.29622,0.01307
2.95142,-0.24108,0.01601
2.7027,-0.26064,0
2.45288,-0.26913,0.00394
