"Points:0","Points:1","Points:2"
3.21819,-0.16926,0.00089
3.20278,0.08027,0.00023
2.99289,-0.05554,0.00131
2.78834,0.0882,0.00087
2.54417,0.14186,0.00093
2.60423,-0.10082,0.00205
2.36067,-0.15719,0.00257
2.15156,-0.02018,0.00205
1.90608,0.02713,0.00191
1.65989,0.07064,0.00317
1.42153,0.14603,0.00245
1.17303,0.17323,0.00065
0.93262,0.10464,0.00132
