"Points:0","Points:1","Points:2"
3.52622,0.1655,0.00173
3.27622,0.16425,0.00041
3.05095,0.05585,0.0002
2.85602,-0.10069,0.00086
2.60729,-0.12579,0.00222
2.37166,-0.04229,0.00057
2.12316,-0.06951,0.00376
1.87547,-0.10318,0
1.64484,-0.00674,0.00321
1.40452,0.06212,0.00173
1.1561,0.09025,0.00115
0.90618,0.08424,0.00057
0.65797,0.05446,0.00313
