"Points:0","Points:1","Points:2"
23.8563,7.91319,0.00569
23.6877,7.7287,0.00056
23.4867,7.58002,0.00178
23.2734,7.44974,0.00298
23.0497,7.33803,0.00013
22.8009,7.31406,0.00254
22.5568,7.26024,0.00073
22.3388,7.1379,0.00224
22.1213,7.02185,0.04422
21.8993,6.91346,0.00639
21.6925,6.77289,0.00444
21.5032,6.61463,0.04436
21.3281,6.43856,0.07357
