"Points:0","Points:1","Points:2"
3.00341,-0.06025,0
2.75471,-0.08577,0
2.514,-0.01829,0.00199
2.26729,-0.0587,0
2.01732,-0.05528,0.00078
1.76761,-0.04321,0
1.51816,-0.02669,0
1.26874,-0.00961,0.00023
1.01939,-0.02756,0.00096
0.77668,0.03237,0.00286
0.52769,0.05459,6e-05
0.28042,0.01773,0
0.03096,0.00138,0
