"Points:0","Points:1","Points:2"
2.07544,-2.22199,0.00364
2.29484,-2.10218,0.00087
2.42332,-1.88772,0
2.65979,-1.80657,0
2.70491,-1.56068,0.00039
2.63832,-1.31971,0.00121
2.39349,-1.2691,0.00036
2.46849,-1.03062,0.00107
2.66736,-0.87912,0.00099
2.90763,-0.81008,0.00288
3.15642,-0.83459,0.00128
3.40056,-0.88836,0
3.6404,-0.95888,0.00221
