"Points:0","Points:1","Points:2"
13.8923,-0.87657,1e-05
13.6715,-0.99379,0.00222
13.4293,-1.05596,0.00068
13.2069,-1.16998,0.00398
13.0056,-1.31821,0.00725
12.761,-1.36966,0.00708
12.5118,-1.3514,0.01716
12.2696,-1.29035,0.0076
12.0222,-1.25447,0.00315
11.7734,-1.22988,0
11.5269,-1.18838,5e-05
11.2814,-1.1806,0.04662
11.0333,-1.16887,0.07474
