"Points:0","Points:1","Points:2"
13.4637,-1.21978,0.11627
13.2167,-1.21943,0.0778
12.979,-1.23939,0.00288
12.735,-1.29332,0.00093
12.4883,-1.33407,0.00153
12.2441,-1.28034,0
11.9941,-1.27898,0
11.761,-1.36909,0.0012
11.525,-1.45184,0.00152
11.2801,-1.50004,0.01402
11.0366,-1.54288,0.05119
10.7928,-1.56699,0.10116
10.5603,-1.57538,0.19267
