"Points:0","Points:1","Points:2"
13.4438,-0.97292,0.00383
13.2484,-1.12881,1e-05
13.0045,-1.18371,0.00199
12.7756,-1.28402,3e-05
12.5317,-1.33931,0.00072
12.2836,-1.30901,0.00079
12.0406,-1.25032,0.00477
11.7984,-1.31212,0.00471
11.5808,-1.4352,0.00672
11.3702,-1.56978,0.00103
11.1238,-1.61251,0.00264
10.8756,-1.64181,0.00245
10.6402,-1.72603,0.00279
