"Points:0","Points:1","Points:2"
3.22659,-0.13483,0.00627
3.06965,0.05969,0.00075
2.83093,0.13394,0.00253
2.58104,0.14074,0
2.54436,-0.10637,0.00956
2.29475,-0.09638,1e-05
2.05785,-0.01657,0.003
1.81006,0.01649,0.00036
1.57288,0.09553,2e-05
1.32932,0.15191,0.0007
1.08025,0.13038,0.00121
0.83043,0.12092,0.00136
0.5808,0.10731,0.00119
