"Points:0","Points:1","Points:2"
25.0695,7.92858,0.00212
24.8236,7.88366,0.00114
24.582,7.81929,0.00199
24.345,7.73962,0.00159
24.1062,7.66569,0.00051
23.8755,7.56941,0.00302
23.6266,7.54639,6e-05
23.4018,7.43691,0
23.1939,7.29812,1e-05
22.9749,7.17758,0
22.7298,7.1283,0.00202
22.4798,7.12978,0.00371
22.2313,7.13774,0.03039
