"Points:0","Points:1","Points:2"
3.00508,-0.08185,0.00044
2.75509,-0.07911,0
2.51467,-0.01058,0.00108
2.26993,-0.06159,0
2.02005,-0.05395,0.00134
1.77039,-0.04107,0.0004
1.52104,-0.02302,4e-05
1.27145,-0.00871,0.00021
1.0219,-0.02371,0.00053
0.77826,0.03231,0.00106
0.52897,0.05113,0.00104
0.28114,0.01828,0.00034
0.03154,0.00416,0.00115
