"Points:0","Points:1","Points:2"
3.10328,0.07506,0.00128
2.85903,0.02176,0.0035
2.64502,-0.10741,0.00015
2.39554,-0.09137,0.00152
2.14919,-0.04886,0.00352
1.92172,0.05488,0.00314
1.67297,0.03008,0.0011
1.42335,0.03866,0.01198
1.17534,0.00721,0.01
0.92622,-0.01123,9e-05
0.67812,-0.04196,0
0.42979,-0.07087,1e-05
0.18058,-0.05112,4e-05
