"Points:0","Points:1","Points:2"
25.9816,9.13441,0.00755
25.8955,8.89988,0.01611
25.7896,8.67346,0.01112
25.6843,8.44676,0.0154
25.5061,8.27199,0.00127
25.3092,8.11798,0
25.1223,7.95201,0.00426
24.8908,7.8575,0.00816
24.7164,7.67845,0.0068
24.5499,7.49205,0.00063
24.3597,7.3298,0
24.124,7.24655,0
23.8765,7.21094,0.00182
