"Points:0","Points:1","Points:2"
3.16989,-0.07018,0
2.99592,0.10936,8e-05
2.75478,0.17533,0.00054
2.55343,0.02715,0.00015
2.39845,-0.16901,0.00034
2.17913,-0.04904,0.00244
1.96624,0.082,0
1.71922,0.04348,0
1.47996,0.11592,0.00231
1.2434,0.19676,0.00024
1.00511,0.12114,0.00058
0.75805,0.0829,0.00035
0.53237,-0.02466,0.00145
