"Points:0","Points:1","Points:2"
3.00516,-0.07684,0
2.75517,-0.07892,0
2.51241,-0.0192,2e-05
2.26534,-0.05737,0.00099
2.01756,-0.02415,5e-05
1.76769,-0.03206,0.00215
1.5178,-0.02496,9e-05
1.26849,-0.00647,0
1.01903,-0.02299,4e-05
0.77366,0.02486,0.00129
0.52441,0.04426,0.00121
0.27549,0.02103,0.00027
0.02798,-0.01414,0
