"Points:0","Points:1","Points:2"
3.1221,-0.05752,0.00465
2.97961,0.14784,0
2.73013,0.16389,0
2.53203,0.01139,0.00012
2.37138,-0.18016,0.00141
2.16663,-0.03672,1e-05
1.92235,0.01642,0.00136
1.67898,0.07361,0.00048
1.4452,0.16219,0
1.19538,0.17161,0.00067
0.95179,0.11536,0.00064
0.71579,0.03287,0.00092
0.57338,-0.1726,0.00293
