"Points:0","Points:1","Points:2"
13.8687,-0.14133,0.00881
13.8546,-0.3908,0.00062
13.7991,-0.63453,0.00467
13.6324,-0.82086,0.00445
13.4464,-0.98792,0.00244
13.2588,-1.15318,0.00218
13.053,-1.29513,2e-05
12.8148,-1.37062,0.00514
12.5664,-1.39885,0.00192
12.318,-1.37174,0.00993
12.0693,-1.3476,0.00098
11.8307,-1.28424,0.03997
11.6122,-1.18658,0.11251
