"Points:0","Points:1","Points:2"
3.17131,-0.06773,0
2.99268,0.10717,0
2.75092,0.17082,0
2.549,0.02342,0
2.39551,-0.1739,0.00267
2.17571,-0.05482,0
1.96986,0.08706,0.00022
1.72487,0.03727,0.00043
1.48435,0.10542,0.00224
1.25128,0.19584,0.00066
1.01045,0.12875,0.00179
0.76485,0.08211,0.00413
0.5305,-0.00495,0.00223
