"Points:0","Points:1","Points:2"
21.6171,6.65978,0.00285
21.4464,6.47714,0.0021
21.3092,6.26814,0.00252
21.1906,6.04806,0
21.1135,5.81027,0.00091
21.0395,5.57156,0.00796
20.953,5.33774,0.02627
20.8453,5.11338,0.00243
20.6854,4.92139,0.01165
20.5341,4.7227,0
20.3587,4.54463,0.00078
20.1813,4.36877,0.01131
20.0471,4.15791,0.00676
