"Points:0","Points:1","Points:2"
3.16456,-0.06493,0
2.98098,0.10476,1e-05
2.74051,0.17313,0.00159
2.54187,0.02134,0
2.38882,-0.17634,0
2.1792,-0.04011,0.0003
1.95423,0.06893,0
1.70717,0.03074,0.00115
1.4825,0.14038,0.00063
1.2349,0.17488,0.00337
0.98914,0.12915,2e-05
0.74644,0.0692,0.00112
0.51533,-0.02612,0
