"Points:0","Points:1","Points:2"
2.65885,-1.88849,0.00732
2.80736,-1.68745,0.00255
2.98298,-1.50954,0
3.1424,-1.31696,0.0011
3.3219,-1.14295,1e-05
3.45388,-0.93064,0.00078
3.59682,-0.72555,0.00352
3.75875,-0.53508,0.00292
3.9102,-0.33619,0
4.09304,-0.16569,0
4.05188,0.0809,0
3.94071,0.30482,0
3.90074,0.55157,0.00413
