"Points:0","Points:1","Points:2"
18.1614,3.52761,0
18.1561,3.27767,0.00049
18.1017,3.03366,0.00024
18.1038,2.78367,0.00039
18.0358,2.54314,0.00418
17.8675,2.35825,0.00133
17.6483,2.23808,0
17.4053,2.17905,0.00106
17.158,2.21449,0.00841
16.9095,2.1876,0.00109
16.6999,2.05147,0.00321
16.53,1.86806,0
16.377,1.67037,0.00271
