"Points:0","Points:1","Points:2"
3.72938,-0.56569,0.00418
3.8978,-0.38095,0.00247
3.74729,-0.18133,0.00248
3.53374,-0.05137,1e-05
3.33315,0.09785,4e-05
3.08761,0.05086,1e-05
2.96536,-0.16721,0.00129
2.79821,-0.35309,0.00431
2.5569,-0.41832,0.00073
2.38425,-0.2375,0.00025
2.21534,-0.05319,0
1.98306,0.03924,0
1.73307,0.03954,0.00297
