"Points:0","Points:1","Points:2"
22.4941,7.21725,0.04954
22.2894,7.08174,0.00262
22.0599,6.98259,0.00095
21.8389,6.86569,0.00325
21.6666,6.68454,0.00186
21.4811,6.51698,0.00166
21.3075,6.33734,0.01146
21.1488,6.14443,0.00157
21.0039,5.94067,0
20.8842,5.72122,0.00352
20.7648,5.50159,0.00296
20.6439,5.28297,0.01235
20.589,5.03968,0.02945
