"Points:0","Points:1","Points:2"
14.2138,0.13905,0.08117
14.0704,-0.06137,0.03901
13.9587,-0.28259,0.00625
13.7889,-0.46609,0.00145
13.6447,-0.6703,0.00166
13.461,-0.83982,0.00287
13.3163,-1.04368,1e-05
13.1016,-1.17169,0.00302
12.8555,-1.2157,0.0061
12.6065,-1.22861,0.02442
12.3585,-1.24943,0.00141
12.1136,-1.29991,0.00218
11.876,-1.37755,0.00272
