"Points:0","Points:1","Points:2"
2.10402,-2.15397,0.0008
2.32039,-2.02873,0.00154
2.51251,-1.86878,0.00044
2.69383,-1.69666,0.00159
2.68868,-1.44671,0.00043
2.54975,-1.23887,0.00095
2.38451,-1.05131,0.00453
2.5677,-0.88125,0
2.81101,-0.82379,0.00119
3.06077,-0.83472,0.00181
3.30941,-0.80874,0.00373
3.52142,-0.67631,1e-05
3.70531,-0.50698,0.003
