"Points:0","Points:1","Points:2"
13.3576,-1.22327,0.01557
13.1076,-1.22135,0.01538
12.8579,-1.22083,0.00442
12.6122,-1.26725,2e-05
12.3671,-1.31627,0.00254
12.119,-1.34696,0.00252
11.877,-1.40956,0.00318
11.6292,-1.44251,0.00074
11.3885,-1.3749,1e-05
11.1525,-1.45733,0.00198
10.9303,-1.57196,0.0021
10.7221,-1.71035,1e-05
10.5214,-1.85786,0.02171
