"Points:0","Points:1","Points:2"
18.2393,3.13289,0.00461
18.1184,2.91408,0.00121
18.0364,2.67793,0.00185
17.9471,2.44442,0.00173
17.7212,2.33731,0.00309
17.4725,2.31192,5e-05
17.2349,2.23414,0.00327
17.0011,2.14579,0.0042
16.8188,1.9747,0.00269
16.6183,1.82541,0.00065
16.4111,1.68661,0.01812
16.2107,1.53805,0.0013
16.006,1.39452,0.00407
