"Points:0","Points:1","Points:2"
3.5377,0.14822,0.00761
3.30474,0.0578,0.00047
3.07799,-0.04748,0.00121
2.82854,-0.03095,0.00106
2.71793,0.19325,0.00146
2.60724,-0.0309,0.0002
2.38952,-0.15377,0.00065
2.16212,-0.04994,0.00354
1.94083,0.06638,0.00179
1.69196,0.04279,3e-05
1.45552,0.12401,0.00152
1.21271,0.1835,0.00015
0.97152,0.11771,0.00151
