"Points:0","Points:1","Points:2"
3.73658,-0.57709,0.00651
3.87091,-0.36628,0.00247
3.75007,-0.14743,0.00258
3.51894,-0.05219,1e-05
3.32086,0.10034,1e-05
3.07494,0.05541,0.00251
2.96561,-0.16942,0.00124
2.80074,-0.35734,2e-05
2.55689,-0.41242,0.00181
2.37815,-0.23763,0.00112
2.21457,-0.04858,0
1.98058,0.03943,0.00202
1.7306,0.04208,0.00053
