"Points:0","Points:1","Points:2"
3.00682,-0.06523,0.00046
2.75726,-0.08002,0.00066
2.51582,-0.01515,0.00087
2.26964,-0.05871,0
2.01971,-0.05318,0
1.76993,-0.04296,0.00277
1.52071,-0.02335,2e-05
1.27122,-0.00752,0
1.02163,-0.02195,0
0.77701,0.02962,0
0.52805,0.05237,0.00074
0.27993,0.02178,0.00091
0.03061,0.0033,0
