"Points:0","Points:1","Points:2"
3.19161,-0.0449,0.0021
2.98621,0.09761,0.0003
2.74997,0.17939,0.00103
2.55906,0.01798,0
2.39919,-0.17422,6e-05
2.17583,-0.06193,0.00064
1.9737,0.08519,0.00067
1.72809,0.03855,0.0004
1.48873,0.1107,0.00145
1.25333,0.19489,0.0019
1.01314,0.12557,0.00152
0.76607,0.08742,0
0.53484,-0.0076,0.00222
