"Points:0","Points:1","Points:2"
3.00573,-0.0693,0.00068
2.75618,-0.08432,0.00058
2.51437,-0.02085,0
2.26788,-0.06255,0.0002
2.01808,-0.05261,0.00123
1.7682,-0.04493,5e-05
1.5194,-0.02046,0.00079
1.26968,-0.00868,0
1.02008,-0.0228,0
0.77662,0.03402,0.00146
0.52705,0.04857,0.00046
0.27845,0.02215,0
0.02884,0.00818,0.0017
