"Points:0","Points:1","Points:2"
22.0077,6.73067,0.00491
21.7664,6.66523,0.00065
21.5404,6.55833,0
21.3714,6.37411,0
21.2499,6.15563,0.0021
21.1192,5.94254,0.00451
21.0473,5.70314,8e-05
20.9142,5.49156,0.00273
20.8325,5.25527,0.0046
20.7137,5.03535,5e-05
20.5243,4.8722,0.00113
20.2984,4.7652,0.00181
20.086,4.63362,0.01021
