"Points:0","Points:1","Points:2"
3.19285,-0.069,0.00031
2.99697,0.08633,0.00232
2.76464,0.17864,0.0034
2.55006,0.05036,0.00448
2.42824,-0.16792,0.00033
2.19749,-0.07173,0
1.99127,0.06958,0.00239
1.74577,0.02238,0.00096
1.51318,0.11402,2e-05
1.2797,0.2034,0
1.04025,0.13157,0.00201
0.79085,0.11448,2e-05
0.54117,0.10199,0.00239
