"Points:0","Points:1","Points:2"
10.9724,-1.33921,0.04695
10.7253,-1.36234,0.01705
10.4764,-1.33895,0.02037
10.2272,-1.33425,0.00125
9.98134,-1.37943,0.00546
9.73205,-1.39753,0.00032
9.48386,-1.42736,0.00384
9.23751,-1.38483,0.00178
8.99158,-1.35864,0.03828
8.743,-1.33725,0.05404
8.49638,-1.30252,0.07583
8.25298,-1.25441,0.04514
8.00659,-1.24478,0.00393
