"Points:0","Points:1","Points:2"
3.17517,-0.06079,0
2.98669,0.10345,0.00106
2.74702,0.17456,0
2.54526,0.02694,0.00121
2.39859,-0.17551,0
2.17907,-0.05588,0.00018
1.9713,0.08314,0.00154
1.72548,0.03763,0
1.48685,0.11216,0
1.2495,0.19069,0.00027
1.00871,0.12346,0.00117
0.7619,0.08365,0.00187
0.53104,-0.0123,0.00217
