"Points:0","Points:1","Points:2"
3.54188,0.1785,0.00403
3.29221,0.16593,0.00172
3.06511,0.06141,1e-05
2.86759,-0.09185,0
2.62294,-0.14328,0
2.39313,-0.04486,3e-05
2.14358,-0.05985,0.0008
1.89707,-0.10146,1e-05
1.67734,0.01773,0.00376
1.43147,0.06289,0.00097
1.18186,0.07683,0.00183
0.93647,0.1246,0.00384
0.72491,-0.0086,0.00298
