"Points:0","Points:1","Points:2"
20.314,4.25061,0.00078
20.0705,4.19417,7e-05
19.844,4.08926,0.01339
19.6454,3.93794,0.02719
19.4579,3.77329,0.01251
19.2701,3.60844,0.0046
19.0571,3.47759,0.00141
18.8759,3.30543,0.00539
18.6929,3.13507,0.00083
18.5586,2.92424,0.00444
18.4198,2.71633,0.00242
18.2949,2.50445,0.04707
18.1964,2.27802,0.08618
