"Points:0","Points:1","Points:2"
3.2293,-0.14016,0
3.08605,0.06473,0.00011
2.83843,0.09909,0.00195
2.59692,0.16367,0.00207
2.56656,-0.08448,0.00131
2.31747,-0.10579,2e-05
2.08187,-0.02218,0
1.83923,0.03806,1e-05
1.59363,0.08471,0.00199
1.35058,0.14322,0.00202
1.1009,0.13057,0.0016
0.85101,0.12309,0.00027
0.60192,0.1018,0.00017
