"Points:0","Points:1","Points:2"
2.18199,-2.10423,0.00238
2.39782,-1.97808,1e-05
2.57948,-1.80633,0.00141
2.76528,-1.63907,0.00068
2.67983,-1.40413,0.00174
2.50932,-1.2213,0.00195
2.48031,-0.97299,0.0009
2.72953,-0.95329,0
2.97608,-0.91189,1e-05
3.20564,-0.81288,0.00175
3.43328,-0.70955,4e-05
3.6465,-0.57903,0.00127
3.8032,-0.38424,0.00138
