"Points:0","Points:1","Points:2"
3.0019,-0.05964,0.00069
2.75341,-0.08703,0.00079
2.51326,-0.01754,0
2.26706,-0.06093,0.00186
2.01718,-0.0533,0.00286
1.76732,-0.04537,0.0001
1.51837,-0.02264,0.00217
1.26871,-0.00982,1e-05
1.01922,-0.02579,0.00113
0.77508,0.02803,0.00073
0.52575,0.0463,0.00137
0.27714,0.01999,0.00061
0.02789,0.00063,0.00079
