"Points:0","Points:1","Points:2"
2.36472,-2.00679,0.00068
2.54785,-1.8366,0.00087
2.72496,-1.66016,0.00086
2.82721,-1.43206,0.0049
3.02234,-1.27586,1e-05
3.24047,-1.15374,0.00234
3.39009,-0.95347,0
3.52164,-0.74088,0.00121
3.71006,-0.57657,0.00088
3.89457,-0.40788,0.00176
4.03614,-0.20189,0.00662
4.09339,0.04138,1e-05
4.15526,0.28359,0.00213
