"Points:0","Points:1","Points:2"
2.27535,-2.07722,0.00314
2.46626,-1.91584,0.00052
2.64584,-1.74191,0.00163
2.774,-1.52726,0.00026
2.60733,-1.34092,1e-05
2.79775,-1.17893,0.00052
2.99319,-1.3348,0.00301
3.20373,-1.20002,0
3.30531,-0.97161,0.0032
3.50291,-0.81849,0
3.65824,-0.6226,0.00058
3.83318,-0.44403,0.00324
4.02721,-0.2864,0.00097
