"Points:0","Points:1","Points:2"
3.16737,-0.06314,0.00256
2.98924,0.11225,1e-05
2.7471,0.17447,0
2.54572,0.02634,0.0014
2.397,-0.17461,0
2.17691,-0.05603,0.00069
1.95714,0.06314,8e-05
1.71036,0.02312,0
1.47991,0.12002,0.0016
1.24063,0.1924,0
0.99993,0.12485,0
0.75482,0.07562,0.0006
0.52752,-0.02846,0.0007
