"Points:0","Points:1","Points:2"
1.89972,-2.48602,0.00117
2.11323,-2.35598,0
2.18968,-2.11796,3e-05
2.39644,-1.97743,0.00168
2.57426,-1.8017,0.00214
2.82065,-1.75939,0
2.84484,-1.51057,0.00062
2.62505,-1.39146,0.0028
2.4084,-1.26674,0
2.46434,-1.02308,0.00126
2.68202,-0.90016,0
2.92169,-0.82902,0.00097
3.17158,-0.82205,0.00358
