"Points:0","Points:1","Points:2"
23.89,7.9986,1e-05
23.7502,7.79142,0.0043
23.5704,7.61772,4e-05
23.3903,7.44449,0.00694
23.169,7.32819,0.00177
22.9356,7.23867,0
22.6966,7.16528,0.00139
22.4479,7.14109,0.00734
22.2091,7.06738,0.00113
21.9912,6.94474,0.00455
21.7983,6.78586,0.00022
21.5786,6.66659,0.00162
21.341,6.5888,0.00145
