"Points:0","Points:1","Points:2"
20.3733,4.29205,0.0048
20.1621,4.15838,0.00105
19.9209,4.0928,0.00044
19.6997,3.97693,0.01318
19.4994,3.82746,0.01949
19.3223,3.652,0.00057
19.13,3.49229,0.00163
18.9156,3.36376,0.0049
18.7325,3.19354,0.00543
18.5597,3.01285,0.00329
18.3809,2.83815,0.00375
18.2274,2.64087,0.00237
18.0816,2.43772,0.00248
