"Points:0","Points:1","Points:2"
2.09817,-2.15359,0.00153
2.31093,-2.02232,0.00101
2.51461,-1.87736,0.00232
2.68705,-1.69636,0.00065
2.69916,-1.44665,1e-05
2.55232,-1.24433,0.00153
2.38804,-1.05588,0.00145
2.56211,-0.87644,0.00159
2.80876,-0.83567,0
3.05845,-0.82325,0.00042
3.30818,-0.81177,0.00149
3.51778,-0.6755,0.00126
3.70648,-0.51151,0.00127
