"Points:0","Points:1","Points:2"
3.00313,-0.05698,0.00035
2.75439,-0.08203,1e-05
2.51486,-0.01042,0.00022
2.26935,-0.05756,1e-05
2.01941,-0.05215,0
1.76978,-0.03837,0.00015
1.52019,-0.02409,1e-05
1.27096,-0.00448,0
1.02172,-0.02395,0.00023
0.7755,0.01933,0.00024
0.52731,0.04937,0.001
0.27892,0.021,0.00086
0.02989,-0.00093,1e-05
