"Points:0","Points:1","Points:2"
25.0076,7.92482,0.00254
24.7681,7.85308,0.00013
24.5227,7.80533,0.00095
24.2878,7.71991,0.00218
24.0534,7.63294,0.00066
23.8146,7.55877,0.00176
23.5661,7.53196,0.00134
23.3283,7.45485,2e-05
23.1162,7.32253,0.00308
22.8944,7.20723,0.00568
22.6619,7.12102,0.03766
22.4178,7.07943,0.00335
22.1821,6.99609,0.00109
