"Points:0","Points:1","Points:2"
2.32364,-2.05536,0.00251
2.50602,-1.88439,0.00048
2.66707,-1.69317,0.00116
2.81348,-1.49053,0.0018
2.85238,-1.24358,2e-05
3.08259,-1.34106,0.00123
3.31582,-1.25104,0.00101
3.35997,-1.00497,0.00094
3.50686,-0.80268,0.00068
3.66475,-0.60885,0.00043
3.85423,-0.44577,0.00173
4.04846,-0.28837,0.00154
4.16874,-0.06921,0.00334
