"Points:0","Points:1","Points:2"
15.8406,1.27448,0.0888
15.6429,1.1462,0.00556
15.4176,1.03781,0.00071
15.1715,0.99408,0.00236
14.9621,0.85751,0.00499
14.8207,0.65142,0.0014
14.6869,0.44021,0.00511
14.576,0.21615,0.00498
14.4966,-0.0209,0.00406
14.3557,-0.22732,7e-05
14.2745,-0.46372,0.00466
14.1594,-0.68564,2e-05
14.0024,-0.88014,0.0019
