"Points:0","Points:1","Points:2"
1.9001,-2.47865,0.00509
2.10271,-2.33222,0.00277
2.23086,-2.11757,1e-05
2.42577,-1.96102,0
2.59231,-1.77457,0.00076
2.83893,-1.73362,0.00125
2.85032,-1.48389,0
2.61876,-1.38964,0.0008
2.40846,-1.25447,0.0002
2.49061,-1.01836,0.00108
2.71327,-0.90468,0.0002
2.95111,-0.82765,0
3.20104,-0.82225,0.0016
