"Points:0","Points:1","Points:2"
2.11114,-2.25265,0.00174
2.28574,-2.07372,0.00051
2.474,-1.90925,0.00272
2.67331,-1.75835,0.00033
2.72775,-1.51435,3e-05
2.60797,-1.29492,0.00021
2.40817,-1.14467,0.00298
2.52349,-0.92286,0.00234
2.7344,-0.78864,0.0001
2.98412,-0.80049,0
3.22415,-0.87038,0.00023
3.47393,-0.88091,0.00141
3.72352,-0.86673,0.00015
