"Points:0","Points:1","Points:2"
3.76994,-0.53606,0.00145
3.79586,-0.28741,0
3.61971,-0.11002,1e-05
3.43297,0.05621,0.00049
3.20824,0.16572,1e-05
3.0224,-0.0015,0.00163
2.94244,-0.23836,0
2.77914,-0.42765,3e-05
2.54506,-0.33989,0.00229
2.34355,-0.19193,0.00131
2.16341,-0.01858,0.00124
1.92412,0.05381,0
1.67437,0.04292,0.00222
