"Points:0","Points:1","Points:2"
3.22512,-0.15752,0
3.11106,0.06494,0.00145
2.87322,-0.01206,0
2.7475,0.20404,0
2.53034,0.08018,0
2.46453,-0.161,0.00072
2.2276,-0.08121,0.00113
2.01106,0.04371,0
1.76112,0.03838,0.00099
1.51537,0.08429,0.00037
1.28785,0.1879,0.00034
1.0426,0.13938,0
0.80511,0.06133,0.00198
