"Points:0","Points:1","Points:2"
3.18541,-0.08425,0.00064
3.00184,0.08546,0.00091
2.76841,0.17494,0.00183
2.55728,0.04106,0
2.41154,-0.16206,0.00033
2.1801,-0.06752,0
1.98422,0.0878,0.00245
1.74287,0.02265,0.00396
1.50906,0.11115,0.00189
1.27476,0.19832,0
1.03463,0.12877,0.00091
0.78518,0.11232,0
0.53563,0.09729,0
