"Points:0","Points:1","Points:2"
3.0062,-0.07659,0
2.75624,-0.08139,8e-05
2.513,-0.02366,2e-05
2.26613,-0.06307,0.00062
2.01809,-0.03179,9e-05
1.7681,-0.03282,0.00114
1.51829,-0.02292,0.00066
1.2687,-0.00861,0
1.01934,-0.02645,0.00094
0.77465,0.02478,3e-05
0.52541,0.04435,0.00051
0.27657,0.02029,3e-05
0.02964,-0.01872,0.00016
