"Points:0","Points:1","Points:2"
3.00445,-0.07526,0.00163
2.75458,-0.08306,0.00081
2.51336,-0.01737,0
2.26761,-0.06327,1e-05
2.01934,-0.03391,0.00162
1.76935,-0.03193,0.00154
1.51951,-0.02303,4e-05
1.27002,-0.00716,0.00149
1.02079,-0.02668,2e-05
0.7758,0.02314,1e-05
0.52707,0.04821,0.00126
0.27857,0.02089,1e-05
0.03207,-0.02075,0.00243
