"Points:0","Points:1","Points:2"
3.00377,-0.07463,0.00081
2.75387,-0.08189,1e-05
2.51362,-0.01277,0.00091
2.26851,-0.06194,2e-05
2.01879,-0.05022,0.00157
1.76903,-0.03923,2e-05
1.51932,-0.02726,0.00019
1.2701,-0.00757,0.00104
1.02056,-0.0227,0.00079
0.77677,0.03267,3e-05
0.52741,0.05061,0.00086
0.27883,0.02399,0.00012
0.03003,-0.00028,0.00312
