"Points:0","Points:1","Points:2"
2.9998,-0.05785,0.00495
2.75212,-0.09143,1e-05
2.51795,-0.00387,2e-05
2.26806,-0.01108,0.00159
2.01807,-0.00955,3e-05
1.76914,-0.03269,0
1.51925,-0.02555,0.00215
1.26999,-0.0064,0.00144
1.02038,-0.02038,0.00152
0.77369,0.02015,0.00038
0.5255,0.05014,0
0.27707,0.02216,0.00069
0.03014,-0.01689,0.00076
