"Points:0","Points:1","Points:2"
14.18,0.07585,0.00186
14.0612,-0.14411,0.00207
13.9162,-0.34773,0.00564
13.7637,-0.54588,0.00675
13.5939,-0.72936,0.00403
13.415,-0.90396,6e-05
13.2472,-1.08924,0.00308
13.0212,-1.19606,0.00384
12.7738,-1.23208,0.00284
12.5284,-1.27945,0.00042
12.2847,-1.33544,0.00092
12.0418,-1.3945,0.00251
11.8026,-1.40261,0.07471
