"Points:0","Points:1","Points:2"
13.9132,-0.25309,0.04864
13.8717,-0.49728,0.01474
13.7756,-0.72767,0.00081
13.5927,-0.89808,0.00021
13.3969,-1.05352,0.00188
13.2051,-1.21381,0.00357
12.9865,-1.33509,7e-05
12.7452,-1.40065,0.00046
12.4971,-1.43065,0.00213
12.2498,-1.3939,0
12.0125,-1.31594,0.01085
11.7708,-1.25225,0.01675
11.5602,-1.13317,0.07982
