"Points:0","Points:1","Points:2"
13.7811,-0.90694,0.03187
13.5571,-1.01492,0.00648
13.3501,-1.15507,0.00236
13.1139,-1.23698,0.00264
12.8788,-1.32199,0.00134
12.6288,-1.32064,0.00116
12.379,-1.33064,0.00387
12.1336,-1.28289,0.00306
11.8854,-1.25295,0.0059
11.6359,-1.26831,0.00161
11.4121,-1.37958,0.00178
11.1803,-1.47308,0.00809
10.9308,-1.46955,0.02308
