"Points:0","Points:1","Points:2"
3.20067,-0.06657,0.00027
3.00172,0.08482,0.00069
2.76951,0.17742,1e-05
2.56134,0.03899,0.00206
2.41698,-0.16511,1e-05
2.1907,-0.0588,0
1.98714,0.08633,1e-05
1.74407,0.02786,0.00033
1.50848,0.11149,0.0011
1.2742,0.19876,0.00018
1.03461,0.12739,0
0.785,0.11331,1e-05
0.53541,0.09916,0.00093
