"Points:0","Points:1","Points:2"
3.00295,-0.05632,0.00052
2.75484,-0.08704,0.00159
2.51562,-0.01444,0
2.26937,-0.0575,0.00213
2.01941,-0.05358,1e-05
1.76967,-0.04216,0
1.52011,-0.02734,0.00119
1.27077,-0.00917,2e-05
1.02102,-0.02026,0.00093
0.77653,0.03194,0.00017
0.52711,0.0488,0.00165
0.27855,0.02201,1e-05
0.02955,-0.00027,0
