"Points:0","Points:1","Points:2"
3.00335,-0.06179,0.00114
2.75471,-0.08773,0
2.51358,-0.02171,1e-05
2.2668,-0.06168,0.00096
2.01681,-0.05882,0.0007
1.76752,-0.04001,0.00154
1.51808,-0.02341,0.0005
1.26889,-0.00336,0.00173
1.02,-0.02689,1e-05
0.77465,0.02108,0
0.52603,0.04735,0.00045
0.27732,0.02214,0.00254
0.02851,-0.00213,0
