"Points:0","Points:1","Points:2"
3.22442,-0.15631,0.00307
3.11434,0.06813,0
2.87569,-0.00634,0
2.74688,0.20793,0.00046
2.53251,0.0793,0
2.46665,-0.16186,0.00244
2.22881,-0.08487,9e-05
2.01282,0.04102,0.00042
1.76282,0.0423,0
1.51647,0.08488,1e-05
1.29061,0.19204,1e-05
1.04676,0.13693,0.00045
0.80414,0.07663,0.00083
