"Points:0","Points:1","Points:2"
2.41331,-2.07596,0.00067
2.5274,-1.85351,0.00188
2.69534,-1.66833,0.00049
2.80606,-1.4442,0.00237
3.00289,-1.29006,0.00282
3.21599,-1.15933,0.00303
3.41635,-1.00985,0
3.48456,-0.76933,0
3.67053,-0.60225,0
3.87626,-0.46021,0
4.00664,-0.2469,0
4.08079,-0.00816,0.00109
4.14589,0.23316,0.00635
