"Points:0","Points:1","Points:2"
7.84138,-0.89314,0.00279
7.64037,-1.04173,0.00704
7.43025,-1.1771,0.00216
7.20144,-1.2777,0.00688
6.96118,-1.34658,0.00113
6.71293,-1.31708,0.00211
6.46294,-1.31633,0.00011
6.21689,-1.27215,0.00259
5.97263,-1.21894,0
5.72516,-1.18353,0.00206
5.51024,-1.05581,0.00208
5.2875,-0.94233,1e-05
5.06701,-0.82492,0.01013
