"Points:0","Points:1","Points:2"
3.41816,-0.72535,0.01433
3.66453,-0.68535,5e-05
3.90161,-0.60603,9e-05
4.02755,-0.39007,1e-05
4.07612,-0.14484,0.00209
3.86515,-0.01072,0
3.61935,0.0349,0.00132
3.36985,0.01954,0.00478
3.13913,-0.07664,0.00061
2.94042,-0.22834,0.00173
2.78146,-0.42108,0.01081
2.67991,-0.64927,0
2.65471,-0.89793,0.00571
