"Points:0","Points:1","Points:2"
3.21697,-0.1593,6e-05
3.10917,0.06626,0
2.86703,0.00414,0.00311
2.73928,0.21903,0.00205
2.53138,0.08018,0.00181
2.45251,-0.15705,0
2.21796,-0.07053,0.00063
1.97884,0.00243,0.00045
1.73415,0.05365,0.00022
1.49561,0.12844,0.0031
1.24635,0.14757,0.00189
0.99714,0.12772,0
0.74881,0.09892,0
