"Points:0","Points:1","Points:2"
3.22395,-0.13977,0.00045
3.08978,0.07118,0
2.83998,0.06203,0.00343
2.63321,0.20251,0
2.57549,-0.04074,1e-05
2.33509,-0.10933,0.00117
2.09668,-0.03412,0.00113
1.85448,0.02785,5e-05
1.60772,0.06789,0.00249
1.36823,0.13962,0.00116
1.11866,0.12505,0.00076
0.86876,0.11811,0.00156
0.62101,0.08467,0.0004
