"Points:0","Points:1","Points:2"
4.41035,-0.39661,0
4.16049,-0.40501,0.00011
3.92621,-0.49205,0.00598
3.67876,-0.52727,0.00096
3.43865,-0.45763,0.00212
3.20941,-0.3579,0.00196
3.0049,-0.2141,0.00213
2.78504,-0.09513,0.00498
2.5461,-0.02172,0.00096
2.31329,0.06937,0.00187
2.0673,0.11401,0.0011
1.8207,0.15506,0.00032
1.57755,0.19737,0.04016
