"Points:0","Points:1","Points:2"
3.00301,-0.06086,0
2.75403,-0.08339,4e-05
2.51353,-0.01511,1e-05
2.26762,-0.06012,0.001
2.01765,-0.05637,0
1.76816,-0.04035,1e-05
1.51875,-0.02317,0
1.26911,-0.00983,0.00055
1.01989,-0.02959,0.00114
0.77539,0.02247,0.00408
0.52681,0.04878,3e-05
0.27851,0.01968,0
0.02913,0.00203,5e-05
