"Points:0","Points:1","Points:2"
10.0054,-1.35405,0.05545
9.7628,-1.38071,0.00122
9.51773,-1.43011,0.00141
9.28835,-1.33069,0.00111
9.04773,-1.26284,0.00122
8.80087,-1.22338,0
8.55092,-1.21907,0.00312
8.30592,-1.16938,0.00177
8.07976,-1.06282,0.00113
7.8319,-1.03024,0.00056
7.58392,-0.99935,0.00798
7.33755,-0.95694,0.00651
7.08869,-0.98067,0.00851
