"Points:0","Points:1","Points:2"
3.72584,-0.57062,0.00385
3.89817,-0.38954,0
3.74757,-0.18999,2e-05
3.53489,-0.05858,0
3.33935,0.09718,0.00012
3.09236,0.05848,0.00065
2.97057,-0.15984,0.00112
2.79372,-0.33654,0.00247
2.55999,-0.42522,0
2.40292,-0.23073,0.0012
2.21417,-0.0668,0.00129
1.98948,0.04281,0
1.7395,0.04592,9e-05
