"Points:0","Points:1","Points:2"
3.00466,-0.06661,0.00131
2.75513,-0.08182,0.00202
2.51377,-0.01669,0
2.26833,-0.06425,2e-05
2.01865,-0.05166,0.00058
1.76882,-0.0425,1e-05
1.5195,-0.02405,2e-05
1.27009,-0.00699,0.00108
1.02056,-0.02237,0.00019
0.77691,0.03363,0
0.52736,0.04859,0.00026
0.27914,0.01883,0.00066
0.03039,-0.00618,0.00174
