"Points:0","Points:1","Points:2"
3.83644,0.10191,0.0099
3.5894,0.13898,2e-05
3.33948,0.13282,0.00121
3.10203,0.21103,6e-05
3.01838,-0.02456,2e-05
3.09732,-0.26177,0
2.9218,-0.43978,2e-05
2.67207,-0.42943,0.00522
2.46419,-0.29064,0.00025
2.26866,-0.13486,1e-05
2.0737,0.02162,0.00275
1.8245,0.0414,2e-05
1.57802,0.08317,0
