"Points:0","Points:1","Points:2"
8.1838,-1.19476,0.00377
7.9637,-1.07621,0.002
7.7453,-0.95457,0.00355
7.50523,-1.02425,0.007
7.29259,-1.15369,0.03003
7.06678,-1.25827,0.05397
6.83567,-1.35272,0.04118
6.59093,-1.40361,0.04503
6.34475,-1.40595,0.00157
6.09609,-1.38002,0.00137
5.84633,-1.39062,0.00344
5.59634,-1.39311,0.00205
5.35138,-1.3797,0.05013
