"Points:0","Points:1","Points:2"
3.00209,-0.06095,0.00192
2.75334,-0.08584,0.00108
2.51552,-0.00876,3e-05
2.26708,-0.03646,0.00344
2.01771,-0.0189,0.00103
1.76815,-0.03379,0.00075
1.5183,-0.02532,0.00048
1.26951,-0.00074,2e-05
1.02107,-0.02856,0.00178
0.77607,0.02119,2e-05
0.5283,0.05448,1e-05
0.28055,0.02098,8e-05
0.03309,-0.0145,0.00037
