"Points:0","Points:1","Points:2"
3.00413,-0.06608,0.00027
2.75474,-0.08353,0.00178
2.5141,-0.01579,0.00023
2.26785,-0.05891,0.0017
2.01792,-0.05321,2e-05
1.76831,-0.03921,3e-05
1.51876,-0.02434,6e-05
1.26921,-0.00936,0.00088
1.01964,-0.02409,0.00197
0.77406,0.02266,0
0.52614,0.05485,0.00095
0.27851,0.02058,0.0002
0.0303,-0.00929,0.00137
