"Points:0","Points:1","Points:2"
3.12345,-0.05084,0.00277
2.97583,0.1509,1e-05
2.72584,0.1536,0.00014
2.53431,-0.00707,0.00125
2.33039,-0.15169,0.00132
2.15473,0.02619,0
1.90473,0.02625,0.00037
1.65631,0.05431,0.0003
1.42683,0.15352,0.00084
1.17691,0.14717,0.00136
0.92793,0.12472,0.00269
0.70752,0.00674,0.00221
0.55065,-0.18791,9e-05
