"Points:0","Points:1","Points:2"
2.99819,-0.07383,0.00456
2.74833,-0.08105,2e-05
2.51755,0.01509,0.00033
2.26834,-0.00469,0
2.01849,-0.01334,2e-05
1.76932,-0.0337,1e-05
1.51943,-0.02609,0.00044
1.26995,-0.01005,5e-05
1.0203,-0.02322,0.00172
0.77479,0.02395,0.0015
0.526,0.0485,0
0.27762,0.02006,0
0.03054,-0.01802,0
