"Points:0","Points:1","Points:2"
2.00237,-2.40723,0.00292
2.15262,-2.20742,0.00223
2.33308,-2.03442,0.00032
2.51252,-1.86034,0
2.71769,-1.71751,0.00251
2.77625,-1.47447,0.00269
2.66765,-1.24929,0.00144
2.41906,-1.22282,0
2.4317,-0.97314,0.00186
2.64732,-0.84663,0
2.89731,-0.84911,0
3.14648,-0.86946,0.00043
3.39644,-0.87239,0.00362
