"Points:0","Points:1","Points:2"
4.31618,0.45569,0
4.0707,0.40835,0.00043
3.82347,0.37121,0.00114
3.61864,0.22788,0
3.40554,0.09719,0.00265
3.15619,0.07938,0
2.91426,0.01634,0
2.66433,0.0108,0.00149
2.41558,0.03581,0.00078
2.16669,0.03243,0.02399
1.92622,0.09651,0.00012
1.70841,0.21922,0.00034
1.49777,0.35388,0.00046
