"Points:0","Points:1","Points:2"
3.68389,-0.49394,0.00363
3.88786,-0.63847,0.00086
3.99817,-0.41413,0
3.92666,-0.17457,2e-05
3.72653,-0.02478,0.00358
3.52414,0.12194,0.00068
3.27426,0.1295,0.00161
3.05643,0.00685,0.00475
2.91525,-0.19944,0.00154
2.72757,-0.36459,0.00291
2.559,-0.54859,0.01796
2.35609,-0.69112,0.04982
2.16444,-0.83462,0.12178
