"Points:0","Points:1","Points:2"
3.00473,-0.06396,1e-05
2.75528,-0.08029,0.00265
2.51318,-0.018,1e-05
2.26775,-0.06558,0.00121
2.01814,-0.05169,0.0021
1.76831,-0.04259,0
1.51883,-0.02646,0.00046
1.27012,-0.00109,0.00064
1.02144,-0.0267,0.00016
0.77651,0.0234,0.00011
0.52781,0.04887,0.00081
0.27957,0.01924,0.00101
0.03075,-0.00502,0
