"Points:0","Points:1","Points:2"
3.0058,-0.05911,0.00075
2.75685,-0.082,1e-05
2.51522,-0.01789,0.00092
2.26864,-0.05911,0.00043
2.01872,-0.05313,0.00209
1.76909,-0.03961,0.00045
1.51947,-0.02593,0.00301
1.27052,-0.00322,0
1.02121,-0.02175,0
0.77742,0.0336,0
0.52785,0.04825,0
0.27954,0.01922,1e-05
0.03014,0.002,0.00258
