"Points:0","Points:1","Points:2"
11.0287,-1.35975,0.01492
10.7818,-1.3213,0.00804
10.5325,-1.30454,1e-05
10.2849,-1.33896,0.00337
10.0443,-1.40674,0.00322
9.80968,-1.49315,0.00571
9.56227,-1.45762,0.00083
9.31641,-1.41226,0.00032
9.06674,-1.39943,6e-05
8.81776,-1.37743,0.00473
8.57307,-1.34645,0.04555
8.32378,-1.32767,0.04308
8.075,-1.30309,0.04411
