"Points:0","Points:1","Points:2"
4.80952,-0.34652,0.00797
4.61031,-0.49737,0.00057
4.37419,-0.57951,2e-05
4.12531,-0.60306,0.002
3.87795,-0.56868,0.0136
3.63466,-0.51234,0.00199
3.41536,-0.39233,0.00289
3.20394,-0.25891,0.00122
2.96053,-0.20232,0.00831
2.71207,-0.17488,0.01201
2.47183,-0.10637,0.00235
2.23921,-0.01724,0.02341
1.99588,0.03958,0.03136
