"Points:0","Points:1","Points:2"
3.22184,-0.15806,0.00104
3.11128,0.06616,0.00281
2.86319,0.03528,0.00319
2.71471,0.23641,0.00315
2.56939,0.03299,0.00156
2.37871,-0.12868,1e-05
2.14413,-0.04223,0
1.90219,0.02075,0.00045
1.66023,0.08363,2e-05
1.41461,0.13023,0
1.168,0.17127,0.00012
0.9248,0.11341,0.00161
0.67489,0.12009,0.00101
