"Points:0","Points:1","Points:2"
3.15655,-0.0231,0.00395
2.95566,0.12566,0
2.70595,0.13761,0.00075
2.50745,-0.01435,0.00344
2.29621,-0.14801,1e-05
2.13288,0.04126,2e-05
1.88384,0.02002,0.00543
1.64194,0.08298,0.00073
1.39219,0.09347,0.0044
1.14227,0.09829,0.0001
0.89735,0.14841,0
0.7035,-0.00946,0
0.52408,-0.18353,0.00306
