"Points:0","Points:1","Points:2"
3.21947,-0.15745,0.00243
3.11378,0.06911,0.00124
2.87051,0.01153,0
2.7316,0.21938,0.00245
2.52459,0.07923,0.00024
2.45636,-0.16128,0.00096
2.22355,-0.07017,9e-05
1.98439,0.00263,9e-05
1.74093,0.05944,8e-05
1.49564,0.10776,0.00015
1.25143,0.16123,0.00146
1.00459,0.1216,0.00035
0.75872,0.07651,0.00435
