"Points:0","Points:1","Points:2"
22.7232,7.75137,0.00115
22.5927,7.53816,0
22.4385,7.34139,0.004
22.2723,7.15467,0.00837
22.0512,7.03827,0
21.8371,6.9093,0.00276
21.6004,6.82873,4e-05
21.3881,6.69682,0.00058
21.2425,6.49354,0.00207
21.1184,6.27655,0.00352
21.0323,6.04187,0.00022
20.9701,5.79971,0.00021
20.96,5.54992,0.00134
