"Points:0","Points:1","Points:2"
3.14117,-0.05317,0.00339
2.98009,0.13799,0.00025
2.73308,0.17659,0.00106
2.54819,0.00832,0.00141
2.38264,-0.17901,0
2.17733,-0.03637,0.00165
1.94988,0.06737,2e-05
1.70141,0.0397,0
1.47191,0.13885,0.00058
1.2234,0.16605,0
0.97704,0.12354,0.00168
0.73638,0.05586,0
0.49129,0.00665,0.00276
