"Points:0","Points:1","Points:2"
25.7394,8.80926,0
25.6617,8.57165,0.00136
25.5201,8.36558,0
25.3761,8.16123,0.0003
25.1924,7.99169,0.00241
24.9818,7.85701,0.00082
24.7723,7.72061,0.00219
24.5419,7.62366,0.00779
24.2983,7.56774,0.00173
24.0578,7.49972,0.00361
23.8104,7.46326,0.00232
23.5626,7.43062,0.00058
23.3169,7.38478,0.00864
