"Points:0","Points:1","Points:2"
3.57879,0.22549,0.00077
3.34632,0.13353,0
3.10346,0.19235,0.00772
3.01811,-0.0425,1e-05
2.85604,-0.23285,1e-05
2.60746,-0.2064,0.00219
2.40234,-0.06349,2e-05
2.15631,-0.10723,0.00768
1.9064,-0.10626,0.00103
1.68878,0.01667,0.00612
1.48145,0.15626,0.00034
1.23574,0.20235,0.00082
0.9959,0.27288,0.00058
