"Points:0","Points:1","Points:2"
3.13531,-0.03852,0.00236
2.96865,0.1478,1e-05
2.7187,0.14262,0.00023
2.51613,-0.00389,0.00074
2.30699,-0.14076,0.00582
2.14583,0.05026,0
1.89588,0.04528,0
1.64588,0.04372,0.00028
1.41639,0.14283,0.00333
1.1666,0.13277,0.00092
0.91661,0.13141,0.00203
0.70621,-0.00362,0.0011
0.53988,-0.19025,0.00258
