"Points:0","Points:1","Points:2"
2.05592,-2.21789,0.00201
2.2792,-2.10545,0.00156
2.41678,-1.89671,2e-05
2.65099,-1.80928,0
2.71113,-1.56662,0.0009
2.6528,-1.32352,0
2.40737,-1.27593,0
2.45945,-1.03141,0
2.66118,-0.88375,0.00046
2.90114,-0.81361,0
3.15009,-0.83631,0.0032
3.3956,-0.88334,0
3.63308,-0.96145,0
