"Points:0","Points:1","Points:2"
3.00409,-0.07022,0
2.75446,-0.08372,0.0025
2.51456,-0.01343,1e-05
2.26595,-0.0397,0.00147
2.01693,-0.01767,1e-05
1.76751,-0.03471,3e-05
1.51765,-0.02627,0.00093
1.2682,-0.0098,0.00206
1.01867,-0.02499,1e-05
0.77364,0.02462,0.00112
0.5251,0.05162,0.00017
0.27739,0.01789,0.00012
0.02877,-0.0083,0.00189
