"Points:0","Points:1","Points:2"
16.5019,1.42025,0.0097
16.2527,1.40281,0.00036
16.0031,1.38932,0.00588
15.7789,1.27881,0
15.5315,1.24298,0.00189
15.3194,1.11069,0.00238
15.1292,0.94844,0
14.9375,0.78803,0.00034
14.7528,0.61946,0.00058
14.5815,0.43735,0.00028
14.4621,0.21781,0.00547
14.3557,-0.00838,0.00123
14.2094,-0.21098,0.00804
