"Points:0","Points:1","Points:2"
3.00354,-0.06669,0.00048
2.75406,-0.08286,0.00116
2.51371,-0.01407,1e-05
2.26856,-0.06305,0
2.01868,-0.05575,0.00275
1.76903,-0.04286,0
1.51952,-0.02725,0.00073
1.2702,-0.00878,3e-05
1.02052,-0.0215,0
0.77655,0.03306,0
0.52691,0.04654,0.00031
0.27781,0.02535,0
0.03052,-0.01134,0.00012
