"Points:0","Points:1","Points:2"
4.12259,0.43327,0.01349
3.88819,0.3474,2e-05
3.67232,0.22131,0.00088
3.44001,0.12895,0.0023
3.19641,0.07276,0.00077
2.94641,0.07273,0.0013
2.69976,0.03193,0.00171
2.45246,-0.00428,0.007
2.20558,-0.04339,0.00209
1.95662,-0.02069,0.00352
1.74235,0.10808,0.00082
1.49265,0.12047,1e-05
1.25133,0.18565,0.00387
