"Points:0","Points:1","Points:2"
3.0007,-0.06851,0.00034
2.75145,-0.08786,0.00183
2.51364,-0.01075,0.00296
2.26901,-0.0622,7e-05
2.01938,-0.04863,0
1.76941,-0.04477,0
1.52028,-0.02399,0.00161
1.27089,-0.00661,0
1.02118,-0.01871,1e-05
0.77662,0.03318,0
0.52749,0.054,0
0.2797,0.02084,1e-05
0.03035,0.00302,0.0024
