"Points:0","Points:1","Points:2"
3.33512,0.12725,0.00116
3.09169,0.07033,0.00206
2.85268,-0.00301,0.00169
2.60269,-0.00081,0.00085
2.35464,-0.03181,0.00401
2.10545,-0.05161,0.0006
1.85548,-0.05509,0.00118
1.60627,-0.03523,0.00137
1.35674,-0.01991,0.00022
1.11246,0.03326,0
0.86319,0.05178,0.00436
0.61349,0.04017,0
0.36387,0.02936,0.00846
