"Points:0","Points:1","Points:2"
2.3223,-2.0817,0
2.48343,-1.89056,0.00143
2.66695,-1.7208,0.00338
2.80117,-1.5099,0.00134
2.66737,-1.29872,0.00108
2.91622,-1.27479,0
3.15191,-1.35817,0.00037
3.30896,-1.16366,0.00031
3.39239,-0.92799,0
3.5238,-0.71532,0.00106
3.68032,-0.52038,0.00166
3.91992,-0.44904,0
4.1651,-0.40101,0.0088
