"Points:0","Points:1","Points:2"
3.14045,-0.05163,0.0029
2.98105,0.14094,0
2.7335,0.17583,0
2.5469,0.00947,0.00254
2.38201,-0.17844,0.00072
2.17584,-0.03705,1e-05
1.94904,0.06814,0
1.70084,0.03817,1e-05
1.46854,0.13056,0.00014
1.22134,0.16784,0.00082
0.9745,0.1282,0.00038
0.73826,0.04642,0
0.48974,0.01927,0
