"Points:0","Points:1","Points:2"
3.14089,0.06617,0
2.89117,0.0542,4e-05
2.64638,0.00356,0.00358
2.39822,-0.02661,0.00077
2.14998,0.00289,0.00337
1.90172,0.03225,0.00114
1.65317,0.05905,2e-05
1.40447,0.08452,0.00153
1.15766,0.04473,0.00251
0.90784,0.0353,0.00206
0.66191,-0.00772,0.01505
0.41249,-0.02029,0.00356
0.16249,-0.02144,0.00356
