"Points:0","Points:1","Points:2"
3.00256,-0.05827,0.00302
2.7542,-0.08665,0.00025
2.51452,-0.01557,0.00114
2.26832,-0.05898,0.00151
2.01839,-0.05317,2e-05
1.76868,-0.04117,0.00021
1.51916,-0.02555,0.00046
1.26999,-0.00532,0.00154
1.02046,-0.02067,0.00045
0.77539,0.0287,0.00149
0.52632,0.0503,0.00058
0.27843,0.01793,0.00228
0.02927,-0.00252,0.00203
