"Points:0","Points:1","Points:2"
3.22575,-0.16139,0.00346
3.10899,0.05964,1e-05
2.85996,0.03772,0.00168
2.71082,0.23835,2e-05
2.56981,0.03192,0.00101
2.38298,-0.13419,0.00197
2.14887,-0.04647,0.00095
1.90808,0.02074,0.00192
1.66433,0.07631,0.00218
1.42208,0.13809,0.00207
1.17423,0.17077,0.00243
0.9299,0.11788,0.00053
0.68013,0.10713,0.00046
