"Points:0","Points:1","Points:2"
3.00374,-0.05986,9e-05
2.75472,-0.08201,0.00037
2.51454,-0.01262,0
2.26875,-0.05819,0.003
2.01877,-0.05734,0.00012
1.76956,-0.03749,1e-05
1.51999,-0.02272,8e-05
1.27054,-0.00625,1e-05
1.02113,-0.02343,0.00076
0.77616,0.0265,1e-05
0.52723,0.04955,0.00019
0.27936,0.01703,0.00167
0.03,-0.00074,1e-05
