"Points:0","Points:1","Points:2"
3.00061,-0.07009,0.00208
2.75105,-0.08481,0.00045
2.51602,0.00041,0
2.26621,-0.00919,0.00103
2.01624,-0.00517,0.0006
1.76748,-0.03005,0.00091
1.51755,-0.02423,6e-05
1.26826,-0.00546,0.0016
1.01892,-0.02358,0
0.77328,0.02286,0.00172
0.52488,0.05107,1e-05
0.27651,0.02257,0
0.02987,-0.01818,0.0029
