"Points:0","Points:1","Points:2"
3.02496,-0.00848,0.00172
2.77676,-0.03845,0.00182
2.5283,-0.01094,0.00465
2.27925,-0.03226,0
2.0325,0.00794,0.00035
1.78554,0.04655,0.00469
1.53605,0.03082,0.00222
1.28945,-0.01023,0.00011
1.04102,-0.03813,0.00249
0.7911,-0.03239,0
0.54222,-0.05399,0.00942
0.29231,-0.05148,0.00312
0.04238,-0.05725,0.00237
