"Points:0","Points:1","Points:2"
3.21785,-0.15906,0
3.11258,0.06769,0.00158
2.87158,0.00123,0.00086
2.74054,0.21414,4e-05
2.53229,0.07581,0.00062
2.46433,-0.16477,0
2.22849,-0.08182,0
1.99564,0.00909,0.00386
1.74946,0.05252,0.00036
1.50867,0.11973,0.00098
1.26002,0.14556,0.00385
1.01061,0.12863,0.00163
0.76347,0.09091,0.00093
