"Points:0","Points:1","Points:2"
3.15606,0.01162,0.00337
2.92354,0.10343,0.00134
2.68085,0.04341,0.00193
2.45857,-0.07099,0.0005
2.20931,-0.05178,0.00142
1.96244,-0.0124,0.0038
1.72135,0.05364,0
1.4726,0.02881,0.00229
1.22358,0.00677,0.00118
0.97418,-0.01064,0.00071
0.72434,-0.01858,0.00458
0.47893,-0.06602,1e-05
0.22956,-0.08374,0.0019
