"Points:0","Points:1","Points:2"
3.22878,-0.15385,0.00224
3.10996,0.0661,2e-05
2.86371,0.02297,0
2.72628,0.2318,0.00056
2.54023,0.06481,0
2.39467,-0.13844,0
2.16266,-0.04534,0.00108
1.92167,0.02118,0
1.67297,0.04634,0.0036
1.43499,0.1229,0.00104
1.18896,0.16725,0.00067
0.94364,0.11909,0
0.69387,0.10837,0
