"Points:0","Points:1","Points:2"
3.14154,-0.01966,0
2.93426,0.12011,0
2.68461,0.10695,0.00018
2.48351,-0.04158,0.00041
2.24055,-0.10041,0.00338
2.0214,0.01989,0.00165
1.77261,0.04443,0.00183
1.54208,0.14115,1e-05
1.30526,0.06108,0.00046
1.0629,0.12242,0.00123
0.82098,0.05936,0.00058
0.60736,-0.07048,0.00341
0.39122,-0.19361,0.02832
