"Points:0","Points:1","Points:2"
15.7527,1.0764,0.00253
15.5077,1.02633,0
15.2745,0.93664,0.00582
15.0462,0.8348,0.00088
14.8341,0.70247,0
14.6769,0.50929,0.02195
14.5525,0.29262,0.02996
14.4215,0.08399,0.07277
14.3306,-0.14711,0.04396
14.2145,-0.36656,0.01457
14.0544,-0.55812,0.00222
13.8941,-0.74997,0.00161
13.8242,-0.99,0.0005
