"Points:0","Points:1","Points:2"
22.3956,7.17199,0.11807
22.1924,7.02888,0.09066
22.0088,6.86411,0.05017
21.7964,6.73853,0.00976
21.5875,6.60146,0.00107
21.3831,6.45756,0.00054
21.1973,6.29032,0.00376
21.0569,6.08351,0
20.9872,5.84346,0.00464
20.8401,5.6414,0
20.6755,5.45324,3e-05
20.5101,5.26582,0.00502
20.3809,5.05183,0.0019
