"Points:0","Points:1","Points:2"
14.9271,0.3118,0.00315
14.691,0.22973,0.00336
14.478,0.09888,1e-05
14.273,-0.0442,4e-05
14.0748,-0.19645,0.00651
13.8906,-0.3654,0.00152
13.7189,-0.54707,0.00199
13.5728,-0.75,4e-05
13.4009,-0.93151,0.00175
13.2332,-1.11409,0.03405
13.0518,-1.28342,0.00411
12.8631,-1.44705,0.01576
12.6768,-1.61101,0.04592
