"Points:0","Points:1","Points:2"
14.8852,1.2114,0.00313
14.7683,0.99046,0.00663
14.6821,0.75581,0.00179
14.63,0.5113,0.00349
14.5558,0.2727,0.01115
14.4607,0.04166,0.00262
14.2977,-0.14788,0.00371
14.1225,-0.32625,4e-05
13.9415,-0.49861,0.00166
13.7702,-0.68075,2e-05
13.6021,-0.86579,0.00371
13.4882,-1.08826,0.0001
13.3676,-1.30713,0.00774
