"Points:0","Points:1","Points:2"
2.05547,-2.21476,0
2.28183,-2.10864,0
2.41829,-1.89917,0.00022
2.65042,-1.80635,0
2.72397,-1.56742,0.00063
2.65658,-1.32667,0.00173
2.41164,-1.27668,0
2.45064,-1.02974,0.00091
2.65846,-0.89079,0.00014
2.89306,-0.8044,0
3.14196,-0.82787,1e-05
3.38007,-0.90404,0.00125
3.62385,-0.95946,0.00171
