"Points:0","Points:1","Points:2"
3.61978,0.18429,0.00223
3.3857,0.09653,2e-05
3.15492,0.00041,0
2.90526,-0.01264,0.00014
2.74549,0.17965,1e-05
2.59102,-0.01686,0.0047
2.38669,-0.16082,1e-05
2.16231,-0.05057,0.00113
1.94571,0.07427,0
1.69784,0.04176,0.0013
1.46245,0.12597,0.00019
1.21745,0.17572,0.00161
0.97181,0.12926,0.00219
