"Points:0","Points:1","Points:2"
3.27393,0.09306,0.00107
3.02639,0.05809,0.00053
2.78518,-0.00763,1e-05
2.53915,-0.05195,0.00211
2.28922,-0.05771,0.00109
2.03936,-0.04947,0.00312
1.78944,-0.04386,0.00099
1.53954,-0.05086,0.00042
1.29655,0.00789,0.00305
1.04939,0.04537,0.0001
0.79986,0.03022,0.00144
0.54995,0.037,0
0.30297,-0.00162,0.00318
