"Points:0","Points:1","Points:2"
21.0854,5.87882,0.00056
20.9883,5.64849,0.00387
20.892,5.41778,0.00096
20.8015,5.18473,0
20.7053,4.954,0
20.5775,4.73913,0
20.4125,4.55134,1e-05
20.2264,4.38439,0
20.0307,4.2288,0.00137
19.7977,4.13824,0
19.5964,3.99006,0.00527
19.4221,3.81087,0.00336
19.2864,3.60093,0
