"Points:0","Points:1","Points:2"
20.3616,4.61567,0.00368
20.1722,4.45251,0.00203
19.9846,4.28728,0.00415
19.8125,4.10643,0.01765
19.5968,3.98103,0.00171
19.4375,3.78832,4e-05
19.2721,3.60091,0.00011
19.1103,3.41056,0.01012
18.9177,3.25206,0.02651
18.7135,3.10791,0.02062
18.5075,2.9676,0.00146
18.3311,2.79041,0.00195
18.1404,2.62883,0.00431
