"Points:0","Points:1","Points:2"
18.2268,3.08809,0.04333
18.1264,2.86274,0.00274
18.0653,2.62033,0.00179
17.904,2.4293,0.00223
17.671,2.33878,0.00321
17.425,2.29436,0.00233
17.1968,2.19225,1e-05
16.9633,2.1029,0.00493
16.8021,1.91184,0.00558
16.6158,1.74518,0.00411
16.396,1.62606,0.00249
16.1808,1.4988,0.00103
15.9639,1.38027,0.03869
