"Points:0","Points:1","Points:2"
3.55392,0.1783,0.00217
3.3044,0.16304,0.00014
3.07263,0.06931,0
2.88184,-0.09222,0.00306
2.64464,-0.17115,0.00113
2.43051,-0.04213,0.00141
2.18111,-0.02488,1e-05
1.94936,-0.11866,0
1.72657,-0.00525,0.00215
1.48214,0.04718,0.00019
1.23627,0.09235,0.00321
0.9865,0.1025,0.00018
0.73936,0.07494,0.02589
