"Points:0","Points:1","Points:2"
6.12337,-1.22365,0.13403
5.90589,-1.14562,0.03855
5.66657,-1.08237,0.00358
5.43783,-0.98154,0
5.19995,-0.90468,0.00141
4.9519,-0.87352,6e-05
4.70785,-0.8193,0
4.46656,-0.75388,0.0013
4.25937,-0.614,0.00389
4.06139,-0.46138,0.00098
3.85051,-0.32717,0.00512
3.65959,-0.16578,0.00639
3.49859,0.02537,1e-05
