"Points:0","Points:1","Points:2"
3.21396,-0.15659,0.00215
3.11944,0.07485,0.00186
2.88258,-0.00512,0
2.74493,0.20357,0.00246
2.52611,0.08269,0
2.46492,-0.1597,0.00162
2.22406,-0.09271,0.00097
2.01319,0.04158,0.00214
1.76337,0.03243,1e-05
1.52079,0.09286,0.00214
1.29195,0.19349,2e-05
1.04859,0.13625,0.00137
0.81318,0.05215,0.00397
