"Points:0","Points:1","Points:2"
3.22008,-0.16055,0.0016
3.10832,0.06308,0.00171
2.86027,0.03194,0
2.70906,0.23099,0.00403
2.56302,0.02813,0
2.36279,-0.12157,0
2.12635,-0.04036,0
1.88311,0.01739,0
1.64241,0.08495,0
1.39947,0.14392,0
1.15072,0.1688,0.00271
0.90552,0.12008,0.00057
0.65571,0.11032,2e-05
