"Points:0","Points:1","Points:2"
3.56295,0.16129,0.00057
3.31304,0.16787,0.00054
3.07674,0.08626,0.00037
2.90856,-0.09871,0.00134
2.66763,-0.16545,0.00135
2.45177,-0.03935,0.00275
2.20184,-0.03414,0
1.96985,-0.12731,1e-05
1.73683,-0.03673,0.00127
1.54318,0.12137,0
1.31618,0.01665,0.00137
1.07401,0.07874,0.00015
0.83353,0.14708,0
