"Points:0","Points:1","Points:2"
8.77192,-1.03926,0.00113
8.52202,-1.04357,0.00666
8.27321,-1.06709,0.00036
8.02342,-1.07737,0.00089
7.77461,-1.05312,0.00374
7.52496,-1.04021,0.00141
7.29123,-1.12878,0.00662
7.06018,-1.2241,0.00096
6.83387,-1.33031,0.00056
6.60747,-1.43634,0.00173
6.3627,-1.48718,2e-05
6.11682,-1.53197,0.00601
5.86717,-1.54122,0.0155
