"Points:0","Points:1","Points:2"
1.95401,-2.7671,0.00536
2.05262,-2.53742,0.00033
2.11894,-2.29639,0.00261
2.257,-2.08799,0
2.44328,-1.92126,0.00107
2.63681,-1.76301,0
2.84437,-1.62366,0
2.69885,-1.42038,0.00157
2.44893,-1.42678,0.00285
2.40335,-1.18098,0.00093
2.52875,-0.9647,0
2.63744,-0.73957,0
2.67675,-0.49269,0.00238
