"Points:0","Points:1","Points:2"
2.11002,-2.2607,0.00065
2.28091,-2.07823,1e-05
2.44574,-1.89026,0
2.66791,-1.77563,0
2.72619,-1.53252,0
2.62883,-1.30226,0
2.3902,-1.22773,0.00195
2.47943,-0.9942,0.00068
2.68286,-0.84888,0
2.93163,-0.82407,0
3.17804,-0.86624,3e-05
3.42748,-0.88302,0.0011
3.66324,-0.96558,0.01113
