"Points:0","Points:1","Points:2"
3.18418,-0.05955,0.00289
2.98911,0.09679,3e-05
2.75458,0.18335,0.00142
2.55559,0.03204,0.00463
2.40363,-0.16642,0
2.1796,-0.05547,0.00087
1.97433,0.08722,0.00304
1.72979,0.03529,0.00041
1.48976,0.10516,0.00014
1.25594,0.19365,0
1.01515,0.12643,0
0.76594,0.10654,0.00048
0.54884,-0.01743,0.00019
