"Points:0","Points:1","Points:2"
3.00234,-0.08386,0
2.75282,-0.06837,0.00015
2.51757,0.01622,0.00082
2.26786,0.00417,1e-05
2.0186,-0.01511,0
1.76868,-0.0214,4e-05
1.51869,-0.01909,0.00082
1.26919,-0.00329,0.00126
1.01997,-0.02293,0.00109
0.77387,0.02108,0.00036
0.52543,0.04892,0.00207
0.27691,0.02181,0.00019
0.03243,-0.03039,0
