"Points:0","Points:1","Points:2"
3.15632,-0.07374,0.00125
2.98936,0.11232,0.00207
2.74761,0.176,0.00037
2.54911,0.02402,0.00063
2.3962,-0.17377,0.00134
2.17635,-0.05476,0.00131
1.95609,0.0635,0.00156
1.70921,0.02415,0.00068
1.47829,0.11994,0
1.23979,0.19488,0.00027
1.00109,0.12055,0
0.75359,0.08532,0.00021
0.53013,-0.02679,0
