"Points:0","Points:1","Points:2"
11.4711,-1.7794,0.00312
11.247,-1.66872,0.00063
11.0191,-1.56577,0.00043
10.777,-1.50348,0.00057
10.5306,-1.46133,3e-05
10.2913,-1.38894,0.00192
10.0655,-1.28156,0.00345
9.82918,-1.20023,0
9.58138,-1.23323,0.00238
9.33357,-1.20025,0.00126
9.08379,-1.20522,0.01064
8.84251,-1.27061,0.00849
8.60202,-1.3388,0.00435
