"Points:0","Points:1","Points:2"
3.14289,-0.02288,0
2.93947,0.12244,0.00059
2.69023,0.10294,0.00166
2.49266,-0.05024,1e-05
2.24774,-0.10038,0
2.03497,0.03088,0.00046
1.78683,0.06129,0.00043
1.54447,0.12258,0.0025
1.30783,0.04198,0
1.06971,0.1181,0.00184
0.82084,0.09444,0
0.62266,-0.05794,0.00241
0.39567,-0.1627,0.00221
