"Points:0","Points:1","Points:2"
4.88547,-0.32556,0
4.71257,-0.50586,0.00988
4.4749,-0.57749,0.03963
4.22547,-0.59435,0.03944
3.97619,-0.59058,0.02091
3.72894,-0.56006,2e-05
3.49402,-0.47454,0.001
3.27689,-0.35064,0.00079
3.06103,-0.22453,0.00173
2.81896,-0.16206,0.0008
2.56958,-0.14451,0
2.3269,-0.08446,0.00111
2.10707,0.03459,0.0022
