"Points:0","Points:1","Points:2"
3.22566,-0.15489,0
3.11318,0.06838,0
2.86961,0.01206,0
2.73431,0.22226,0.00316
2.52918,0.07936,0.00113
2.46307,-0.16174,0.00127
2.22523,-0.08472,0
2.00358,0.0309,0
1.75432,0.05019,9e-05
1.50856,0.09604,0.00041
1.26514,0.15283,0.00516
1.01662,0.12616,7e-05
0.76766,0.10337,0.00096
