"Points:0","Points:1","Points:2"
3.17375,-0.07912,0.00011
3.00101,0.1016,0.00118
2.7622,0.17554,3e-05
2.54786,0.04691,0.00356
2.40751,-0.15995,3e-05
2.18157,-0.05296,0
1.97486,0.08766,0.00111
1.73196,0.02851,0.00217
1.49121,0.09582,4e-05
1.26614,0.20465,0
1.03071,0.1206,0.00303
0.78074,0.11805,0
0.53171,0.096,0
