"Points:0","Points:1","Points:2"
3.92462,0.42251,0.00233
3.75116,0.24249,0.00134
3.52397,0.13815,0.00199
3.2865,0.06002,0.00095
3.04019,0.10282,0.0022
2.79467,0.05573,0.00215
2.55591,-0.01839,0.0003
2.31708,-0.09227,1e-05
2.08664,0.00463,0.00286
1.84363,0.06327,0
1.59461,0.08533,0.00174
1.36207,0.1771,0.00038
1.11224,0.18618,0.00176
