"Points:0","Points:1","Points:2"
3.00469,-0.06166,0
2.75551,-0.08191,0.00094
2.5143,-0.01622,0
2.26808,-0.05953,3e-05
2.01832,-0.04851,0.00053
1.76846,-0.04006,0
1.51933,-0.01927,2e-05
1.26963,-0.00715,0.00181
1.0201,-0.02246,0.0012
0.77669,0.03455,0.00074
0.52726,0.05135,0.00333
0.27922,0.02031,0
0.02984,0.00284,0.00169
