"Points:0","Points:1","Points:2"
3.0046,-0.06084,0
2.75559,-0.08301,0
2.51488,-0.01553,0.00188
2.26933,-0.06249,0.00136
2.01945,-0.05478,0.0012
1.76994,-0.03908,4e-05
1.52036,-0.02481,0.00175
1.27105,-0.00621,0.00162
1.02167,-0.02367,0
0.77754,0.0302,3e-05
0.52869,0.05419,0.00084
0.28073,0.02232,2e-05
0.03218,-0.00455,0.0009
