"Points:0","Points:1","Points:2"
12.6869,-1.28805,0.44355
12.4829,-1.37185,0.32594
12.2817,-1.44463,0.19663
12.0595,-1.492,0.09222
11.8203,-1.51339,0.0227
11.5708,-1.51518,0.00796
11.3211,-1.52612,0.0002
11.0716,-1.54107,0
10.8216,-1.54594,0.00155
10.5752,-1.50393,0.00707
10.3379,-1.42554,0.00373
10.1125,-1.32239,0.0363
9.88814,-1.21285,0.02313
