"Points:0","Points:1","Points:2"
25.5362,8.36165,0.00435
25.3804,8.16612,0.00484
25.195,7.99841,0.0012
24.9748,7.88006,0.00346
24.7705,7.74166,0.04342
24.5476,7.63705,0
24.3071,7.56902,0.00118
24.066,7.50281,0.00124
23.816,7.50515,0.00573
23.567,7.52639,0.00054
23.3249,7.58858,0.0042
23.075,7.59496,0.00286
22.8265,7.56764,0
