"Points:0","Points:1","Points:2"
7.48051,-1.13468,3e-05
7.24002,-1.20294,0.00295
6.99893,-1.26901,0
6.75271,-1.31226,0.00246
6.50275,-1.30896,0
6.2528,-1.31065,0.00477
6.00514,-1.34446,1e-05
5.76362,-1.28042,0.00838
5.56003,-1.13557,0.00013
5.34299,-1.01153,0.00296
5.15031,-0.85227,4e-05
5.00718,-0.64732,0.00287
4.82817,-0.47281,0.0004
