"Points:0","Points:1","Points:2"
3.21342,-0.16929,0.00307
3.21783,0.08066,0.00052
3.00083,-0.04348,0.00087
2.78343,0.07997,0.00133
2.54408,0.15214,0.00065
2.61145,-0.08861,0.00076
2.37061,-0.15567,0
2.15266,-0.0332,0
1.9168,0.04966,0.00164
1.66681,0.04797,0.00131
1.42969,0.12718,0.00098
1.18458,0.1764,0.00097
0.94244,0.1142,0.00069
