"Points:0","Points:1","Points:2"
3.32662,-1.18935,0.00367
3.43758,-0.96534,0.00148
3.56314,-0.74916,3e-05
3.72376,-0.55759,0
3.91763,-0.39976,0.00192
4.02388,-0.17346,0.00028
3.88217,0.03188,0.01613
3.6334,0.05135,0.00083
3.39963,-0.03719,0.00432
3.1538,-0.08247,0
2.93067,-0.19522,0
2.77661,-0.3921,0
2.69155,-0.62717,0.00277
