"Points:0","Points:1","Points:2"
2.54255,-1.94702,0.07773
2.69018,-1.7608,9e-05
2.85025,-1.56876,2e-05
3.01588,-1.38156,0.00496
3.18298,-1.19575,0.01206
3.36326,-1.02289,0.00129
3.50004,-0.81366,0.00547
3.66726,-0.62789,0.00034
3.8436,-0.45067,0.00049
4.02188,-0.27542,0.00103
4.0452,-0.02651,0
4.02709,0.22283,0.00034
3.91131,0.4444,0.00183
