"Points:0","Points:1","Points:2"
3.64824,-0.45642,0
3.7603,-0.67987,0.00336
3.98562,-0.5716,1e-05
4.04478,-0.32871,0.00137
4.01468,-0.08053,0.001
3.79101,0.03113,0.0026
3.5443,0.07152,0
3.302,0.01009,0.00398
3.06664,-0.0741,0
2.89568,-0.2565,0.00201
2.78497,-0.48065,0.00107
2.62387,-0.67181,0.00348
2.47608,-0.87345,0.00362
