"Points:0","Points:1","Points:2"
5.61,-1.10319,0.01662
5.38866,-0.98796,0.00138
5.17854,-0.8525,0.0015
4.94819,-0.75536,0
4.69879,-0.77245,0.00243
4.45381,-0.72265,0
4.21442,-0.65181,0.01328
3.97496,-0.58063,0.00378
3.75977,-0.45338,0.00384
3.57068,-0.28985,0.00555
3.37546,-0.13785,0.04145
3.1829,0.00835,0.10505
3.01424,0.18482,0.159
