"Points:0","Points:1","Points:2"
23.4621,8.00952,0.00281
23.2205,7.94557,0.00494
22.9844,7.86318,0.0018
22.7637,7.7459,0.00295
22.6044,7.55322,0
22.4763,7.33854,0.00114
22.3488,7.12351,0.00177
22.1841,6.93545,0.0066
21.9847,6.78485,2e-05
21.7353,6.76882,0.00528
21.4954,6.69856,0.01054
21.2575,6.6243,0.02983
21.045,6.49485,0.05404
