"Points:0","Points:1","Points:2"
3.21086,-0.16219,0.00139
3.21681,0.08774,0
3.00432,-0.04398,0.00094
2.76643,0.0329,0
2.55036,0.15864,0
2.61111,-0.08386,0
2.37207,-0.1571,0
2.15424,-0.03447,0.00368
1.92468,0.06448,0.00097
1.67582,0.04058,1e-05
1.4407,0.12553,0
1.19595,0.1765,7e-05
0.95477,0.11094,0.00566
