"Points:0","Points:1","Points:2"
3.21503,-0.1566,0.00462
3.12125,0.0751,0.00015
2.88662,-0.0112,0
2.75164,0.19923,0.00043
2.52511,0.09349,0.00289
2.47183,-0.15076,0.00155
2.23109,-0.08335,0.00068
2.01855,0.04828,0.00024
1.76873,0.03864,0.00119
1.52363,0.08785,0.00196
1.29705,0.19351,0.00185
1.0539,0.13542,0.00086
0.8149,0.06209,0.00033
