"Points:0","Points:1","Points:2"
3.55858,0.29847,0.00445
3.43024,0.08396,0.00062
3.19665,0.17303,0.00152
2.94724,0.15578,0.001
3.05194,-0.07124,0.00216
3.04542,-0.32115,0.00156
2.81407,-0.41587,0
2.56418,-0.42238,0.00372
2.45284,-0.19857,0.00729
2.23486,-0.07635,0.00045
2.00449,0.02075,0.00108
1.75473,0.03162,0
1.52642,0.13347,0.00135
