"Points:0","Points:1","Points:2"
2.9763,-1.60871,0.00073
3.14747,-1.42651,0.00211
3.31935,-1.24497,0.002
3.4196,-1.01595,0.00095
3.56683,-0.81391,5e-05
3.75608,-0.65073,0.00779
3.87618,-0.43154,0.002
4.02718,-0.2323,0.00119
4.13328,-0.00593,0.00268
3.93732,0.14931,0.00329
3.68805,0.16841,0.00393
3.44469,0.11128,0.00071
3.20483,0.0417,0.012
