"Points:0","Points:1","Points:2"
3.1707,-0.0663,1e-05
2.99014,0.1066,0.00166
2.74966,0.17491,2e-05
2.5471,0.02839,0.00042
2.40058,-0.17418,0
2.18076,-0.05511,0
1.97269,0.08348,0
1.72645,0.04032,0.00106
1.486,0.10873,0.00296
1.25116,0.19444,0.00101
1.00937,0.1309,0.0006
0.76369,0.08463,0.00064
0.52938,-0.00238,0.00612
