"Points:0","Points:1","Points:2"
3.00274,-0.05971,0
2.75412,-0.08588,0
2.5141,-0.01593,0
2.26879,-0.06412,0.00082
2.01904,-0.05309,0.00275
1.76938,-0.04037,6e-05
1.51989,-0.02441,0.00028
1.27051,-0.00687,0.00036
1.02101,-0.02266,2e-05
0.7767,0.03039,0.0013
0.52719,0.04599,8e-05
0.27837,0.02171,2e-05
0.03093,-0.01391,0.0011
