"Points:0","Points:1","Points:2"
3.65592,-0.4747,0
3.83064,-0.65352,0
4.03131,-0.50444,0.00251
3.9693,-0.26225,0.00338
3.85864,-0.0381,1e-05
3.66534,0.11996,0.01246
3.4157,0.12574,0.00045
3.18839,0.02168,3e-05
3.00292,-0.14591,0.00395
2.87161,-0.35865,0.00412
2.73782,-0.56983,0.00248
2.55557,-0.74095,0.00044
2.3156,-0.81102,0.00139
