"Points:0","Points:1","Points:2"
3.17047,-0.06979,0.00186
2.99108,0.10434,0.00137
2.751,0.17407,0.002
2.5493,0.02637,0.00077
2.39604,-0.17114,0
2.17542,-0.05356,0.00012
1.96996,0.08887,0.00027
1.72608,0.03388,0
1.48664,0.10576,0
1.24901,0.18343,0.00029
1.00487,0.12961,0.00084
0.75985,0.07996,0.00211
0.53056,-0.01965,0.00354
