"Points:0","Points:1","Points:2"
20.5376,5.00441,0.00319
20.3918,4.80132,0.002
20.2709,4.58251,3e-05
20.1551,4.36093,5e-05
19.9788,4.18377,0.0037
19.788,4.02223,4e-05
19.5595,3.92082,0.00053
19.4113,3.71962,0.00733
19.2867,3.50292,0.00116
19.1385,3.30164,0.00316
19.0415,3.07121,0.00123
18.939,2.84338,0.0098
18.8084,2.6302,0.01187
