"Points:0","Points:1","Points:2"
2.10756,-2.24539,0.00095
2.28441,-2.0687,0
2.47142,-1.90278,0.00092
2.67683,-1.76029,0
2.71721,-1.51358,0.0001
2.6053,-1.29002,1e-05
2.40959,-1.13447,0
2.52821,-0.9144,0
2.76647,-0.83868,3e-05
3.01484,-0.81027,0.00237
3.25356,-0.88452,0.00175
3.503,-0.86791,0.00026
3.73332,-0.77197,0.01595
