"Points:0","Points:1","Points:2"
25.5806,8.40732,0.00116
25.3972,8.23745,3e-05
25.2026,8.08046,0.00173
25.01,7.92105,0.00261
24.8043,7.77906,0.00014
24.5984,7.6373,0.0018
24.3555,7.57808,5e-05
24.1086,7.53874,0.00339
23.8646,7.48441,0.0004
23.6178,7.52389,0.00271
23.372,7.5698,5e-05
23.1377,7.65674,0.0035
22.9034,7.72728,0.05468
