"Points:0","Points:1","Points:2"
3.00474,-0.07871,0
2.75576,-0.05626,0.00245
2.51555,0.01298,2e-05
2.266,-0.00194,0.00094
2.01638,-0.01564,0.00202
1.76682,-0.00092,3e-05
1.51696,0.00718,0.00253
1.26728,-0.00549,0.00194
1.01764,-0.01859,0
0.77118,0.02335,4e-05
0.52173,0.03997,0.0001
0.27231,0.02301,0.00069
0.0295,-0.03651,0.00258
