"Points:0","Points:1","Points:2"
3.0057,-0.06758,0.00046
2.75626,-0.08422,0
2.51538,-0.01728,0.00064
2.26867,-0.05769,1e-05
2.01868,-0.05531,9e-05
1.76916,-0.0401,0.00259
1.51959,-0.02546,0.00334
1.27017,-0.00847,0.00137
1.02048,-0.02082,1e-05
0.77586,0.03075,0
0.52649,0.04843,0.00196
0.27757,0.02531,0.00107
0.02813,0.00849,0
