"Points:0","Points:1","Points:2"
3.00297,-0.05817,1e-05
2.75435,-0.08438,0.00055
2.51374,-0.01651,1e-05
2.26773,-0.06101,0.00013
2.01786,-0.05313,0.0018
1.76812,-0.04188,0.00076
1.51862,-0.02603,0
1.26958,-0.0041,0.00013
1.02078,-0.02851,0.0005
0.77698,0.02681,0.00097
0.52832,0.05267,0.00021
0.28066,0.0185,0.0004
0.03128,0.001,0.00068
