"Points:0","Points:1","Points:2"
3.49551,0.12419,0
3.25577,0.05331,1e-05
3.02077,-0.03198,0.00126
2.77412,0.00881,0.00062
2.60351,0.19154,0
2.61454,-0.05821,0
2.38679,-0.16132,0.00076
2.16451,-0.04691,0
1.93576,0.05397,0.00032
1.68607,0.04163,0.00173
1.45431,0.13536,0
1.20747,0.17499,0
0.96129,0.13153,0.00149
