"Points:0","Points:1","Points:2"
23.9597,8.09615,1e-05
23.794,7.90897,0.00246
23.6449,7.70835,0.00607
23.469,7.53074,0.00171
23.2853,7.36119,0.00094
23.0716,7.2315,0.00012
22.8308,7.1643,0.00364
22.5819,7.14077,0.00417
22.3339,7.10938,5e-05
22.0946,7.0371,0.00365
21.8795,6.91339,0.03421
21.677,6.77646,0.0867
21.5093,6.59143,0.09764
