"Points:0","Points:1","Points:2"
3.00331,-0.06271,0.00195
2.75409,-0.08229,3e-05
2.51381,-0.01328,0.00214
2.26785,-0.05805,0.00152
2.01805,-0.0483,2e-05
1.76817,-0.04046,0.00041
1.51856,-0.02661,0.00141
1.26934,-0.00683,0
1.01974,-0.02084,1e-05
0.77518,0.03103,0.00029
0.52641,0.05585,0.00028
0.27891,0.02065,0.0026
0.03009,-0.00348,0.00061
