"Points:0","Points:1","Points:2"
9.15012,-1.28399,0.04773
8.90883,-1.23222,0.00776
8.66356,-1.18427,0.00102
8.42931,-1.09713,0.00666
8.20001,-0.99774,8e-05
7.95557,-0.94576,0.00704
7.7135,-1.00803,0.00223
7.48012,-1.09766,0.00071
7.24649,-1.18664,0.00067
7.00799,-1.26158,0
6.76399,-1.316,0
6.54296,-1.4238,0.04499
6.32156,-1.52596,0.10019
