"Points:0","Points:1","Points:2"
3.22283,-0.15472,0.00011
3.11422,0.07045,0.0013
2.87082,0.01336,0.00081
2.7371,0.22459,0.00266
2.53597,0.07611,0.00147
2.43346,-0.1519,0.00336
2.20069,-0.06072,0.00119
1.95961,0.00545,0.00151
1.72069,0.07904,0
1.48062,0.14881,0
1.23153,0.17005,0.00147
0.98468,0.13051,3e-05
0.73667,0.09906,0.00088
