"Points:0","Points:1","Points:2"
3.00155,-0.06394,0.00067
2.75251,-0.08572,2e-05
2.5148,-0.0083,0.00153
2.26644,-0.03684,4e-05
2.01724,-0.01682,3e-05
1.76802,-0.03662,0
1.51834,-0.02395,9e-05
1.26915,-0.00385,0
1.02013,-0.02596,1e-05
0.77506,0.02344,1e-05
0.52704,0.05482,2e-05
0.27907,0.02307,0.00183
0.03254,-0.01841,0.00142
