"Points:0","Points:1","Points:2"
3.00391,-0.05835,0.00308
2.75501,-0.08177,0.00179
2.51416,-0.01478,2e-05
2.26795,-0.05808,0.00225
2.018,-0.05343,0.00367
1.76829,-0.04139,0.00158
1.51888,-0.02439,0
1.26938,-0.00857,0.00135
1.01967,-0.02063,0.00242
0.77527,0.0319,6e-05
0.52588,0.04945,0.00032
0.27779,0.01861,0
0.02847,0.00016,0
