"Points:0","Points:1","Points:2"
3.15578,0.00769,0.00301
2.92642,0.10712,0
2.67642,0.10643,1e-05
2.47643,-0.04358,0
2.23065,-0.08928,0.0021
2.00249,0.0129,0.003
1.75647,0.05724,0
1.52022,0.13899,0.00211
1.28828,0.04571,0.00116
1.04126,0.08418,0.00202
0.79927,0.02145,0.0048
0.55988,-0.05054,0.00174
0.3158,-0.10457,0
