"Points:0","Points:1","Points:2"
14.2172,0.31839,0.01289
14.1726,0.07266,0.00171
14.1114,-0.16973,5e-05
13.9432,-0.35469,0.0033
13.7225,-0.47206,0.00047
13.5766,-0.67507,0.0025
13.3968,-0.84871,1e-05
13.1882,-0.98649,0.00187
12.9878,-1.13596,0.00282
12.7716,-1.26159,0.00178
12.5444,-1.36579,0.00229
12.2989,-1.41312,0.00561
12.0545,-1.46561,0.00157
