"Points:0","Points:1","Points:2"
3.62442,0.20796,0.004
3.39477,0.10921,0.00086
3.16354,0.01418,0
2.91446,-0.00733,0.00071
2.74744,0.17869,0
2.59262,-0.01761,0
2.3897,-0.16364,0
2.16898,-0.04623,0
1.94505,0.0649,0.00177
1.69652,0.03788,0.00023
1.46444,0.13082,0
1.21876,0.17711,0
0.97461,0.12336,0.0007
