"Points:0","Points:1","Points:2"
3.21626,-0.15654,0.00074
3.11018,0.06984,0
2.86845,0.00624,0.00479
2.73633,0.21843,0
2.52733,0.08125,0.00088
2.45139,-0.15693,0.00239
2.21643,-0.07155,0
1.9795,0.00821,6e-05
1.7325,0.04685,0.00023
1.49433,0.12284,0.00197
1.24567,0.14864,0.00056
0.99701,0.12281,0.00024
0.74748,0.10745,0
