"Points:0","Points:1","Points:2"
10.2114,-1.57303,0.00226
9.97015,-1.50764,0.00751
9.75301,-1.38376,0.00513
9.54939,-1.2388,0.00012
9.2994,-1.23849,0.00215
9.05618,-1.29626,2e-05
8.8071,-1.27481,1e-05
8.56717,-1.20456,0.0012
8.32365,-1.14822,0.00595
8.07446,-1.16796,0.00188
7.82587,-1.14147,0.00243
7.61462,-1.00779,0.00097
7.40694,-0.8761,0.04601
