"Points:0","Points:1","Points:2"
3.00128,-0.06098,0.001
2.75242,-0.08478,0.00035
2.51355,-0.011,0.0001
2.26886,-0.06224,0.00125
2.01926,-0.04821,0
1.76931,-0.04327,1e-05
1.51996,-0.02535,0.00137
1.27085,-0.00419,0.00134
1.02175,-0.02535,0
0.77778,0.02924,0
0.52845,0.04749,0.00054
0.28008,0.01899,0.00154
0.03075,0.00073,0.00198
