"Points:0","Points:1","Points:2"
3.41171,0.12996,0.00035
3.1667,0.0804,0.00395
2.92719,0.00878,0.00136
2.67843,-0.01608,0.002
2.43066,-0.04933,0.00016
2.18094,-0.06081,0.00314
1.93098,-0.06514,0.0017
1.68264,-0.03641,1e-05
1.47113,0.09685,0.00112
1.22435,0.05688,0
0.97436,0.05389,0
0.73237,-0.00886,0
0.49134,-0.07523,0
