"Points:0","Points:1","Points:2"
3.41618,0.13983,0.00124
3.1668,0.12229,5e-05
2.96636,-0.02713,0
2.71677,-0.04105,0.00348
2.47922,-0.11889,0.00015
2.2439,-0.03451,0.0016
1.99588,-0.06587,0.00285
1.74616,-0.05435,0.00036
1.52442,0.06112,0.00036
1.27491,0.07667,0.00167
1.02494,0.08052,0.00229
0.78461,0.01167,1e-05
0.53644,-0.01845,0.00077
