"Points:0","Points:1","Points:2"
3.0053,-0.07358,0.00373
2.75542,-0.08034,3e-05
2.51405,-0.01524,0.00124
2.26824,-0.06081,0.00032
2.01865,-0.04653,6e-05
1.7687,-0.04146,0.00142
1.51926,-0.02485,6e-05
1.26978,-0.00869,0.00118
1.02017,-0.02246,0.00322
0.77586,0.03049,7e-05
0.52727,0.05692,0.00155
0.28047,0.01704,0
0.03116,-0.00146,1e-05
