"Points:0","Points:1","Points:2"
3.21504,-0.1691,0.00459
3.1798,0.07839,0.00168
2.96381,-0.0475,0
2.78059,0.12253,0.00462
2.53075,0.13068,0.00089
2.55089,-0.11851,0
2.30091,-0.12149,1e-05
2.0823,-0.00022,0.00143
1.83547,0.03945,0.00015
1.59156,0.0943,0
1.34733,0.14771,1e-05
1.10157,0.19355,0.0014
0.87766,0.08236,0
