"Points:0","Points:1","Points:2"
1.96514,-2.39099,0.00105
2.14396,-2.21628,1e-05
2.3244,-2.04326,0.00156
2.52535,-1.89453,0.00212
2.7188,-1.73618,0.00331
2.79381,-1.49772,0.00622
2.68201,-1.27412,0.00342
2.43328,-1.24925,0
2.44558,-0.99957,0.00263
2.64564,-0.84967,0
2.89433,-0.82415,0.00156
3.14261,-0.85333,0
3.39063,-0.88469,0.0023
