"Points:0","Points:1","Points:2"
3.67477,-0.49771,0
3.91012,-0.58199,0.00202
3.99496,-0.34682,0.00301
3.90278,-0.11444,0.00153
3.68247,0.00373,0.00084
3.46942,0.13453,0.0018
3.23933,0.03678,0
3.03347,-0.10505,0.00187
2.86568,-0.29038,0.001
2.63181,-0.37873,0.00014
2.40493,-0.27377,0.00304
2.22083,-0.10464,0.00121
2.03695,0.06472,0.0037
