"Points:0","Points:1","Points:2"
3.21955,-0.16698,0.00096
3.19668,0.08197,0
2.98696,-0.05412,0.00091
2.77974,0.08572,0.00207
2.53706,0.14579,0.00085
2.59732,-0.09684,0.00015
2.35416,-0.15493,8e-05
2.14071,-0.02477,0
1.9022,0.05013,1e-05
1.65221,0.05243,0.00126
1.41808,0.14008,0.00035
1.1714,0.18067,0.00216
0.92769,0.12495,0.00179
