"Points:0","Points:1","Points:2"
2.12217,-2.11812,1e-05
2.34727,-2.00936,0.0018
2.54685,-1.85881,3e-05
2.73066,-1.68939,0.00324
2.6779,-1.44502,0.00319
2.54968,-1.23042,0
2.39136,-1.03695,0.00043
2.59611,-0.89351,0
2.83502,-0.81988,0
3.08487,-0.82859,0
3.33309,-0.79913,0.00413
3.53152,-0.64707,0.00317
3.73296,-0.49901,0.00134
