"Points:0","Points:1","Points:2"
4.29429,0.45646,0.00342
4.04546,0.4326,1e-05
3.80266,0.37309,0.00301
3.58524,0.24972,1e-05
3.37944,0.10778,2e-05
3.13147,0.07632,0.00457
2.88566,0.03105,0.00975
2.63763,0.00121,9e-05
2.3878,0.01028,0
2.13934,0.03792,0.00191
1.89905,0.10689,0.00027
1.67053,0.20828,0.00135
1.46212,0.34636,0.00065
