"Points:0","Points:1","Points:2"
3.558,0.17792,0.00481
3.308,0.17767,0.00525
3.07706,0.08208,0
2.90695,-0.10109,0.00347
2.66472,-0.16284,0
2.44753,-0.03904,0
2.19773,-0.029,0
1.96873,-0.12929,0.00073
1.73788,-0.03333,0
1.52522,0.0981,0
1.28339,0.03472,0.00097
1.04019,0.09263,0.00241
0.79052,0.07991,0.00225
