"Points:0","Points:1","Points:2"
2.26114,-2.0986,1e-05
2.45404,-1.9396,0.00341
2.61497,-1.74829,0.00301
2.765,-1.54834,0
2.60564,-1.35573,0.00103
2.71398,-1.13043,0.00267
2.90865,-1.28729,0.00259
3.13821,-1.18831,0.0013
3.30237,-0.99975,0.00026
3.43198,-0.78598,0.00069
3.63449,-0.63938,0.0015
3.83114,-0.48503,3e-05
3.97101,-0.27786,0.00448
