"Points:0","Points:1","Points:2"
12.398,-1.7276,0.00186
12.1489,-1.74888,0.00168
11.9299,-1.62842,0.0025
11.6987,-1.53335,0.00847
11.4534,-1.48538,0.00462
11.2168,-1.4047,1e-05
10.9697,-1.44265,0.00185
10.7413,-1.5443,2e-05
10.5048,-1.46402,0.01116
10.3235,-1.2923,0.00025
10.1057,-1.16944,0.00059
9.86334,-1.10825,0
9.645,-0.98659,0.0052
