"Points:0","Points:1","Points:2"
3.57321,0.21292,0.00122
3.33454,0.13852,0.00264
3.08473,0.12977,0.00655
3.02673,-0.11339,0.00364
2.78334,-0.17046,0.00103
2.54091,-0.10941,0.00013
2.31913,0.00597,2e-05
2.08254,-0.07464,0.00557
1.8367,-0.11981,0.00132
1.6963,0.08704,0.00175
1.45308,0.14474,0.00572
1.22188,0.23968,0
0.97272,0.2601,0.00017
