"Points:0","Points:1","Points:2"
3.5698,0.23228,0.00275
3.34691,0.1191,3e-05
3.12261,0.22952,0.00045
3.02872,-0.00215,0.00417
2.97248,-0.24571,0
2.72452,-0.21385,0.00027
2.47966,-0.16342,0
2.2299,-0.15244,0
1.99038,-0.08084,0.00084
1.76499,0.02723,0.0057
1.52902,0.10968,0.00139
1.2858,0.16729,0.00622
1.05419,0.2612,2e-05
