"Points:0","Points:1","Points:2"
6.9202,-1.54229,0.00169
6.6759,-1.48923,0.0034
6.43521,-1.42174,0.00013
6.1879,-1.38523,0.00212
5.93825,-1.39845,0.00144
5.69522,-1.33983,0
5.46991,-1.2315,0.00122
5.29541,-1.05248,0
5.09906,-0.89773,0
4.92056,-0.72274,0.00334
4.69897,-0.607,0.00087
4.47046,-0.50561,0.00126
4.24337,-0.40128,0.00795
