"Points:0","Points:1","Points:2"
2.99923,-0.05872,0.00144
2.75113,-0.08945,0.00115
2.517,-0.0018,0
2.26762,-0.01936,0
2.01774,-0.01142,0.00039
1.76887,-0.03511,0.0013
1.5191,-0.02431,0.0005
1.26981,-0.00549,3e-05
1.02055,-0.02475,3e-05
0.77472,0.02067,0.00176
0.52663,0.05142,2e-05
0.27834,0.02223,0
0.03089,-0.01343,0
