"Points:0","Points:1","Points:2"
2.02692,-2.30146,0.01688
2.2115,-2.13366,0.00032
2.405,-1.97537,0
2.61387,-1.838,0.00173
2.7606,-1.63559,0.00206
2.75499,-1.38566,0.00408
2.50783,-1.34814,0.00183
2.43293,-1.10962,0.00197
2.60001,-0.92366,0.00278
2.84724,-0.88659,0.00401
3.09363,-0.84443,4e-05
3.34157,-0.87647,0.0001
3.59086,-0.89533,0.00054
