"Points:0","Points:1","Points:2"
3.22629,-0.13806,0
3.08111,0.06546,0
2.83484,0.10848,0
2.58848,0.15103,0
2.54954,-0.09592,0.00103
2.29971,-0.10503,0.00119
2.06496,-0.01907,0
1.81735,0.01544,0
1.57491,0.07648,0
1.33721,0.1539,0.00115
1.08927,0.12193,0.00257
0.83928,0.12277,0.00051
0.58997,0.10416,0.00204
