"Points:0","Points:1","Points:2"
3.00523,-0.06367,0.00348
2.75582,-0.08045,1e-05
2.51435,-0.01568,0
2.26949,-0.06607,1e-05
2.01982,-0.05316,0.00109
1.77002,-0.04314,0.00021
1.52081,-0.02333,0.0011
1.27148,-0.00503,0.00189
1.02192,-0.0197,0.00063
0.77725,0.03169,0.0003
0.52821,0.05351,0
0.28034,0.02091,6e-05
0.03132,-0.00115,0
