"Points:0","Points:1","Points:2"
3.00501,-0.06646,0
2.75556,-0.08306,3e-05
2.51446,-0.01695,1e-05
2.26762,-0.0566,0
2.01771,-0.04993,0.00042
1.76773,-0.04725,0.00018
1.51867,-0.02574,0.00275
1.26946,-0.00603,8e-05
1.02011,-0.02399,0.00021
0.77567,0.02845,0.00081
0.52701,0.05434,0.00077
0.27929,0.02064,0
0.03053,-0.0042,0
