"Points:0","Points:1","Points:2"
3.00332,-0.07281,0.00203
2.75352,-0.0826,1e-05
2.51337,-0.01314,0.00043
2.26807,-0.06139,0.00027
2.01843,-0.04798,0.00198
1.76852,-0.04165,4e-05
1.51916,-0.02392,0.00173
1.26991,-0.00449,0.00153
1.02058,-0.02265,0
0.77685,0.03301,0.00083
0.52768,0.0533,0.00049
0.27977,0.02102,0.0004
0.03054,0.00146,0.00047
