"Points:0","Points:1","Points:2"
3.00077,-0.06683,0.00183
2.75088,-0.07427,0.00201
2.51648,0.01265,0.00031
2.26654,0.00733,0.00171
2.01726,-0.01158,9e-05
1.768,-0.03081,0.00053
1.51807,-0.02507,6e-05
1.26879,-0.00611,0
1.01909,-0.01827,0.00041
0.77331,0.02738,0.00338
0.52429,0.04927,1e-05
0.27644,0.01656,0
0.02836,-0.01442,0
