"Points:0","Points:1","Points:2"
7.9739,-0.87569,0.01938
7.74897,-0.98393,0.00555
7.51926,-1.08255,0.0027
7.29091,-1.18427,0.00018
7.05596,-1.2697,0.00105
6.81109,-1.3201,0
6.56336,-1.28654,0.00054
6.31387,-1.29933,0.01023
6.06426,-1.28733,0.0032
5.82075,-1.23076,0.00096
5.58286,-1.15712,0.02296
5.34849,-1.07011,0.02429
5.1191,-0.97102,0.03211
