"Points:0","Points:1","Points:2"
3.15729,0.01838,0.00217
2.9206,0.09886,0.00304
2.67165,0.07604,0.00538
2.46126,-0.05889,1e-05
2.21191,-0.04088,0
1.96226,-0.02771,0.00199
1.72779,0.05901,0.00133
1.48017,0.02457,0
1.23021,0.02908,0
0.98131,0.00587,0.00275
0.73307,-0.02375,0.0029
0.48777,-0.07194,0.00533
0.23782,-0.07282,0.00032
