"Points:0","Points:1","Points:2"
3.00453,-0.05982,0.00148
2.75559,-0.08277,0
2.51473,-0.01581,0.00012
2.26819,-0.05729,0
2.01825,-0.05167,1e-05
1.7685,-0.04084,0.00214
1.51899,-0.02538,1e-05
1.26972,-0.00621,0
1.02028,-0.0229,0
0.77693,0.0344,2e-05
0.52741,0.04972,0.00157
0.27938,0.0184,0.00076
0.03024,-0.00223,0.00319
