"Points:0","Points:1","Points:2"
2.07286,-2.30017,0.00464
2.24649,-2.12036,0
2.43393,-1.95492,0.00033
2.63597,-1.80769,0
2.74155,-1.58108,0.00169
2.69489,-1.33547,0.00129
2.44649,-1.30731,0
2.45781,-1.05757,0
2.61969,-0.86707,0.00208
2.86556,-0.82183,0.00291
3.1154,-0.8303,4e-05
3.35879,-0.88731,0.00337
3.60727,-0.91469,2e-05
