"Points:0","Points:1","Points:2"
18.2481,3.21457,0.02927
18.1621,2.98129,0.00306
18.101,2.7389,0
18.001,2.50977,0
17.8066,2.35259,0.00054
17.5574,2.33268,0.00178
17.3093,2.30213,0.009
17.0685,2.23513,0.00409
16.8491,2.11548,0.00212
16.6467,1.96862,0.00031
16.4562,1.8067,0
16.3084,1.60523,0.00767
16.1114,1.45141,0.00413
