"Points:0","Points:1","Points:2"
3.15631,0.06952,0.01967
2.90867,0.03975,0.00264
2.66393,-0.01125,0.00127
2.42014,-0.06662,0.00252
2.17181,-0.05823,0.03008
1.92811,-0.00965,0.00268
1.67812,-0.00878,0.00013
1.42873,-0.02619,0.00082
1.19444,0.06102,0.00105
0.94823,0.01766,0.00048
0.69824,0.01561,0.00164
0.45318,0.06508,8e-05
0.21836,0.14926,0.01653
