"Points:0","Points:1","Points:2"
7.58809,-1.1049,0
7.34773,-1.17368,0.00039
7.10419,-1.23004,0.0033
6.8579,-1.27213,0.01185
6.61096,-1.30947,0.0007
6.36274,-1.33883,0.00556
6.113,-1.32868,0.00011
5.87514,-1.25205,0.00723
5.63465,-1.18408,0.00045
5.4047,-1.08602,0.00302
5.26473,-0.8789,0
5.07163,-0.72011,0
4.8642,-0.58058,0.00187
