"Points:0","Points:1","Points:2"
3.21968,-0.15687,0.00096
3.11213,0.06881,0.002
2.86517,0.03,1e-05
2.7128,0.22819,1e-05
2.57443,0.02002,0.00433
2.37376,-0.12902,3e-05
2.13762,-0.04692,0
1.90067,0.0328,0.00014
1.6533,0.06893,0.00135
1.41124,0.13146,0.00064
1.16453,0.17186,0.00087
0.92033,0.11833,0
0.6704,0.12416,0
