"Points:0","Points:1","Points:2"
1.99692,-2.39917,0.01076
2.14961,-2.2014,0.0023
2.3333,-2.03184,0
2.51708,-1.86235,0.00052
2.71384,-1.70813,0
2.78752,-1.46927,0.004
2.6581,-1.25539,0.00156
2.4108,-1.21883,0.00394
2.44007,-0.97055,0.0023
2.65631,-0.84512,0
2.90603,-0.83327,0
3.15504,-0.85543,0.00164
3.40344,-0.88364,0
