"Points:0","Points:1","Points:2"
3.21798,-0.15849,0
3.11137,0.06764,0.0008
2.86418,0.03021,0.00026
2.71995,0.23441,0
2.56824,0.0357,2e-05
2.37488,-0.12276,0.00203
2.13824,-0.04216,3e-05
1.8952,0.01643,0.0001
1.65048,0.0675,0.00236
1.40866,0.13086,0.0001
1.16189,0.1709,0.00186
0.91681,0.12157,0.00073
0.66681,0.12133,2e-05
