"Points:0","Points:1","Points:2"
19.1184,4.04412,0.00138
18.9806,3.83553,0.00092
18.822,3.64227,0.00255
18.6457,3.46503,0
18.4439,3.31756,0.0001
18.3086,3.10737,0.00449
18.2334,2.86897,1e-05
18.1457,2.63488,0.00145
17.9562,2.47186,0.00348
17.7225,2.38305,0.00053
17.4979,2.27321,0.00192
17.2481,2.26414,0.00406
17.0022,2.2194,0.01031
