"Points:0","Points:1","Points:2"
17.881,2.35117,0.02925
17.6729,2.21504,0.00333
17.447,2.10797,0.00516
17.2203,2.00264,0.0038
16.9839,1.92122,0.00494
16.7494,1.83482,0.00154
16.5866,1.64505,3e-05
16.3637,1.53192,0.00433
16.1482,1.40536,4e-05
15.9209,1.30139,0.0043
15.6906,1.20411,0.00483
15.4427,1.17184,0.00183
15.1958,1.13238,0.00318
