"Points:0","Points:1","Points:2"
25.311,8.25754,0.16197
25.1234,8.10965,0.08828
24.9292,7.96232,0.03295
24.7363,7.80613,0.00307
24.5266,7.67002,1e-05
24.3264,7.52027,5e-05
24.0818,7.4697,0.01083
23.8376,7.52263,0.00197
23.5877,7.51826,0.00058
23.3438,7.46358,0.0062
23.0989,7.43037,0.0436
22.8636,7.34607,0.05217
22.6298,7.27661,0.10702
