"Points:0","Points:1","Points:2"
14.1969,-0.15622,0.00157
14.0158,-0.32858,0.00421
13.8462,-0.51228,0.00658
13.6711,-0.69064,0.0024
13.5044,-0.87689,0.00045
13.3324,-1.0583,0.0044
13.1111,-1.17463,0.00586
12.8869,-1.28508,0.00119
12.6481,-1.359,0.00025
12.401,-1.32069,0.00038
12.1541,-1.35972,0.00192
11.9119,-1.29774,0.00029
11.6672,-1.24639,0.00253
