"Points:0","Points:1","Points:2"
3.67386,-0.50574,0.00202
3.9236,-0.51703,0.00118
3.98617,-0.27499,0
3.81305,-0.09465,0.00267
3.59802,0.03285,0.0006
3.35788,0.10237,0.00061
3.13671,-0.01417,0.00046
2.95352,-0.18429,0.00165
2.76897,-0.35293,0
2.53659,-0.26079,0.00268
2.32703,-0.12449,1e-05
2.10315,-0.01331,0.00408
1.87186,0.07924,0.02512
