"Points:0","Points:1","Points:2"
18.3376,3.29499,0.00254
18.2156,3.0768,0.0003
18.1524,2.83494,0.00209
18.0703,2.59881,0.00381
17.928,2.39326,0.00056
17.685,2.33448,0.00143
17.4374,2.30012,0.00424
17.1897,2.26653,0.00856
16.9566,2.17659,0.00124
16.7447,2.04384,0
16.5704,1.86472,0.00456
16.3656,1.72132,0.00269
16.1567,1.58409,0.00647
