"Points:0","Points:1","Points:2"
3.56095,0.17447,0.00384
3.31151,0.15812,1e-05
3.07281,0.08381,0
2.91206,-0.10763,0.00301
2.66699,-0.15695,0
2.4423,-0.04736,0.00125
2.19262,-0.03565,0.00598
1.96459,-0.13798,0
1.74051,-0.02715,0.00075
1.53652,0.11739,0.00244
1.30374,0.02622,0.00262
1.05882,0.07633,0.00119
0.81366,0.12527,0
