"Points:0","Points:1","Points:2"
3.16167,0.16329,0
2.93837,0.05089,0.00189
2.70384,-0.03567,0.00052
2.45504,-0.06013,2e-05
2.2062,-0.03642,0.00438
1.95629,-0.04301,0.00414
1.70632,-0.03958,0.00176
1.45741,-0.01631,0.00145
1.21817,0.05623,1e-05
0.97147,0.01575,0
0.72148,0.0173,0.00032
0.47654,0.06738,0
0.23662,0.13764,0
