"Points:0","Points:1","Points:2"
2.96086,-0.18488,0
3.26139,0.14807,0
3.39433,0.13003,0
2.07759,-0.11184,0
1.84932,-0.04106,0
3.04308,0.04195,0
3.01691,-0.04612,0
3.46086,0.16453,0
3.42712,0.16783,0
3.16671,0.18691,0
3.486,0.19213,0
1.47039,0.10759,0
3.04656,0.0634,0
1.04874,0.25409,0
