"Points:0","Points:1","Points:2"
1.74006,0.10533,0
3.29218,0.08802,0
2.85547,0.0896,0
1.96589,0.03173,0
3.12196,0.09316,0
1.98653,0.03397,0
1.62766,0.09916,0
3.20372,0.07769,0
2.71237,0.08073,0
3.27089,0.09452,0
1.44647,0.12389,0
3.0342,0.07359,0
2.74966,0.07839,0
3.53874,0.15311,0
3.57281,0.17546,0
3.64616,0.19136,0
3.79321,0.27374,0
3.9397,0.35867,0
4.02645,0.40209,0
