"Points:0","Points:1","Points:2"
3.0439,-0.13276,0
2.15754,-0.04012,0
2.17435,-0.06366,0
3.26139,0.14807,0
3.39433,0.13003,0
3.46086,0.16453,0
2.02611,0.0067,0
3.42712,0.16783,0
3.16671,0.18691,0
3.486,0.19213,0
3.04277,-0.17037,0
3.27444,0.12475,0
2.95249,-0.30989,0
