"Points:0","Points:1","Points:2"
20.8434,5.63573,0
22.0421,6.92183,0
