"Points:0","Points:1","Points:2"
0.87391,-0.02117,0
1.94639,-0.0273,0
2.15754,-0.04012,0
1.58788,0.03413,0
2.96839,0.08652,0
1.57687,0.0376,0
1.76915,0.03914,0
0.34693,-0.0803,0
2.38489,-0.06491,0
3.01978,0.06883,0
1.42854,0.01087,0
3.04308,0.04195,0
2.19098,-0.03134,0
2.86432,0.10788,0
0.93658,-0.01298,0
2.48688,-0.01976,0
2.87752,0.0792,0
0.53161,-0.05491,0
3.04656,0.0634,0
1.82866,0.01029,0
0.31971,-0.06103,0
0.2885,-0.06964,0
2.49385,-0.03516,0
1.21078,0.04243,0
1.34581,0.02381,0
