"Points:0","Points:1","Points:2"
13.8416,-0.85722,0
14.1167,-0.41554,0
14.2156,-0.21781,0
14.2451,-0.15964,0
14.3806,-0.03082,0
14.3291,-0.08174,0
14.3845,0.03254,0
14.3864,0.03428,0
14.4168,0.14529,0
14.4623,0.25913,0
14.5911,0.49378,0
14.7274,0.5884,0
14.9622,0.80994,0
15.1465,0.89571,0
15.3071,1.01357,0
15.4094,1.08608,0
15.529,1.20542,0
15.5031,1.19705,0
