"Points:0","Points:1","Points:2"
14.5101,0.41954,0
14.5389,0.47193,0
14.6058,0.53928,0
14.6394,0.58785,0
14.78,0.66277,0
14.7985,0.67202,0
14.7999,0.6639,0
14.8313,0.67338,0
14.8506,0.70487,0
14.9904,0.86005,0
15.264,1.07744,0
15.7945,1.35071,0
15.8024,1.33426,0
15.8753,1.36048,0
15.9158,1.39441,0
15.8779,1.36668,0
15.9086,1.40641,0
16.2966,1.60183,0
