"Points:0","Points:1","Points:2"
9.99455,-1.05686,0
10.1095,-1.14015,0
10.2469,-1.26322,0
10.8798,-1.53158,0
10.9645,-1.45093,0
11.2848,-1.41069,0
11.4986,-1.45961,0
11.9019,-1.64192,0
12.0181,-1.69096,0
11.943,-1.67672,0
12.0697,-1.74225,0
12.1367,-1.79248,0
12.2015,-1.85482,0
12.2128,-1.85559,0
12.274,-1.92721,0
