"Points:0","Points:1","Points:2"
11.3529,-1.18071,0
11.4323,-1.21025,0
11.4275,-1.19951,0
11.4857,-1.21716,0
11.6138,-1.25809,0
11.8652,-1.28643,0
11.8257,-1.27807,0
12.0365,-1.35399,0
12.4744,-1.43541,0
12.9038,-1.37258,0
13.233,-1.19083,0
13.3234,-1.06496,0
13.4126,-0.9666,0
13.4787,-0.92077,0
