"Points:0","Points:1","Points:2"
7.45432,-0.97268,0
7.66332,-1.10073,0
7.7102,-1.09522,0
7.96116,-1.15085,0
7.95248,-1.1634,0
7.98339,-1.16365,0
7.97962,-1.17665,0
8.15787,-1.19795,0
8.37259,-1.16369,0
8.55849,-1.20925,0
8.6439,-1.21412,0
8.95557,-1.26727,0
9.5074,-1.30126,0
