"Points:0","Points:1","Points:2"
3.26309,-1.15039,0
3.29333,-1.10708,0
3.24742,-1.13116,0
3.46349,-0.83899,0
2.99987,-1.29714,0
3.70429,-0.57563,0
2.82048,-1.44627,0
2.85077,-1.42077,0
2.82379,-1.47495,0
2.766,-1.52687,0
3.75908,-0.52245,0
3.83384,-0.46788,0
4.0291,-0.13873,0
3.96365,-0.28936,0
4.05687,-0.03562,0
4.06341,-0.06891,0
2.72146,-1.60787,0
2.58499,-1.7824,0
2.69465,-1.6806,0
2.54009,-1.83563,0
2.6343,-1.74059,0
2.56481,-1.82967,0
