"Points:0","Points:1","Points:2"
9.75069,-1.20495,0
9.89422,-1.19304,0
10.0618,-1.20577,0
10.0921,-1.21519,0
10.5404,-1.27075,0
10.5839,-1.29324,0
10.8734,-1.38237,0
11.0217,-1.43629,0
11.0772,-1.48198,0
11.2853,-1.56135,0
11.3299,-1.59638,0
11.3429,-1.59733,0
11.8069,-1.75365,0
11.882,-1.82746,0
