"Points:0","Points:1","Points:2"
2.96839,0.08652,0
2.81538,0.06635,0
1.3868,-0.01584,0
0.49615,0.05071,0
2.87752,0.0792,0
1.69965,-0.01677,0
1.7213,-0.01287,0
