"Points:0","Points:1","Points:2"
9.48754,-1.21219,0
9.7047,-1.19999,0
9.66533,-1.208,0
10.0921,-1.21519,0
10.158,-1.20444,0
10.6561,-1.29065,0
10.7196,-1.33181,0
10.6629,-1.31636,0
10.8946,-1.39336,0
10.9099,-1.39971,0
11.1791,-1.50758,0
11.3834,-1.57925,0
11.6111,-1.64043,0
11.6872,-1.67896,0
11.6776,-1.66324,0
11.8776,-1.70782,0
