"Points:0","Points:1","Points:2"
20.684,5.16262,0
20.6714,5.17396,0
20.7135,5.33138,0
20.7027,5.33221,0
20.8148,5.58883,0
21.172,6.07749,0
21.3399,6.28638,0
21.2577,6.23199,0
21.3348,6.29482,0
21.2965,6.25567,0
21.4176,6.42317,0
21.4055,6.36494,0
21.4831,6.50125,0
21.5961,6.62562,0
21.6251,6.66745,0
21.6678,6.68095,0
22.0259,6.95595,0
22.0382,6.96749,0
22.2316,7.09178,0
22.2328,7.07153,0
22.4385,7.16809,0
22.4917,7.19597,0
22.401,7.16799,0
