"Points:0","Points:1","Points:2"
23.0278,7.21532,0
23.0907,7.24464,0
23.1957,7.30901,0
23.4265,7.41124,0
23.5383,7.49427,0
23.6737,7.53415,0
23.6497,7.52917,0
24.1394,7.65935,0
24.4748,7.71252,0
24.5775,7.76361,0
24.8446,7.84655,0
24.8613,7.85953,0
24.9072,7.859,0
24.9722,7.90409,0
24.9825,7.89853,0
25.0736,7.91796,0
