"Points:0","Points:1","Points:2"
22.4943,6.89251,0
22.8855,7.09492,0
24.3473,7.7018,0
