"Points:0","Points:1","Points:2"
7.60022,-1.05956,0
7.60193,-1.05116,0
7.82167,-1.113,0
7.98339,-1.16365,0
8.10171,-1.18507,0
8.25294,-1.21462,0
8.47504,-1.17547,0
8.4076,-1.19334,0
8.83577,-1.16797,0
8.92262,-1.20392,0
9.24285,-1.27573,0
9.28768,-1.28783,0
9.5496,-1.35465,0
9.67906,-1.36161,0
9.77119,-1.3807,0
9.99294,-1.38997,0
10.0217,-1.37644,0
10.1525,-1.34929,0
10.1943,-1.3242,0
10.2795,-1.33111,0
10.2749,-1.33161,0
10.3555,-1.30803,0
