"Points:0","Points:1","Points:2"
0.20251,-0.03241,0
3.0578,0.06632,0
1.02444,-0.01881,0
3.05512,0.06109,0
2.6999,-0.03679,0
0.28444,-0.04432,0
1.57134,0.03267,0
1.42115,0.0143,0
2.66434,-0.05443,0
0.41525,-0.07736,0
2.01364,-0.05,0
1.79478,0.02041,0
2.04929,-0.04664,0
1.72067,0.03471,0
0.52174,-0.07747,0
1.35356,0.03639,0
2.80798,-0.00738,0
1.36954,0.03009,0
2.53511,-0.04866,0
0.14984,-0.01229,0
0.90857,-0.04114,0
2.45435,-0.05198,0
