"Points:0","Points:1","Points:2"
20.1733,4.71245,0
20.2202,4.75906,0
20.2857,4.76167,0
20.4037,4.83687,0
20.4561,4.88518,0
20.4746,4.91096,0
20.4882,4.9102,0
20.5355,4.9274,0
20.7556,5.1627,0
20.7934,5.22758,0
20.7947,5.24595,0
20.885,5.46878,0
20.9536,5.64172,0
20.9509,5.66508,0
21.0165,5.78316,0
21.1215,5.97669,0
21.1358,5.99044,0
21.3217,6.20709,0
21.3127,6.21653,0
21.8291,6.82334,0
