"Points:0","Points:1","Points:2"
4.82558,-0.67709,0
5.96923,-1.33977,0
