"Points:0","Points:1","Points:2"
24.2258,7.44915,0
24.2482,7.44294,0
24.2632,7.46264,0
24.327,7.5079,0
24.3505,7.51482,0
24.4049,7.5357,0
24.5545,7.6296,0
24.7042,7.73731,0
24.8121,7.78563,0
24.8947,7.82158,0
24.9489,7.87689,0
25.1821,8.00983,0
25.2809,8.0744,0
25.4705,8.23228,0
25.5918,8.34625,0
25.5882,8.3511,0
25.6153,8.37472,0
25.6268,8.41356,0
25.7819,8.62054,0
25.7871,8.62177,0
25.8399,8.78017,0
