"Points:0","Points:1","Points:2"
3.40088,0.07762,0
3.48701,-0.90439,0
3.35567,-1.18368,0
3.42391,-1.00008,0
3.36791,0.07979,0
3.17675,-1.39783,0
3.18599,-1.39184,0
3.19039,-1.35847,0
3.20943,-1.34999,0
3.5388,-0.87252,0
3.59314,-0.78406,0
3.74003,-0.67815,0
3.05311,-1.52616,0
3.01633,-1.55405,0
3.81324,0.16152,0
3.78688,0.16411,0
3.86601,0.15497,0
3.93768,-0.41142,0
3.90824,-0.41308,0
3.92356,0.1524,0
