"Points:0","Points:1","Points:2"
24.7,7.66513,0
25.1686,7.95497,0
25.2248,7.99958,0
25.3229,8.12674,0
25.8428,8.5625,0
25.8959,8.61474,0
26.0474,8.80745,0
26.0349,8.77824,0
26.0434,8.77667,0
26.1323,8.88923,0
