"Points:0","Points:1","Points:2"
9.57606,-1.06715,0
9.6402,-1.10441,0
9.83543,-1.1568,0
9.83851,-1.16179,0
10.3696,-1.3398,0
10.3536,-1.31929,0
10.3991,-1.3375,0
10.5327,-1.36973,0
10.5448,-1.37335,0
10.7327,-1.38005,0
11.0825,-1.45989,0
11.3076,-1.46382,0
11.4021,-1.47026,0
11.6431,-1.5383,0
11.7372,-1.58628,0
12.1233,-1.67354,0
