"Points:0","Points:1","Points:2"
20.9861,5.61163,0
20.9912,5.61555,0
21.0006,5.67103,0
21.078,5.88464,0
21.0827,5.86912,0
21.148,6.06362,0
21.1531,6.15723,0
21.191,6.18722,0
21.3985,6.44671,0
21.6405,6.75934,0
21.5984,6.73744,0
21.5386,6.64264,0
22.223,7.06745,0
