"Points:0","Points:1","Points:2"
15.6618,1.25275,0
15.641,1.25666,0
15.7493,1.29767,0
15.888,1.35947,0
15.9643,1.42281,0
16.7416,1.70697,0
16.6957,1.70315,0
16.8353,1.72161,0
16.9072,1.76377,0
17.1238,1.91416,0
17.125,1.94407,0
17.2648,2.04222,0
17.2876,2.06664,0
