"Points:0","Points:1","Points:2"
23.5171,7.54736,0
23.6207,7.53809,0
23.8579,7.52132,0
24.0124,7.49851,0
24.278,7.5339,0
24.5124,7.74901,0
24.5494,7.75047,0
24.7013,7.86423,0
24.7546,7.90151,0
24.8046,7.91646,0
24.8826,7.95581,0
24.9669,7.96814,0
25.4171,8.177,0
