"Points:0","Points:1","Points:2"
23.4009,7.47823,0
23.6028,7.51648,0
23.7936,7.51425,0
23.9224,7.51131,0
24.369,7.55807,0
24.6469,7.73994,0
