"Points:0","Points:1","Points:2"
1.08656,0.01177,0
2.9333,-0.01146,0
2.38714,0.01179,0
0.71894,0.00095,0
1.41612,0.00948,0
2.41764,-0.01399,0
2.38035,-0.01015,0
1.629,0.00521,0
1.17879,-0.0147,0
0.47583,0.00185,0
2.96526,-0.00222,0
2.20373,0.00121,0
0.90791,0.0073,0
0.35968,-0.01413,0
0.75971,0.00132,0
1.46945,0.01047,0
