"Points:0","Points:1","Points:2"
3.16031,0.11427,0
3.0439,-0.13276,0
2.15754,-0.04012,0
2.76569,-0.43094,0
3.06416,-0.13263,0
2.39388,-0.26471,0
3.26139,0.14807,0
2.33819,-0.17573,0
2.49142,-0.38485,0
2.58143,-0.39576,0
2.02611,0.0067,0
2.08492,0.01536,0
1.859,0.06657,0
3.15441,0.11265,0
2.24684,-0.09006,0
1.81795,0.04522,0
1.77729,0.04121,0
3.02681,-0.23716,0
2.41997,-0.25939,0
