"Points:0","Points:1","Points:2"
2.46277,-0.04241,0
3.26309,-0.36099,0
2.98264,-0.22309,0
3.29399,-0.35623,0
2.53511,-0.04866,0
3.11361,-0.2622,0
3.51131,-0.46924,0
3.60952,-0.54329,0
3.6807,-0.55562,0
3.95386,-0.59969,0
4.30336,-0.57436,0
4.31354,-0.55823,0
4.39765,-0.56161,0
4.48236,-0.54211,0
