"Points:0","Points:1","Points:2"
2.48097,-0.04361,0
1.0325,0.12177,0
2.96839,0.08652,0
0.89439,0.14971,0
2.38489,-0.06491,0
3.12944,-0.01318,0
3.01978,0.06883,0
3.04308,0.04195,0
2.48688,-0.01976,0
2.24684,-0.09006,0
3.04656,0.0634,0
2.68916,0.12833,0
0.85718,0.10655,0
2.33239,-0.12972,0
0.65207,-0.05754,0
2.49385,-0.03516,0
2.6711,0.10208,0
0.96652,0.1247,0
