"Points:0","Points:1","Points:2"
3.40637,-0.87461,0
2.81051,-0.40581,0
3.38509,-1.03018,0
3.36478,-1.05787,0
3.29206,2e-05,0
3.37884,-1.08865,0
3.31898,-1.24809,0
2.96905,-0.20487,0
3.18471,-0.07506,0
2.85013,-0.31464,0
2.91885,-0.25631,0
3.61082,-0.68005,0
3.53007,0.06922,0
3.70838,-0.57231,0
3.70331,-0.57007,0
3.54308,0.04974,0
3.80214,-0.50286,0
3.63239,0.03598,0
3.87347,-0.42305,0
3.96955,-0.21039,0
3.95254,-0.22476,0
