"Points:0","Points:1","Points:2"
14.5247,0.26854,0
15.3915,1.15079,0
15.5112,1.21981,0
