"Points:0","Points:1","Points:2"
2.6889,-1.21949,0
3.29849,-1.00719,0
3.37764,-0.86919,0
3.34992,-0.88475,0
2.87497,-1.26834,0
2.60119,-1.32233,0
3.70429,-0.57563,0
2.72255,-1.49113,0
2.766,-1.52687,0
3.75908,-0.52245,0
2.72146,-1.60787,0
2.32485,-2.07403,0
2.58499,-1.7824,0
2.69465,-1.6806,0
2.6343,-1.74059,0
