"Points:0","Points:1","Points:2"
16.2134,1.53383,0
16.2811,1.56889,0
16.4156,1.74342,0
16.4414,1.77851,0
16.6047,1.93732,0
16.7216,2.01456,0
16.9136,2.15747,0
17.0058,2.1937,0
17.5558,2.32785,0
17.8248,2.37996,0
17.9349,2.43462,0
17.9762,2.48,0
17.9047,2.4374,0
17.9828,2.51378,0
17.9037,2.43196,0
18.0117,2.54992,0
18.0804,2.72202,0
18.076,2.67659,0
18.1009,2.70216,0
18.1356,2.84283,0
18.1572,2.95402,0
