"Points:0","Points:1","Points:2"
3.20155,-0.09433,0
3.25366,-0.04004,0
3.48722,-0.90125,0
3.32787,-1.14735,0
3.20759,-1.35312,0
3.27615,-1.26389,0
3.53086,-0.86515,0
3.64775,-0.78387,0
3.57179,0.0744,0
3.7039,-0.69306,0
3.70818,-0.70426,0
3.1087,-1.4555,0
3.82879,0.07676,0
4.0291,-0.13873,0
4.04292,-0.18512,0
3.96656,0.01264,0
4.04476,-0.21284,0
4.05237,-0.20312,0
4.00146,-0.34099,0
4.01958,-0.35271,0
