"Points:0","Points:1","Points:2"
8.03419,-1.24774,0
9.45852,-1.41881,0
9.37026,-1.40149,0
9.60086,-1.42629,0
9.65626,-1.4076,0
9.59718,-1.42013,0
9.65143,-1.39601,0
9.72648,-1.39265,0
10.0896,-1.36439,0
10.2203,-1.32073,0
10.2749,-1.33161,0
