"Points:0","Points:1","Points:2"
1.94639,-0.0273,0
1.35063,0.15097,0
2.15754,-0.04012,0
1.62842,0.06799,0
2.81538,0.06635,0
1.19616,0.17088,0
3.36227,0.08888,0
1.76915,0.03914,0
3.30066,0.06588,0
3.01978,0.06883,0
2.19112,-0.04931,0
1.17106,0.17191,0
1.49985,0.12663,0
3.20647,0.08254,0
3.17026,0.06808,0
3.04656,0.0634,0
2.0628,-0.03192,0
2.30528,-0.03803,0
1.37837,0.1373,0
1.14153,0.17852,0
