"Points:0","Points:1","Points:2"
10.6893,-1.63386,0
10.7347,-1.6404,0
10.8144,-1.60766,0
11.0624,-1.52526,0
11.1674,-1.51421,0
11.1322,-1.522,0
11.162,-1.51277,0
11.2381,-1.45954,0
11.9881,-1.41061,0
13.2617,-1.14696,0
