"Points:0","Points:1","Points:2"
2.48097,-0.04361,0
2.55618,0.01267,0
1.62842,0.06799,0
2.96839,0.08652,0
1.76981,0.0526,0
2.38489,-0.06491,0
3.01978,0.06883,0
3.04308,0.04195,0
2.86432,0.10788,0
1.33782,0.05336,0
2.48688,-0.01976,0
1.47039,0.10759,0
0.5349,-0.08127,0
3.04656,0.0634,0
2.0628,-0.03192,0
0.31971,-0.06103,0
2.49385,-0.03516,0
