"Points:0","Points:1","Points:2"
1.26324,-0.01107,0
2.96868,-0.1868,0
3.06517,-0.20919,0
2.11471,0.10261,0
1.09555,-0.08924,0
2.82829,-0.11656,0
1.17962,-0.05894,0
1.35159,0.03198,0
2.23507,0.06106,0
3.24145,-0.2247,0
2.04083,0.13147,0
1.66707,0.09398,0
1.36514,0.03063,0
3.47168,-0.30668,0
3.11024,-0.19604,0
1.36885,0.02428,0
1.63809,0.09595,0
1.34369,0.02624,0
1.08782,-0.07237,0
2.80518,-0.11735,0
1.5246,0.08227,0
1.62461,0.10662,0
1.88329,0.11468,0
3.60671,-0.34078,0
3.60805,-0.32812,0
