"Points:0","Points:1","Points:2"
3.06402,-0.07444,0
2.15754,-0.04012,0
2.96086,-0.18488,0
2.90028,-0.26074,0
2.44936,-0.24626,0
3.39433,0.13003,0
2.48662,-0.25223,0
2.08492,0.01536,0
2.24684,-0.09006,0
3.57179,0.0744,0
3.71189,-0.51197,0
3.68533,-0.51701,0
3.75908,-0.52245,0
3.77714,-0.52483,0
3.69865,-0.01302,0
3.95713,-0.33155,0
3.93715,-0.24251,0
3.96365,-0.28936,0
