"Points:0","Points:1","Points:2"
8.70072,-1.18172,0
9.73744,-1.38539,0
10.0432,-1.51417,0
