"Points:0","Points:1","Points:2"
2.50327,-0.06255,0
2.03512,-0.00787,0
1.20422,0.04358,0
0.2621,0.10113,0
2.95456,0.09053,0
3.01978,0.06883,0
2.70263,-0.00082,0
1.90969,0.02173,0
1.72115,-0.03478,0
0.53973,0.03802,0
0.77737,0.03613,0
2.84279,0.12035,0
1.41262,-0.02333,0
0.41284,0.04872,0
1.50843,-0.0246,0
1.26611,0.03035,0
2.44554,-0.05905,0
0.59971,0.03242,0
3.00677,0.0885,0
0.34715,0.07693,0
2.18608,-0.02607,0
2.658,-0.02726,0
0.62184,0.01593,0
1.98802,0.00475,0
2.33056,-0.04456,0
