"Points:0","Points:1","Points:2"
1.29811,0.01806,0
2.51944,-0.03158,0
0.98192,0.02839,0
1.36514,0.03063,0
2.18467,0.06936,0
1.89568,0.03052,0
2.10216,0.07704,0
1.94509,0.05582,0
0.78923,0.04433,0
0.75176,0.0205,0
2.48922,-0.00248,0
1.73489,0.03004,0
3.17212,-0.12807,0
0.87521,0.03094,0
2.22121,0.08898,0
