"Points:0","Points:1","Points:2"
10.8935,-1.6585,0
11.0433,-1.64512,0
10.9531,-1.65621,0
11.2151,-1.57502,0
11.2853,-1.56135,0
11.3238,-1.53996,0
11.7313,-1.32459,0
11.8229,-1.30703,0
11.9558,-1.24711,0
12.2096,-1.27565,0
12.2228,-1.27241,0
12.5554,-1.32613,0
12.7813,-1.26174,0
12.9365,-1.23131,0
13.1251,-1.16823,0
13.4563,-0.96166,0
