"Points:0","Points:1","Points:2"
3.33016,-1.01064,0
3.08459,-1.23646,0
3.30654,-1.01331,0
2.90099,-1.40944,0
2.905,-1.40453,0
2.91728,-1.41007,0
2.89111,-1.40672,0
3.07549,-1.26749,0
3.80214,-0.50286,0
3.87347,-0.42305,0
3.91947,-0.31313,0
3.88152,-0.37833,0
4.0105,-0.19389,0
4.04783,-0.10982,0
4.09377,0.24315,0
4.03749,-0.03429,0
4.07151,0.04191,0
2.75322,-1.5693,0
2.58309,-1.79674,0
2.72157,-1.63132,0
