"Points:0","Points:1","Points:2"
3.16031,0.11427,0
2.91791,-0.27578,0
2.15754,-0.04012,0
2.96086,-0.18488,0
1.76981,0.0526,0
2.17435,-0.06366,0
2.39388,-0.26471,0
3.26139,0.14807,0
2.65212,-0.39787,0
2.33819,-0.17573,0
3.01691,-0.04612,0
2.58143,-0.39576,0
2.02611,0.0067,0
1.859,0.06657,0
3.27444,0.12475,0
2.75999,-0.41976,0
1.81795,0.04522,0
2.41997,-0.25939,0
2.68356,-0.38416,0
3.79958,-0.40622,0
3.80412,-0.39441,0
