"Points:0","Points:1","Points:2"
3.06402,-0.07444,0
3.0439,-0.13276,0
2.76569,-0.43094,0
3.06416,-0.13263,0
3.26139,0.14807,0
2.97462,-0.33393,0
2.84308,-0.40222,0
3.16671,0.18691,0
3.486,0.19213,0
1.47039,0.10759,0
3.04277,-0.17037,0
2.75999,-0.41976,0
3.06214,0.17101,0
3.02681,-0.23716,0
3.05016,0.14665,0
