"Points:0","Points:1","Points:2"
20.2391,4.52309,0
20.3638,4.6677,0
20.3415,4.62846,0
20.3208,4.60723,0
20.5907,4.83967,0
20.7084,4.94274,0
20.8698,5.15869,0
21.037,5.59312,0
21.0546,5.61066,0
21.0676,5.69122,0
21.0631,5.68922,0
21.1377,5.90247,0
21.3306,6.26932,0
21.3526,6.30383,0
21.5197,6.68176,0
