"Points:0","Points:1","Points:2"
3.47821,0.01971,0
3.43357,0.02206,0
3.45162,-0.94592,0
3.3055,-0.04678,0
3.17625,-1.31853,0
3.21641,-1.28014,0
3.5335,-0.81959,0
3.62875,-0.73936,0
3.88006,-0.54109,0
4.0601,-0.19617,0
4.08067,-0.14874,0
4.05491,-0.0467,0
4.0932,-0.09903,0
