"Points:0","Points:1","Points:2"
21.066,6.00549,0
21.0984,6.09271,0
21.1658,6.22607,0
21.2658,6.45552,0
21.2181,6.3207,0
21.3041,6.51121,0
21.3129,6.53688,0
21.4052,6.61725,0
21.5437,6.70035,0
21.6405,6.75934,0
21.7958,6.80424,0
22.017,6.94788,0
22.0307,6.97394,0
22.2086,7.0852,0
