"Points:0","Points:1","Points:2"
14.2717,-0.5497,0
14.3649,-0.20502,0
14.4292,-0.09132,0
14.4918,0.03882,0
14.5145,0.09394,0
14.5645,0.18255,0
14.6164,0.28295,0
14.6587,0.4575,0
14.7069,0.51661,0
15.1403,0.99344,0
15.1346,1.00277,0
15.203,1.05686,0
15.2057,1.03826,0
15.2215,1.04367,0
15.2757,1.05999,0
15.3361,1.11471,0
15.573,1.18012,0
15.8837,1.16443,0
16.1226,1.11994,0
16.1364,1.12247,0
16.1621,1.11762,0
16.1127,1.13021,0
16.1332,1.13081,0
