"Points:0","Points:1","Points:2"
21.4531,6.72371,0
21.2749,6.68222,0
21.8706,6.8106,0
22.0168,6.87589,0
22.0932,6.94119,0
22.226,7.06297,0
22.2241,7.07501,0
22.3507,7.15766,0
22.7763,7.28932,0
22.8908,7.31532,0
23.1044,7.3754,0
23.1913,7.41705,0
