"Points:0","Points:1","Points:2"
3.39107,-0.89757,0
3.41837,-0.88152,0
3.38911,-0.96371,0
3.46349,-0.83899,0
3.60677,-0.64994,0
3.62658,-0.59609,0
3.68533,-0.51701,0
2.77272,-1.49563,0
2.766,-1.52687,0
4.00146,-0.34099,0
3.98074,-0.32978,0
2.32485,-2.07403,0
2.58499,-1.7824,0
2.45952,-1.93064,0
2.69465,-1.6806,0
2.54009,-1.83563,0
