"Points:0","Points:1","Points:2"
16.2503,1.65897,0
16.3145,1.68276,0
16.3505,1.7408,0
16.3454,1.72063,0
16.7987,2.0787,0
16.8607,2.14089,0
17.0625,2.2688,0
17.1192,2.25874,0
17.3648,2.32244,0
17.567,2.3203,0
17.5452,2.34237,0
17.8806,2.38866,0
17.9769,2.43371,0
18.0363,2.56587,0
18.1077,2.74251,0
18.1016,2.79093,0
18.1897,3.07617,0
18.2128,3.16415,0
