"Points:0","Points:1","Points:2"
6.20328,-1.76679,0
6.27078,-1.63255,0
6.4653,-1.51401,0
6.47981,-1.5039,0
6.84845,-1.31909,0
6.75513,-1.35768,0
6.85393,-1.33285,0
7.15437,-1.18844,0
7.09034,-1.24225,0
7.36682,-1.11757,0
7.59316,-1.05566,0
7.80171,-1.01815,0
8.04158,-1.04462,0
8.17552,-1.0693,0
8.40654,-1.13712,0
8.59633,-1.18595,0
8.63929,-1.21356,0
8.77234,-1.26883,0
8.82431,-1.26149,0
8.84457,-1.27624,0
8.85165,-1.27466,0
