"Points:0","Points:1","Points:2"
20.26,4.66068,0
20.3499,4.72403,0
20.4304,4.76695,0
20.4025,4.74924,0
20.8442,5.11155,0
20.8987,5.20887,0
21.0041,5.46596,0
21.0207,5.5358,0
21.0619,5.59751,0
21.1779,5.92022,0
