"Points:0","Points:1","Points:2"
2.60848,-0.04361,0
4.46746,-0.55516,0
