"Points:0","Points:1","Points:2"
18.9151,2.95512,0
18.9111,2.92328,0
18.9371,3.01174,0
19.0219,3.18515,0
18.97,3.06785,0
19.6868,4.01648,0
19.6999,4.03068,0
19.792,4.08657,0
19.8602,4.13192,0
19.9861,4.23031,0
20.0381,4.27374,0
20.3689,4.61072,0
