"Points:0","Points:1","Points:2"
16.1686,1.52056,0
16.2479,1.57009,0
16.3626,1.6016,0
16.4228,1.65093,0
16.6328,1.75757,0
16.6515,1.77152,0
16.9598,1.99198,0
17.1139,2.19811,0
17.2989,2.30432,0
17.3233,2.32095,0
17.5452,2.34237,0
17.9603,2.57465,0
18.1021,2.7546,0
18.1008,2.83363,0
