"Points:0","Points:1","Points:2"
18.6646,2.66125,0
18.8151,2.77962,0
19.0912,3.16577,0
19.1264,3.28547,0
19.0804,3.17592,0
19.3098,3.66581,0
19.3002,3.64507,0
19.272,3.5894,0
19.735,4.0673,0
19.8503,4.14135,0
19.921,4.21747,0
19.938,4.2151,0
19.9861,4.23031,0
20.1041,4.36672,0
20.1243,4.36724,0
20.1145,4.34814,0
20.2986,4.53968,0
20.4188,4.66248,0
20.403,4.81149,0
20.4205,4.79953,0
