"Points:0","Points:1","Points:2"
3.48722,-0.90125,0
3.07521,-1.40073,0
3.75908,-0.52245,0
3.96365,-0.28936,0
3.9172,0.49887,0
4.06341,-0.06891,0
