"Points:0","Points:1","Points:2"
4.03708,-0.46792,0
4.21688,-0.57156,0
4.43898,-0.66967,0
4.61332,-0.73622,0
4.62818,-0.75268,0
4.87834,-0.84746,0
5.02828,-0.9451,0
5.11596,-0.99241,0
5.36006,-1.14445,0
5.43406,-1.16519,0
5.76755,-1.25959,0
5.78808,-1.28102,0
6.2295,-1.37945,0
6.24141,-1.39408,0
