"Points:0","Points:1","Points:2"
0.81518,0.05854,0
1.63713,-0.05177,0
0.9478,0.04141,0
2.60848,-0.04361,0
0.71111,0.02976,0
0.64098,0.04007,0
2.17435,-0.06366,0
1.3868,-0.01584,0
0.46515,0.03321,0
2.38489,-0.06491,0
3.04308,0.04195,0
1.79753,-0.04755,0
2.81841,0.00904,0
3.20647,0.08254,0
3.27444,0.12475,0
1.44253,-0.02386,0
0.87486,0.04862,0
0.52375,0.02372,0
2.30528,-0.03803,0
2.63128,-0.04083,0
