"Points:0","Points:1","Points:2"
3.26309,-1.15039,0
3.29333,-1.10708,0
3.53086,-0.86515,0
3.75908,-0.52245,0
3.77714,-0.52483,0
