"Points:0","Points:1","Points:2"
2.15754,-0.04012,0
2.96839,0.08652,0
3.36227,0.08888,0
3.40029,0.08941,0
3.30066,0.06588,0
2.19098,-0.03134,0
1.49985,0.12663,0
1.37837,0.1373,0
1.14153,0.17852,0
3.87484,0.34683,0
