"Points:0","Points:1","Points:2"
2.03512,-0.00787,0
1.92295,-0.00752,0
2.08139,0.00211,0
1.30033,0.01342,0
0.12356,0.00725,0
1.55277,0.00666,0
1.629,0.00521,0
0.72889,-0.01104,0
2.45006,0.00188,0
2.08825,0.00496,0
