"Points:0","Points:1","Points:2"
1.57687,0.0376,0
2.48688,-0.01976,0
1.808,0.03022,0
1.89774,0.03246,0
