"Points:0","Points:1","Points:2"
2.79203,-0.82554,0
2.71508,-0.8548,0
2.77369,-0.8384,0
3.32415,-0.86874,0
2.99305,-0.82833,0
3.34992,-0.88475,0
2.52713,-1.28253,0
2.76324,-1.49343,0
2.30944,-2.02313,0
2.2989,-2.04566,0
2.23978,-2.13799,0
2.19648,-2.17671,0
2.21705,-2.15566,0
2.05387,-2.32285,0
2.05474,-2.33034,0
2.66574,-1.77563,0
1.96027,-2.381,0
