"Points:0","Points:1","Points:2"
17.3807,2.26527,0
17.3743,2.27201,0
17.5128,2.28381,0
17.5762,2.30417,0
17.5494,2.29869,0
17.6249,2.32779,0
17.8963,2.4587,0
18.0354,2.5336,0
18.0364,2.54105,0
18.1395,2.62962,0
18.2496,2.92939,0
18.615,3.43061,0
18.5517,3.40266,0
18.9051,3.75725,0
18.9239,3.74735,0
18.9436,3.77622,0
19.0595,3.96131,0
