"Points:0","Points:1","Points:2"
20.9228,5.70244,0
20.9155,5.7,0
21.0135,5.8512,0
21.0078,5.87228,0
21.0389,5.92967,0
21.1355,6.08034,0
21.2,6.19225,0
21.1886,6.13621,0
21.1759,6.14989,0
21.3024,6.35168,0
21.2214,6.2421,0
21.5079,6.65805,0
21.5437,6.70035,0
21.6162,6.77085,0
21.5329,6.66623,0
21.5387,6.68393,0
21.8267,6.88369,0
21.9116,6.92379,0
22.1985,7.10145,0
22.2399,7.12182,0
22.2215,7.09147,0
22.4704,7.26866,0
