"Points:0","Points:1","Points:2"
1.69878,0.03522,0
1.00341,-0.03818,0
0.86217,-0.0362,0
0.62166,-0.07383,0
3.04308,0.04195,0
0.5349,-0.08127,0
2.96101,0.03205,0
0.65207,-0.05754,0
0.31971,-0.06103,0
0.21386,-0.0553,0
