"Points:0","Points:1","Points:2"
3.35419,-1.17771,0
2.96086,-0.18488,0
3.06416,-0.13263,0
2.75999,-0.41976,0
2.72296,-0.54185,0
3.46349,-0.83899,0
3.96365,-0.28936,0
