"Points:0","Points:1","Points:2"
3.26309,-1.15039,0
3.29333,-1.10708,0
3.48722,-0.90125,0
3.38911,-0.96371,0
2.95602,-1.52772,0
3.77714,-0.52483,0
3.78186,0.48218,0
4.0291,-0.13873,0
3.96365,-0.28936,0
3.90267,0.35781,0
3.96776,0.2561,0
4.05687,-0.03562,0
