"Points:0","Points:1","Points:2"
2.45314,-0.97809,0
2.71508,-0.8548,0
2.77369,-0.8384,0
3.32415,-0.86874,0
3.05907,-0.85275,0
2.58952,-1.29311,0
2.57142,-1.29785,0
2.60119,-1.32233,0
2.52713,-1.28253,0
2.30944,-2.02313,0
2.2989,-2.04566,0
2.23978,-2.13799,0
2.19648,-2.17671,0
2.21705,-2.15566,0
2.05387,-2.32285,0
2.05474,-2.33034,0
2.66574,-1.77563,0
2.68229,-1.73857,0
1.96027,-2.381,0
