"Points:0","Points:1","Points:2"
2.15754,-0.04012,0
2.37379,-0.15982,0
1.76981,0.0526,0
3.01691,-0.04612,0
3.46086,0.16453,0
1.859,0.06657,0
3.16671,0.18691,0
3.486,0.19213,0
1.77729,0.04121,0
1.94708,0.05216,0
