"Points:0","Points:1","Points:2"
19.1976,3.45118,0
19.2159,3.4811,0
19.6562,3.99354,0
19.6868,4.01648,0
19.9365,4.11266,0
19.876,4.06188,0
19.9924,4.15793,0
20.1386,4.31843,0
20.2763,4.41641,0
20.3161,4.43786,0
20.3939,4.61146,0
20.4491,4.82498,0
20.4672,4.89854,0
20.4856,4.92232,0
20.5712,4.97368,0
20.7077,5.1505,0
20.694,5.1147,0
20.7238,5.16086,0
20.7934,5.22758,0
