"Points:0","Points:1","Points:2"
3.47401,-0.89304,0
3.37597,-0.96932,0
3.37036,-0.98931,0
3.03766,-1.32815,0
3.10674,-1.25607,0
3.02275,-1.35691,0
3.73558,-0.53831,0
3.71695,-0.56679,0
3.71963,-0.57301,0
3.69977,-0.59883,0
2.93278,-1.4625,0
2.89225,-1.52789,0
2.84337,-1.5463,0
2.84235,-1.56791,0
3.85107,-0.43611,0
3.85812,-0.4612,0
3.8883,-0.4094,0
4.00896,-0.18319,0
3.95839,-0.2731,0
3.97632,-0.29056,0
4.0996,0.19602,0
4.06603,0.00559,0
4.12007,0.29824,0
2.68667,-1.74436,0
2.7635,-1.68071,0
