"Points:0","Points:1","Points:2"
2.69894,-0.06134,0
1.63159,0.07871,0
0.91712,-0.16208,0
3.35065,-0.22425,0
2.21586,0.09154,0
2.82957,-0.11367,0
1.35076,-0.01381,0
2.31722,0.07954,0
1.29686,-0.02215,0
1.6476,0.07303,0
3.24145,-0.2247,0
1.98267,0.12124,0
2.9089,-0.13292,0
3.12936,-0.18584,0
2.84214,-0.11765,0
1.75609,0.11159,0
3.01696,-0.14622,0
3.13654,-0.18411,0
1.68187,0.0626,0
1.57181,0.04444,0
2.22121,0.08898,0
3.61184,-0.23835,0
3.61958,-0.24054,0
