"Points:0","Points:1","Points:2"
2.55618,0.01267,0
2.81538,0.06635,0
1.83432,0.01211,0
0.31445,-0.01322,0
0.53583,-0.01797,0
2.08492,0.01536,0
0.85756,0.03282,0
1.44253,-0.02386,0
2.50953,-0.00078,0
2.63172,0.00307,0
2.70556,0.04638,0
0.07475,0.0127,0
2.36356,-0.01279,0
1.7213,-0.01287,0
