"Points:0","Points:1","Points:2"
9.47845,-1.12878,0
9.63254,-1.15144,0
9.70253,-1.15154,0
9.97658,-1.18989,0
9.92929,-1.1712,0
10.014,-1.20816,0
10.6104,-1.42517,0
10.8547,-1.49593,0
10.908,-1.48922,0
11.0711,-1.44692,0
11.3622,-1.42092,0
11.403,-1.40898,0
11.4986,-1.45961,0
11.7926,-1.61482,0
11.8489,-1.65402,0
11.8918,-1.64624,0
11.8893,-1.67356,0
11.9548,-1.68496,0
