"Points:0","Points:1","Points:2"
1.62591,0.06653,0
1.17917,0.21666,0
2.80964,-0.23263,0
3.02766,-0.02666,0
1.79836,-0.0433,0
2.91521,-0.17415,0
1.90956,-0.09561,0
3.05254,0.02491,0
2.92072,-0.13883,0
3.25346,0.16882,0
2.96067,-0.0898,0
1.4266,0.17304,0
3.42874,0.18179,0
2.48975,-0.13845,0
1.12018,0.22858,0
2.33837,-0.07377,0
1.80477,-0.062,0
1.41825,0.16221,0
1.06237,0.2433,0
3.38886,0.14531,0
1.48591,0.17091,0
1.29216,0.20119,0
2.80118,-0.22893,0
