"Points:0","Points:1","Points:2"
2.50552,-0.1232,0
4.46746,-0.55516,0
4.74006,-0.40278,0
