"Points:0","Points:1","Points:2"
19.498,3.88593,0
20.936,5.50189,0
