"Points:0","Points:1","Points:2"
7.59364,-0.93976,0
7.73397,-0.97964,0
9.10359,-1.31111,0
