"Points:0","Points:1","Points:2"
21.7193,7.01528,0
21.654,7.02707,0
21.9535,7.03302,0
22.2485,7.04922,0
22.2613,7.05487,0
22.3244,7.06009,0
22.4573,7.08002,0
22.8328,7.22008,0
22.8547,7.22934,0
22.8687,7.21909,0
22.9373,7.2763,0
23.0802,7.32389,0
23.1543,7.35651,0
23.3002,7.4632,0
23.4299,7.61574,0
23.4967,7.62047,0
23.5676,7.65082,0
23.6328,7.69152,0
23.9594,7.74997,0
23.9384,7.73625,0
24.1701,7.7819,0
