"Points:0","Points:1","Points:2"
21.7315,6.7874,0
21.7964,6.85787,0
22.3199,7.13719,0
22.4965,7.23641,0
22.4185,7.16689,0
22.5651,7.26714,0
22.6348,7.2803,0
22.8503,7.32582,0
22.8267,7.31022,0
22.9644,7.32415,0
23.0614,7.33571,0
23.0305,7.33381,0
23.0605,7.3346,0
23.1197,7.36323,0
23.3002,7.4632,0
23.3444,7.49826,0
23.5487,7.62349,0
23.5912,7.65645,0
23.6328,7.69152,0
23.6566,7.69888,0
23.6807,7.71352,0
23.6922,7.74711,0
23.8101,7.86511,0
23.8016,7.86175,0
