"Points:0","Points:1","Points:2"
3.27544,-0.38291,0
2.35705,0.01676,0
1.86756,0.08224,0
2.3562,0.0257,0
2.10216,0.07704,0
2.21375,0.07885,0
2.11984,0.0941,0
2.40631,-0.00998,0
3.48722,-0.50017,0
2.86577,-0.1624,0
2.07309,0.08564,0
1.64677,0.11484,0
1.93688,0.08402,0
2.79445,-0.12456,0
3.58199,-0.49257,0
3.65026,-0.50047,0
3.77228,-0.47829,0
3.84039,-0.47821,0
4.00764,-0.45293,0
4.16483,-0.57191,0
4.19316,-0.5874,0
