"Points:0","Points:1","Points:2"
2.59648,-0.82626,0
2.49414,-0.98891,0
2.63647,-0.75471,0
2.57425,-0.84533,0
2.766,-1.52687,0
2.2989,-2.04566,0
2.23978,-2.13799,0
2.21705,-2.15566,0
2.58499,-1.7824,0
2.54009,-1.83563,0
2.66574,-1.77563,0
2.71372,-1.77578,0
2.11977,-2.42347,0
2.11316,-2.40394,0
2.0962,-2.42799,0
2.09789,-2.48395,0
2.07669,-2.59343,0
2.05135,-2.6249,0
1.9717,-2.72397,0
