"Points:0","Points:1","Points:2"
6.92556,-1.24159,0
6.94049,-1.21287,0
6.96388,-1.21242,0
7.33806,-1.09232,0
7.34415,-1.09976,0
7.47918,-1.0377,0
7.49255,-1.04122,0
7.64137,-0.97941,0
7.91204,-0.98358,0
8.0333,-1.04328,0
8.10845,-1.07836,0
8.44872,-1.13918,0
8.54612,-1.18862,0
8.70784,-1.23364,0
8.63046,-1.18598,0
8.6386,-1.20287,0
8.70023,-1.21371,0
8.79333,-1.23244,0
9.15066,-1.31358,0
9.19814,-1.34791,0
9.31609,-1.38985,0
9.2951,-1.37962,0
9.274,-1.38703,0
