"Points:0","Points:1","Points:2"
2.39156,-0.02262,0
1.70982,0.18454,0
3.48424,0.14007,0
1.90815,0.07188,0
2.58324,-0.02216,0
2.64387,-0.00448,0
1.68456,0.18825,0
2.0265,-0.01576,0
1.69686,0.15481,0
2.95825,0.07568,0
3.3925,0.11951,0
2.46374,-0.03137,0
1.77344,0.11835,0
2.85581,0.05593,0
1.65366,0.22075,0
3.39521,0.1015,0
1.61003,0.22771,0
2.49256,-0.03936,0
3.53874,0.15311,0
3.5436,0.18999,0
3.57281,0.17546,0
3.70747,0.2561,0
3.74139,0.27785,0
3.90962,0.33971,0
4.15432,0.36473,0
