"Points:0","Points:1","Points:2"
21.238,6.37288,0
21.287,6.40556,0
21.143,6.30239,0
21.3533,6.50137,0
22.4191,7.26779,0
22.491,7.36129,0
22.4998,7.38025,0
22.5071,7.38886,0
22.4236,7.29831,0
22.7309,7.70821,0
22.8298,7.80848,0
22.9442,7.85966,0
23.2556,7.91782,0
23.1606,7.91233,0
23.2586,7.93285,0
23.3327,7.92473,0
