"Points:0","Points:1","Points:2"
3.0439,-0.13276,0
2.76569,-0.43094,0
2.96086,-0.18488,0
3.06416,-0.13263,0
2.84818,-0.2727,0
3.4502,-0.95164,0
3.25366,-0.04004,0
2.75999,-0.41976,0
2.72296,-0.54185,0
3.70429,-0.57563,0
3.75908,-0.52245,0
3.77714,-0.52483,0
3.69865,-0.01302,0
3.83384,-0.46788,0
3.95713,-0.33155,0
4.0291,-0.13873,0
4.04292,-0.18512,0
4.04476,-0.21284,0
4.05237,-0.20312,0
3.98074,-0.32978,0
