"Points:0","Points:1","Points:2"
5.00642,-0.67661,0
5.11954,-0.76889,0
5.11853,-0.7534,0
5.16738,-0.81502,0
5.30613,-0.93328,0
5.20783,-0.82075,0
5.33527,-0.98456,0
5.34629,-1.00539,0
5.42261,-1.09541,0
5.69293,-1.20636,0
5.63679,-1.17973,0
6.03287,-1.30802,0
6.0735,-1.31179,0
6.28506,-1.33499,0
6.24584,-1.35679,0
6.34722,-1.32392,0
6.5655,-1.30358,0
6.56295,-1.31461,0
7.24101,-1.19857,0
7.29442,-1.19249,0
7.40055,-1.15434,0
7.46322,-1.14217,0
