"Points:0","Points:1","Points:2"
21.1009,6.08297,0
21.147,6.27513,0
21.2122,6.46309,0
21.1847,6.45597,0
21.2154,6.48172,0
22.0382,6.96749,0
22.3332,7.20577,0
22.3426,7.23092,0
22.513,7.40529,0
