"Points:0","Points:1","Points:2"
19.2468,3.5007,0
19.3338,3.71217,0
19.5779,3.92359,0
