"Points:0","Points:1","Points:2"
3.34871,-0.96468,0
3.15157,-1.17283,0
3.22275,-1.07747,0
3.48281,-0.80731,0
3.17313,-1.16903,0
3.07549,-1.26749,0
3.06359,-1.27487,0
3.6707,-0.64496,0
3.67503,-0.67618,0
2.93278,-1.4625,0
2.95315,-1.46026,0
3.86214,-0.44897,0
3.88849,-0.37397,0
3.94276,-0.28743,0
3.96955,-0.21039,0
4.00602,-0.16248,0
3.95302,-0.29949,0
4.04761,-0.1223,0
4.15296,0.16688,0
4.0717,-0.01699,0
2.73258,-1.59885,0
2.56205,-1.79136,0
2.76353,-1.5877,0
