"Points:0","Points:1","Points:2"
2.91791,-0.27578,0
3.0439,-0.13276,0
2.57828,-0.74137,0
2.70976,-0.61101,0
3.06416,-0.13263,0
3.52677,-0.68896,0
3.5896,0.03207,0
3.76866,-0.0003,0
4.05237,-0.20312,0
4.05319,-0.26136,0
