"Points:0","Points:1","Points:2"
20.8442,5.53769,0
20.8893,5.67814,0
21.2415,6.21566,0
21.1863,6.13968,0
21.3597,6.42536,0
21.4031,6.46198,0
22.0896,7.01096,0
22.226,7.06297,0
22.521,7.14977,0
22.6132,7.20263,0
22.6212,7.20719,0
