"Points:0","Points:1","Points:2"
20.9694,5.66777,0
21.0342,5.80721,0
21.095,6.06923,0
21.1251,6.24122,0
21.2472,6.43167,0
21.1972,6.36307,0
21.2728,6.48972,0
21.6039,6.72736,0
21.616,6.73992,0
21.864,6.87251,0
22.0061,6.9997,0
22.0019,7.00316,0
21.9921,6.98795,0
22.1616,7.12895,0
