"Points:0","Points:1","Points:2"
13.0188,-1.29475,0
13.0263,-1.31391,0
13.1107,-1.23147,0
14.1622,-0.2265,0
14.2334,-0.05068,0
14.3774,0.15288,0
14.4024,0.19385,0
14.424,0.19995,0
14.4846,0.33198,0
14.5703,0.44322,0
14.5476,0.4459,0
14.591,0.48016,0
