"Points:0","Points:1","Points:2"
11.7512,-1.27534,0
11.7955,-1.30954,0
11.825,-1.31522,0
11.9686,-1.35544,0
11.9227,-1.3372,0
12.18,-1.36283,0
12.2624,-1.34032,0
13.2957,-1.03544,0
13.2526,-1.07386,0
13.3784,-1.02158,0
13.5545,-0.90121,0
13.6512,-0.80481,0
13.6677,-0.78032,0
13.7406,-0.65079,0
13.8029,-0.52654,0
13.802,-0.56209,0
