"Points:0","Points:1","Points:2"
18.0814,2.4396,0
18.488,2.94406,0
18.469,2.93398,0
18.5965,3.03994,0
18.6131,3.07666,0
18.6509,3.1084,0
18.9007,3.34668,0
18.8218,3.28083,0
19.0812,3.47231,0
19.1212,3.48224,0
19.3318,3.66184,0
19.9645,4.10707,0
19.9186,4.10366,0
19.9202,4.0884,0
20.0107,4.11147,0
20.1647,4.14956,0
20.2768,4.22904,0
20.1876,4.17996,0
