"Points:0","Points:1","Points:2"
3.06402,-0.07444,0
3.0439,-0.13276,0
1.76981,0.0526,0
2.17435,-0.06366,0
3.49301,0.06148,0
3.06416,-0.13263,0
2.48662,-0.25223,0
2.19098,-0.03134,0
2.58143,-0.39576,0
2.08492,0.01536,0
2.84308,-0.40222,0
2.24684,-0.09006,0
2.75999,-0.41976,0
1.94708,0.05216,0
3.57179,0.0744,0
