"Points:0","Points:1","Points:2"
1.93337,0.13716,0
2.86563,-0.15296,0
1.26324,-0.01107,0
2.0181,0.11785,0
3.35065,-0.22425,0
2.20518,0.06658,0
2.19997,0.04608,0
2.36688,-0.00269,0
2.5474,-0.02454,0
2.81061,-0.12097,0
2.17159,0.06273,0
2.33967,0.01274,0
3.28213,-0.2214,0
2.37343,0.00266,0
2.3982,-0.01043,0
3.38786,-0.24648,0
3.31896,-0.22876,0
3.58396,-0.32439,0
3.6995,-0.3545,0
