"Points:0","Points:1","Points:2"
2.75845,-0.2503,0
3.08705,-0.2509,0
2.82396,-0.28265,0
3.14389,-0.28968,0
3.14785,-0.25745,0
2.95693,-0.24876,0
2.48824,-0.22249,0
3.30171,-0.31061,0
2.68116,-0.2296,0
3.39011,-0.35826,0
3.52847,-0.39282,0
3.62722,-0.44413,0
4.08132,-0.57113,0
4.22726,-0.5808,0
4.6223,-0.48563,0
4.67315,-0.48639,0
4.72519,-0.48937,0
4.80103,-0.50524,0
4.92056,-0.50886,0
5.06361,-0.50817,0
