"Points:0","Points:1","Points:2"
13.8566,-0.8703,0
13.8859,-0.78252,0
13.8317,-0.99595,0
13.8828,-0.75617,0
13.845,-0.8934,0
13.9888,-0.62649,0
13.9894,-0.64683,0
13.9801,-0.64029,0
14.0699,-0.5455,0
14.8664,0.70116,0
14.8486,0.72628,0
14.9555,0.78432,0
14.8848,0.74733,0
14.8838,0.72403,0
15.1644,0.87924,0
15.277,0.94044,0
15.5568,1.03015,0
15.519,1.02494,0
15.6439,1.04465,0
15.5884,1.05358,0
