"Points:0","Points:1","Points:2"
12.1697,-1.36828,0
12.2802,-1.39254,0
12.4423,-1.42686,0
12.6308,-1.40145,0
12.7098,-1.39704,0
12.7118,-1.41524,0
12.6016,-1.41089,0
12.5833,-1.42978,0
12.785,-1.37515,0
12.823,-1.39136,0
12.8208,-1.36466,0
13.0429,-1.29179,0
13.0433,-1.31723,0
13.2557,-1.18032,0
13.3101,-1.11592,0
13.7815,-0.72472,0
13.8015,-0.65124,0
