"Points:0","Points:1","Points:2"
1.69878,0.03522,0
2.55618,0.01267,0
1.0325,0.12177,0
1.35063,0.15097,0
2.15754,-0.04012,0
1.62842,0.06799,0
1.19616,0.17088,0
2.89579,0.14558,0
1.76981,0.0526,0
2.17435,-0.06366,0
1.76915,0.03914,0
1.42715,0.16064,0
1.17106,0.17191,0
1.49985,0.12663,0
1.06497,0.13706,0
2.02611,0.0067,0
3.17026,0.06808,0
2.24684,-0.09006,0
1.81795,0.04522,0
1.94708,0.05216,0
1.42172,0.16801,0
1.14153,0.17852,0
2.49385,-0.03516,0
3.75757,0.30379,0
