"Points:0","Points:1","Points:2"
2.59648,-0.82626,0
2.49414,-0.98891,0
2.40649,-1.191,0
2.57425,-0.84533,0
2.77272,-1.49563,0
2.23978,-2.13799,0
2.32485,-2.07403,0
2.58499,-1.7824,0
2.45952,-1.93064,0
2.54009,-1.83563,0
2.66574,-1.77563,0
2.80881,-1.63676,0
2.11316,-2.40394,0
2.0962,-2.42799,0
2.09789,-2.48395,0
2.05135,-2.6249,0
1.9717,-2.72397,0
