"Points:0","Points:1","Points:2"
3.40611,-1.18997,0
3.41837,-0.88152,0
3.38911,-0.96371,0
3.46349,-0.83899,0
3.60677,-0.64994,0
2.82048,-1.44627,0
2.85077,-1.42077,0
2.82379,-1.47495,0
2.766,-1.52687,0
3.75908,-0.52245,0
3.77714,-0.52483,0
3.95713,-0.33155,0
3.98074,-0.32978,0
4.05319,-0.26136,0
4.13175,-0.14829,0
4.17123,-0.07611,0
2.72146,-1.60787,0
2.58499,-1.7824,0
2.45952,-1.93064,0
2.69465,-1.6806,0
2.54009,-1.83563,0
2.6343,-1.74059,0
