"Points:0","Points:1","Points:2"
2.52243,-0.08616,0
2.15754,-0.04012,0
1.00341,-0.03818,0
1.76915,0.03914,0
0.3453,-0.08059,0
3.01978,0.06883,0
2.81841,0.00904,0
0.5349,-0.08127,0
3.04656,0.0634,0
2.96101,0.03205,0
1.81795,0.04522,0
0.65207,-0.05754,0
1.42555,0.03471,0
0.21386,-0.0553,0
