"Points:0","Points:1","Points:2"
19.3551,3.71567,0
19.279,3.62921,0
19.2759,3.59054,0
19.272,3.5894,0
19.3783,3.74224,0
19.6562,3.99354,0
19.5231,3.90346,0
19.9809,4.25487,0
20.0527,4.30887,0
20.3533,4.63604,0
20.2659,4.46359,0
20.3964,4.68701,0
20.4496,4.82882,0
