"Points:0","Points:1","Points:2"
18.9936,2.97245,0
19.0157,3.03754,0
19.2576,3.46362,0
19.3779,3.69052,0
19.6332,4.01343,0
19.6999,4.03068,0
19.9053,4.15413,0
19.9142,4.1756,0
20.0148,4.224,0
20.074,4.24228,0
20.4165,4.69049,0
20.4289,4.76954,0
20.408,4.74304,0
20.456,4.89331,0
20.5317,4.9985,0
