"Points:0","Points:1","Points:2"
3.92554,-0.24757,0
4.07755,-0.4625,0
4.03455,-0.36953,0
4.05803,-0.45733,0
4.22088,-0.54602,0
4.53123,-0.73894,0
4.5797,-0.77932,0
4.65142,-0.82268,0
4.6745,-0.81159,0
4.75099,-0.85073,0
5.00774,-0.8403,0
5.15435,-0.82609,0
5.06199,-0.82567,0
5.13233,-0.79355,0
5.21497,-0.8118,0
5.44659,-0.84369,0
