"Points:0","Points:1","Points:2"
2.86563,-0.15296,0
3.09597,-0.27112,0
2.17643,-0.01535,0
3.28639,-0.3578,0
1.9998,-0.04822,0
2.82957,-0.11367,0
2.50804,-0.01125,0
2.25851,-0.00013,0
2.26165,-0.00592,0
2.96273,-0.177,0
2.14888,-0.0175,0
2.83138,-0.13503,0
3.32163,-0.37238,0
3.24062,-0.34422,0
2.79927,-0.12582,0
2.86721,-0.14551,0
2.90361,-0.16632,0
3.05772,-0.2382,0
2.19028,-0.00643,0
2.47319,-0.0193,0
2.74465,-0.07537,0
4.42774,-0.55222,0
4.57,-0.51749,0
4.72519,-0.46982,0
4.7725,-0.45773,0
