"Points:0","Points:1","Points:2"
3.15311,-0.30299,0
2.72348,-0.22731,0
2.89844,-0.27069,0
2.76779,-0.239,0
2.53206,-0.20541,0
2.83123,-0.24832,0
3.58757,-0.38352,0
3.67405,-0.40546,0
3.64552,-0.39868,0
3.7093,-0.43314,0
4.02095,-0.55903,0
4.10945,-0.56923,0
4.21404,-0.58031,0
4.265,-0.56493,0
4.38063,-0.51534,0
4.40753,-0.51259,0
4.40623,-0.53201,0
4.52843,-0.48203,0
4.65976,-0.49099,0
4.72519,-0.46982,0
4.77995,-0.48414,0
4.77874,-0.47277,0
5.07294,-0.46026,0
