"Points:0","Points:1","Points:2"
4.99046,-0.64425,0
5.22308,-0.89869,0
5.34629,-1.00539,0
5.45147,-1.09044,0
5.55592,-1.14518,0
5.55995,-1.15383,0
5.62733,-1.20826,0
5.60549,-1.17602,0
5.88213,-1.3136,0
6.22141,-1.41629,0
6.46729,-1.36431,0
6.49886,-1.35517,0
6.84301,-1.26583,0
6.97203,-1.23887,0
7.25209,-1.20931,0
7.39957,-1.19835,0
