"Points:0","Points:1","Points:2"
14.2076,-0.2147,0
14.9403,0.78425,0
15.2966,1.00502,0
