"Points:0","Points:1","Points:2"
10.9808,-1.44751,0
12.0712,-1.76014,0
12.2578,-1.90399,0
