"Points:0","Points:1","Points:2"
18.7632,2.73169,0
18.6721,2.58317,0
18.732,2.71916,0
18.9915,3.17453,0
18.9371,3.06546,0
19.4319,3.79536,0
19.4634,3.83189,0
19.4455,3.83374,0
19.5102,3.87726,0
19.6384,3.96238,0
20.0062,4.22757,0
20.0918,4.30898,0
20.3631,4.59626,0
20.4863,4.66262,0
