"Points:0","Points:1","Points:2"
9.83814,-1.36935,0
10.0643,-1.50875,0
10.473,-1.60491,0
10.4825,-1.60892,0
10.5021,-1.59913,0
10.7524,-1.59848,0
10.6924,-1.58891,0
11.1627,-1.54544,0
11.2443,-1.54806,0
11.2761,-1.52344,0
11.3701,-1.49529,0
11.6331,-1.49674,0
11.8924,-1.5464,0
12.1823,-1.68538,0
12.3073,-1.75486,0
12.3205,-1.73215,0
12.4169,-1.80432,0
12.5506,-1.92695,0
12.5248,-1.91081,0
