"Points:0","Points:1","Points:2"
9.53693,-1.18989,0
9.65976,-1.21368,0
9.7047,-1.19999,0
9.76173,-1.21941,0
9.93903,-1.19535,0
9.97268,-1.20409,0
10.0921,-1.21519,0
10.2989,-1.28179,0
10.6249,-1.4767,0
10.6829,-1.49162,0
10.942,-1.51282,0
11.044,-1.46591,0
11.1731,-1.41718,0
11.3616,-1.45261,0
11.2905,-1.42817,0
11.6904,-1.55217,0
11.6768,-1.5099,0
11.7639,-1.55877,0
12.0755,-1.71174,0
12.1882,-1.7463,0
12.1345,-1.7308,0
