"Points:0","Points:1","Points:2"
3.04277,-0.17037,0
3.20759,-1.35312,0
3.27615,-1.26389,0
3.53086,-0.86515,0
3.73762,0.05305,0
4.04292,-0.18512,0
4.00146,-0.34099,0
4.01958,-0.35271,0
4.05319,-0.26136,0
