"Points:0","Points:1","Points:2"
2.15754,-0.04012,0
1.60382,-0.04361,0
0.71111,0.02976,0
0.46515,0.03321,0
2.38489,-0.06491,0
1.31892,-0.01007,0
1.79753,-0.04755,0
3.20647,0.08254,0
3.27444,0.12475,0
1.44253,-0.02386,0
0.87486,0.04862,0
0.52375,0.02372,0
2.83993,-0.03601,0
2.49385,-0.03516,0
