"Points:0","Points:1","Points:2"
10.2448,-1.85056,0
10.7787,-1.71309,0
10.8217,-1.71563,0
10.8713,-1.66704,0
11.0889,-1.63654,0
11.2443,-1.54806,0
11.4281,-1.45884,0
11.56,-1.4104,0
11.6688,-1.39339,0
11.6753,-1.38232,0
11.6493,-1.39769,0
11.7423,-1.35815,0
11.7959,-1.36138,0
12.1553,-1.31905,0
12.2586,-1.31928,0
12.6525,-1.28802,0
12.657,-1.30956,0
