"Points:0","Points:1","Points:2"
18.2103,2.74388,0
18.278,2.88783,0
18.4937,3.32326,0
18.8507,3.63502,0
18.8591,3.63056,0
18.852,3.62322,0
18.8639,3.64102,0
18.9773,3.71585,0
19.1092,3.84346,0
19.1021,3.85691,0
19.1803,3.92826,0
