"Points:0","Points:1","Points:2"
24.3021,7.30584,0
24.9259,7.84764,0
