"Points:0","Points:1","Points:2"
23.3952,7.40121,0
24.4338,7.59788,0
24.7447,7.70382,0
25.0736,7.91796,0
25.1359,7.96116,0
25.2799,8.05421,0
25.2809,8.0744,0
25.3099,8.10088,0
25.3914,8.17365,0
25.358,8.15103,0
25.4059,8.18801,0
25.4942,8.31757,0
25.525,8.37482,0
25.6039,8.49621,0
25.606,8.47883,0
25.7124,8.72462,0
25.7282,8.78847,0
