"Points:0","Points:1","Points:2"
3.0439,-0.13276,0
3.26139,0.14807,0
3.39433,0.13003,0
1.42854,0.01087,0
2.19098,-0.03134,0
3.01691,-0.04612,0
3.46086,0.16453,0
3.42712,0.16783,0
2.08492,0.01536,0
3.486,0.19213,0
3.04277,-0.17037,0
1.61867,-0.00266,0
3.27444,0.12475,0
1.77729,0.04121,0
1.94708,0.05216,0
2.95249,-0.30989,0
