"Points:0","Points:1","Points:2"
15.1515,1.13302,0
15.1548,1.13053,0
15.2692,1.16536,0
15.4216,1.18356,0
15.733,1.2236,0
16.1723,1.41795,0
16.6394,1.76154,0
16.9503,1.92694,0
17.0177,1.97637,0
17.232,2.06559,0
17.2367,2.06239,0
17.285,2.07818,0
17.2625,2.08784,0
17.2651,2.08824,0
17.5183,2.06102,0
17.5527,2.03363,0
