"Points:0","Points:1","Points:2"
1.54077,-0.03211,0
0.74044,0.04416,0
2.46277,-0.04241,0
0.48161,0.01878,0
1.01524,0.00011,0
1.03093,0.00452,0
2.76267,-0.00704,0
1.43698,-0.02329,0
0.40273,-0.00559,0
2.4085,-0.02467,0
2.58756,-0.02814,0
2.62395,-0.04553,0
1.82866,0.01029,0
1.35379,-0.02604,0
1.51661,-0.03824,0
1.94132,0.01216,0
1.26688,-0.03447,0
2.39079,-0.04797,0
2.658,-0.02726,0
