"Points:0","Points:1","Points:2"
3.08048,-0.06439,0
2.39388,-0.26471,0
3.30066,0.06588,0
2.93824,-0.18543,0
3.57179,0.0744,0
3.71189,-0.51197,0
3.68533,-0.51701,0
3.75908,-0.52245,0
3.77714,-0.52483,0
3.69865,-0.01302,0
3.96365,-0.28936,0
