"Points:0","Points:1","Points:2"
16.9889,2.19263,0
17.0941,2.20389,0
17.0235,2.18765,0
17.314,2.24529,0
17.3576,2.25307,0
17.4391,2.27992,0
17.4996,2.3023,0
17.8426,2.41147,0
18.1663,2.75209,0
18.2064,2.81719,0
18.1918,2.79736,0
18.2138,2.85098,0
18.4186,3.28264,0
18.3944,3.2565,0
18.4937,3.32326,0
18.5957,3.43212,0
18.5396,3.39993,0
