"Points:0","Points:1","Points:2"
11.2742,-1.61979,0
11.3405,-1.57912,0
11.4003,-1.50649,0
11.5665,-1.35966,0
11.7749,-1.30824,0
12.1207,-1.25559,0
12.2901,-1.30032,0
12.609,-1.32102,0
12.7235,-1.3308,0
12.9449,-1.29605,0
13.3345,-1.0989,0
