"Points:0","Points:1","Points:2"
3.46349,-0.83899,0
2.83181,-1.36344,0
2.87497,-1.26834,0
3.0043,-1.34911,0
3.27615,-1.26389,0
3.70429,-0.57563,0
2.83992,-1.45347,0
2.82048,-1.44627,0
2.82379,-1.47495,0
2.83287,-1.46167,0
2.766,-1.52687,0
3.77714,-0.52483,0
3.83384,-0.46788,0
4.13175,-0.14829,0
2.72146,-1.60787,0
2.58499,-1.7824,0
2.45952,-1.93064,0
2.69465,-1.6806,0
2.54009,-1.83563,0
2.6343,-1.74059,0
2.56481,-1.82967,0
