"Points:0","Points:1","Points:2"
1.58788,0.03413,0
2.17435,-0.06366,0
1.76915,0.03914,0
0.34693,-0.0803,0
0.3453,-0.08059,0
3.01978,0.06883,0
2.19112,-0.04931,0
2.81841,0.00904,0
2.02611,0.0067,0
0.93658,-0.01298,0
3.04656,0.0634,0
2.96101,0.03205,0
1.81795,0.04522,0
1.94708,0.05216,0
0.2885,-0.06964,0
0.21386,-0.0553,0
