"Points:0","Points:1","Points:2"
9.40568,-1.24872,0
9.43066,-1.25777,0
9.57762,-1.28037,0
9.95223,-1.2794,0
10.0971,-1.28732,0
10.6833,-1.45061,0
10.8559,-1.44288,0
10.9876,-1.43724,0
10.9838,-1.45462,0
11.0485,-1.4436,0
11.0865,-1.45023,0
11.2143,-1.41554,0
11.4316,-1.34776,0
11.5092,-1.35272,0
11.6536,-1.36888,0
11.7551,-1.36911,0
11.7446,-1.37743,0
