"Points:0","Points:1","Points:2"
15.4215,1.1803,0
16.0065,1.33028,0
17.711,2.22362,0
