"Points:0","Points:1","Points:2"
23.5343,7.46912,0
23.8563,7.5101,0
23.8554,7.50306,0
24.1694,7.52687,0
24.3342,7.57778,0
24.3872,7.5862,0
24.5549,7.62556,0
24.7764,7.72656,0
25.3099,8.10088,0
25.3914,8.17365,0
25.3717,8.16981,0
25.3571,8.12638,0
25.5106,8.34322,0
25.5418,8.38158,0
25.7543,8.72638,0
25.7579,8.71902,0
25.8018,8.76422,0
