"Points:0","Points:1","Points:2"
3.16031,0.11427,0
3.06402,-0.07444,0
3.0439,-0.13276,0
1.62842,0.06799,0
1.76981,0.0526,0
2.17435,-0.06366,0
3.04308,0.04195,0
2.19098,-0.03134,0
2.58143,-0.39576,0
2.08492,0.01536,0
2.24684,-0.09006,0
1.81795,0.04522,0
1.77729,0.04121,0
2.89799,-0.44076,0
3.08008,-0.23887,0
3.57179,0.0744,0
