"Points:0","Points:1","Points:2"
11.8651,-1.33988,0
11.8663,-1.33877,0
11.9148,-1.34651,0
11.9945,-1.36444,0
12.007,-1.33662,0
12.1662,-1.36807,0
12.3272,-1.39982,0
12.4814,-1.44606,0
12.9004,-1.38386,0
13.0396,-1.30604,0
13.2961,-1.17692,0
13.5917,-0.8607,0
13.5427,-0.95254,0
13.6882,-0.74842,0
13.764,-0.66908,0
13.8083,-0.59604,0
13.9054,-0.45701,0
13.9239,-0.44845,0
