"Points:0","Points:1","Points:2"
3.0439,-0.13276,0
2.76569,-0.43094,0
2.96086,-0.18488,0
3.06416,-0.13263,0
2.67449,-0.56394,0
2.68851,-0.51882,0
3.4502,-0.95164,0
2.75999,-0.41976,0
3.38911,-0.96371,0
3.38651,-0.04829,0
3.57639,-0.88513,0
3.5498,0.01625,0
3.75908,-0.52245,0
3.77714,-0.52483,0
3.73762,0.05305,0
3.74457,0.07087,0
3.82879,0.07676,0
3.83384,-0.46788,0
3.96365,-0.28936,0
3.96656,0.01264,0
4.06341,-0.06891,0
