"Points:0","Points:1","Points:2"
3.16031,0.11427,0
2.15754,-0.04012,0
2.96086,-0.18488,0
1.76981,0.0526,0
2.39388,-0.26471,0
2.65212,-0.39787,0
2.33819,-0.17573,0
3.04308,0.04195,0
2.58143,-0.39576,0
3.15441,0.11265,0
2.24684,-0.09006,0
1.81795,0.04522,0
2.41997,-0.25939,0
2.68356,-0.38416,0
2.29175,-0.15597,0
3.70855,-0.21055,0
3.75908,-0.52245,0
3.79958,-0.40622,0
3.80412,-0.39441,0
