"Points:0","Points:1","Points:2"
11.6475,-1.40701,0
11.6228,-1.42075,0
11.7446,-1.37743,0
11.949,-1.31148,0
12.177,-1.28942,0
12.1381,-1.27231,0
12.2101,-1.26266,0
12.2311,-1.28615,0
12.2926,-1.29004,0
12.4542,-1.33412,0
12.3932,-1.31789,0
12.6491,-1.31078,0
12.6453,-1.30429,0
12.5554,-1.32613,0
12.7675,-1.28486,0
12.8986,-1.25296,0
12.9353,-1.25418,0
