"Points:0","Points:1","Points:2"
8.24994,-1.16087,0
9.38852,-1.26969,0
