"Points:0","Points:1","Points:2"
13.9829,-0.62034,0
14.14,-0.37663,0
14.1572,-0.3015,0
14.2144,-0.22988,0
14.1832,-0.27661,0
14.3585,-0.01112,0
14.4959,0.24448,0
14.5251,0.2861,0
14.6461,0.4629,0
