"Points:0","Points:1","Points:2"
3.06517,-0.20919,0
2.20518,0.06658,0
1.39792,0.05856,0
1.46271,0.04971,0
1.51644,0.07058,0
1.30033,0.01342,0
3.25298,-0.22478,0
2.11984,0.0941,0
1.213,-0.02794,0
1.17477,-0.02741,0
2.84598,-0.13246,0
3.1291,-0.20654,0
1.31893,0.03546,0
1.15868,-0.02005,0
3.45623,-0.27847,0
3.38786,-0.24648,0
1.86162,0.10537,0
2.9065,-0.17271,0
2.98827,-0.21072,0
1.32744,0.03233,0
2.40268,0.00014,0
