"Points:0","Points:1","Points:2"
6.08599,-1.55639,0
6.1931,-1.55204,0
6.30971,-1.52464,0
6.27417,-1.52597,0
6.38317,-1.50603,0
6.40289,-1.48437,0
6.59303,-1.42185,0
6.7023,-1.36379,0
6.7571,-1.33489,0
7.31309,-1.1206,0
7.70877,-1.08243,0
8.04963,-1.0871,0
8.05414,-1.07305,0
8.18698,-1.09239,0
8.29797,-1.07194,0
8.56847,-1.05212,0
8.70294,-1.02766,0
