"Points:0","Points:1","Points:2"
14.9403,0.78425,0
15.2256,1.01925,0
16.3406,1.44582,0
