"Points:0","Points:1","Points:2"
2.48097,-0.04361,0
1.0325,0.12177,0
1.35063,0.15097,0
3.12293,0.05192,0
1.76915,0.03914,0
3.40029,0.08941,0
1.42715,0.16064,0
3.01978,0.06883,0
2.19098,-0.03134,0
3.20647,0.08254,0
2.02611,0.0067,0
3.17026,0.06808,0
2.48688,-0.01976,0
1.81795,0.04522,0
2.30528,-0.03803,0
2.49385,-0.03516,0
3.54174,0.14488,0
3.81285,0.36357,0
