"Points:0","Points:1","Points:2"
4.31397,-0.43985,0
4.59187,-0.5634,0
4.70025,-0.6137,0
4.80076,-0.65229,0
5.17194,-0.95564,0
5.19862,-0.98047,0
5.25906,-1.02585,0
5.33878,-1.07682,0
5.55901,-1.26909,0
5.49072,-1.24642,0
5.85626,-1.39488,0
5.84058,-1.37247,0
5.95461,-1.39078,0
5.92925,-1.393,0
6.03809,-1.39447,0
6.07916,-1.39129,0
6.83465,-1.52041,0
6.83507,-1.52796,0
