"Points:0","Points:1","Points:2"
5.70974,-1.47998,0
5.78627,-1.49524,0
5.8727,-1.50044,0
5.99117,-1.50853,0
6.00241,-1.52681,0
6.11447,-1.52367,0
6.13622,-1.51356,0
6.22707,-1.49324,0
6.32606,-1.48257,0
6.6226,-1.39575,0
6.80707,-1.38288,0
6.75357,-1.36492,0
7.53785,-1.0056,0
7.60927,-0.99687,0
7.59485,-1.00893,0
7.80828,-0.9927,0
7.87814,-0.9948,0
7.92104,-0.98714,0
8.24284,-1.08076,0
8.38525,-1.10082,0
