"Points:0","Points:1","Points:2"
2.99987,-1.29714,0
3.60677,-0.64994,0
2.82048,-1.44627,0
2.77272,-1.49563,0
2.76324,-1.49343,0
2.766,-1.52687,0
3.77714,-0.52483,0
4.0291,-0.13873,0
4.11525,0.1656,0
4.06341,-0.06891,0
2.72146,-1.60787,0
2.58499,-1.7824,0
2.69465,-1.6806,0
2.54009,-1.83563,0
2.6343,-1.74059,0
2.56481,-1.82967,0
2.42718,-2.00423,0
