"Points:0","Points:1","Points:2"
1.46269,0.341,0
1.46447,0.34292,0
2.19112,-0.04931,0
2.19098,-0.03134,0
1.53901,0.2662,0
1.73998,0.15693,0
1.53559,0.29975,0
1.73752,0.15274,0
3.97228,0.3804,0
