"Points:0","Points:1","Points:2"
2.81538,0.06635,0
1.3868,-0.01584,0
1.31892,-0.01007,0
0.31445,-0.01322,0
1.62161,-0.03674,0
0.93658,-0.01298,0
1.10658,-0.01905,0
1.44253,-0.02386,0
2.50953,-0.00078,0
0.52375,0.02372,0
2.70556,0.04638,0
1.69965,-0.01677,0
2.36356,-0.01279,0
1.7213,-0.01287,0
0.10975,0.00159,0
