"Points:0","Points:1","Points:2"
2.77992,-0.82458,0
2.58694,-0.93902,0
2.79469,-0.8105,0
2.46076,-1.14716,0
2.55411,-0.99794,0
2.46485,-1.1642,0
2.76368,-0.8483,0
2.42707,-1.32081,0
2.60328,-1.38776,0
2.64697,-1.40078,0
2.69544,-1.42949,0
2.77813,-1.47994,0
2.81401,-1.54133,0
2.45134,-1.93986,0
2.57271,-1.87589,0
2.57929,-1.86923,0
2.61389,-1.86228,0
2.75078,-1.74468,0
2.67055,-1.84281,0
2.0801,-2.34847,0
