"Points:0","Points:1","Points:2"
3.48836,-0.28273,0
3.58178,-0.35298,0
4.08901,-0.58763,0
4.17003,-0.60049,0
4.31783,-0.66108,0
4.4109,-0.65827,0
5.01963,-0.77164,0
5.13233,-0.79355,0
5.03214,-0.78507,0
5.19414,-0.81074,0
5.41091,-0.97254,0
