"Points:0","Points:1","Points:2"
14.3968,0.08085,0
14.5805,0.45325,0
