"Points:0","Points:1","Points:2"
1.76981,0.0526,0
2.90028,-0.26074,0
2.39388,-0.26471,0
2.65212,-0.39787,0
2.33819,-0.17573,0
3.04308,0.04195,0
3.01691,-0.04612,0
2.58143,-0.39576,0
3.15441,0.11265,0
2.24684,-0.09006,0
3.27444,0.12475,0
2.75999,-0.41976,0
1.81795,0.04522,0
2.68356,-0.38416,0
2.29175,-0.15597,0
3.75908,-0.52245,0
3.79958,-0.40622,0
3.80412,-0.39441,0
