"Points:0","Points:1","Points:2"
1.46468,0.34625,0
2.95456,0.09053,0
2.76121,0.03609,0
3.30066,0.09279,0
2.645,0.01882,0
2.57671,-0.01374,0
3.26516,0.10314,0
2.62067,0.00619,0
2.20034,-0.06051,0
2.70207,0.00656,0
1.57524,0.26296,0
2.80247,0.05131,0
1.94132,0.01216,0
2.34662,-0.05028,0
1.5073,0.31957,0
3.48874,0.1691,0
3.36324,0.12664,0
2.77057,0.02724,0
2.16204,-0.04867,0
3.54981,0.17357,0
4.02765,0.38754,0
4.12275,0.4161,0
4.13258,0.4068,0
