"Points:0","Points:1","Points:2"
2.97006,-0.84951,0
2.42498,-1.27406,0
2.69544,-1.42949,0
2.31831,-2.02227,0
2.26425,-2.10982,0
2.26962,-2.10843,0
2.29811,-2.07885,0
2.56205,-1.79136,0
2.13936,-2.27628,0
2.13267,-2.2929,0
2.39401,-1.98468,0
2.51942,-1.88072,0
2.63268,-1.76688,0
2.84254,-1.60483,0
2.69476,-1.7428,0
2.74509,-1.74315,0
2.79069,-1.72217,0
2.83183,-1.72087,0
2.07311,-2.34781,0
