"Points:0","Points:1","Points:2"
3.2597,-1.16281,0
3.40088,0.07762,0
3.17827,-1.22101,0
3.49785,-0.87963,0
3.07943,-0.1557,0
2.83738,-0.30151,0
3.46768,-0.94197,0
3.24712,-0.02047,0
3.21234,-1.18511,0
2.92632,-0.231,0
3.51355,0.09104,0
3.65257,-0.6358,0
3.58544,-0.67297,0
3.54902,-0.79944,0
3.70838,-0.57231,0
3.69753,-0.55987,0
3.57681,0.08017,0
3.81064,-0.50325,0
3.80214,-0.50286,0
3.76909,0.08285,0
3.85287,0.02744,0
3.81552,-0.4723,0
3.85107,-0.43611,0
3.84835,-0.4819,0
3.87347,-0.42305,0
