"Points:0","Points:1","Points:2"
2.49414,-0.98891,0
2.71508,-0.8548,0
2.77369,-0.8384,0
2.58115,-0.96539,0
2.80099,-0.84191,0
2.18713,-2.15662,0
2.30944,-2.02313,0
2.54009,-1.83563,0
2.66574,-1.77563,0
2.74906,-1.78221,0
1.91475,-2.46749,0
