"Points:0","Points:1","Points:2"
5.01767,-0.86753,0
5.20706,-0.91173,0
5.29728,-0.95974,0
5.34798,-0.99944,0
5.48258,-1.05145,0
5.73288,-1.17289,0
5.70872,-1.14621,0
5.79187,-1.15651,0
5.79248,-1.15941,0
5.92695,-1.22367,0
5.98849,-1.23335,0
5.95735,-1.23502,0
6.77179,-1.33289,0
6.81999,-1.34963,0
6.89402,-1.34357,0
6.97806,-1.32501,0
7.18475,-1.23691,0
7.09929,-1.2593,0
7.11615,-1.27625,0
7.23257,-1.21324,0
7.60927,-0.99687,0
