"Points:0","Points:1","Points:2"
24.6991,7.62539,0
24.6924,7.59349,0
24.7705,7.67431,0
25.0236,7.84076,0
25.3141,8.13315,0
25.358,8.15103,0
25.4304,8.23647,0
25.6153,8.37472,0
25.8058,8.53762,0
25.876,8.6085,0
26.025,8.84886,0
26.0761,8.88431,0
26.0868,8.90773,0
26.2593,9.15897,0
26.1897,9.08386,0
