"Points:0","Points:1","Points:2"
23.7203,7.46985,0
23.8382,7.47183,0
24.5218,7.65016,0
24.4479,7.59168,0
24.5679,7.68992,0
24.6469,7.73994,0
25.1257,8.10468,0
25.2546,8.21646,0
25.3545,8.34061,0
25.5644,8.51815,0
25.6814,8.58293,0
