"Points:0","Points:1","Points:2"
1.18013,0.16573,0
2.17435,-0.06366,0
1.83777,-0.07884,0
1.61451,0.12642,0
2.07759,-0.11184,0
1.01181,0.10243,0
3.04308,0.04195,0
3.01691,-0.04612,0
3.46086,0.16453,0
3.42712,0.16783,0
3.15441,0.11265,0
3.04656,0.0634,0
3.27444,0.12475,0
2.30528,-0.03803,0
