"Points:0","Points:1","Points:2"
22.3064,7.03101,0
22.2915,7.04165,0
22.3244,7.06009,0
22.3604,7.06027,0
22.9926,7.25913,0
23.3431,7.45054,0
23.3637,7.46189,0
23.3201,7.44929,0
23.5282,7.50651,0
23.4798,7.51731,0
23.5128,7.5293,0
23.6027,7.52823,0
23.7039,7.54426,0
23.6365,7.53288,0
24.0263,7.61776,0
24.2526,7.69938,0
24.3116,7.74063,0
24.3189,7.73104,0
24.3662,7.75566,0
24.6911,7.83615,0
24.9391,7.90143,0
24.9872,7.9315,0
