"Points:0","Points:1","Points:2"
9.56666,-1.21212,0
10.285,-1.23372,0
10.6145,-1.28944,0
