"Points:0","Points:1","Points:2"
16.4034,1.76527,0
16.5717,1.89914,0
16.5809,1.92336,0
16.8164,2.1479,0
16.8551,2.15897,0
16.9293,2.2011,0
17.2717,2.26402,0
17.2031,2.23975,0
17.1148,2.26676,0
17.225,2.24786,0
17.3387,2.22966,0
17.4023,2.24904,0
17.716,2.29952,0
17.8414,2.3462,0
17.9383,2.41736,0
18.0753,2.6032,0
18.0972,2.816,0
18.1049,2.79942,0
18.1207,2.82487,0
18.1146,3.01659,0
18.1076,3.03903,0
18.1189,3.04095,0
18.1397,3.10114,0
18.2045,3.34613,0
