"Points:0","Points:1","Points:2"
1.69878,0.03522,0
2.38489,-0.06491,0
0.3453,-0.08059,0
2.19112,-0.04931,0
3.04308,0.04195,0
0.53161,-0.05491,0
2.96101,0.03205,0
0.2885,-0.06964,0
0.21386,-0.0553,0
1.34581,0.02381,0
1.12481,-0.02921,0
