"Points:0","Points:1","Points:2"
19.1279,3.43504,0
19.1539,3.47398,0
19.243,3.5813,0
19.3318,3.66184,0
19.343,3.70853,0
19.3622,3.70275,0
19.4356,3.8324,0
19.4455,3.83374,0
19.6999,4.03068,0
20.0148,4.224,0
20.0609,4.23906,0
20.3718,4.50597,0
20.5031,4.67033,0
20.5547,4.71352,0
20.6227,4.81354,0
20.6619,4.91917,0
20.8816,5.45449,0
20.9353,5.48243,0
21.0107,5.61832,0
