"Points:0","Points:1","Points:2"
3.39433,0.13003,0
2.84818,-0.2727,0
3.20647,0.08254,0
3.51568,0.12951,0
3.57179,0.0744,0
3.71189,-0.51197,0
3.68533,-0.51701,0
3.75908,-0.52245,0
3.69865,-0.01302,0
3.98074,-0.32978,0
