"Points:0","Points:1","Points:2"
3.08048,-0.06439,0
2.91791,-0.27578,0
3.30066,0.06588,0
2.84308,-0.40222,0
3.71189,-0.51197,0
