"Points:0","Points:1","Points:2"
21.0774,5.70561,0
21.0835,5.83448,0
21.1065,5.91753,0
21.0811,5.9767,0
21.0819,6.04413,0
21.0965,5.95577,0
21.1039,6.21109,0
21.2356,6.53555,0
21.211,6.47897,0
21.5136,6.74441,0
21.6485,6.80116,0
22.5144,7.3727,0
