"Points:0","Points:1","Points:2"
8.15831,-1.08196,0
8.17552,-1.0693,0
8.33027,-1.11743,0
8.54163,-1.1749,0
9.08852,-1.27498,0
9.2778,-1.30393,0
9.33184,-1.30798,0
9.68694,-1.37865,0
9.9316,-1.44116,0
