"Points:0","Points:1","Points:2"
15.8404,1.43073,0
16.1686,1.52056,0
16.4325,1.61623,0
16.8269,1.86284,0
17.2357,2.22843,0
17.4321,2.33536,0
17.4655,2.33918,0
17.4716,2.35564,0
17.6329,2.35772,0
17.8465,2.49378,0
17.7313,2.3532,0
17.7764,2.40219,0
17.895,2.55676,0
17.9606,2.63356,0
18.0468,2.72889,0
18.1005,2.89998,0
18.0831,2.88449,0
18.0945,2.94344,0
18.1213,2.93735,0
