"Points:0","Points:1","Points:2"
3.56232,-0.11151,0
3.63801,-0.14227,0
3.9645,-0.35797,0
4.13649,-0.50166,0
4.22726,-0.5808,0
4.25485,-0.63113,0
4.27632,-0.6584,0
4.29713,-0.65407,0
4.52717,-0.80611,0
4.51521,-0.80384,0
4.70237,-0.85497,0
4.71045,-0.83297,0
4.78688,-0.83962,0
4.72568,-0.84913,0
4.81533,-0.82714,0
4.92845,-0.83275,0
5.02973,-0.84166,0
5.21497,-0.8118,0
5.21106,-0.81069,0
5.21156,-0.81553,0
5.43743,-0.85231,0
5.52927,-0.84984,0
