"Points:0","Points:1","Points:2"
3.12767,-0.82902,0
3.17444,-0.83306,0
2.49631,-1.31716,0
2.68182,-1.41309,0
2.83287,-1.46167,0
2.1987,-2.14602,0
2.2989,-2.04566,0
2.19648,-2.17671,0
2.21705,-2.15566,0
2.10083,-2.32974,0
2.58499,-1.7824,0
2.45952,-1.93064,0
2.54009,-1.83563,0
2.68229,-1.73857,0
1.91475,-2.46749,0
