"Points:0","Points:1","Points:2"
2.77227,-0.38739,0
2.74321,-0.49422,0
2.96273,-0.177,0
3.12299,-0.05035,0
2.73042,-0.58569,0
3.35829,-0.02847,0
2.62692,-0.81727,0
2.61352,-0.82053,0
3.52682,-0.00586,0
3.76837,-0.64469,0
3.6827,-0.75439,0
3.68543,-0.74131,0
3.77827,-0.60165,0
3.80696,-0.57814,0
3.84113,-0.0022,0
3.91526,-0.03196,0
3.77727,-0.61189,0
3.98596,-0.07917,0
4.01531,-0.08607,0
3.93108,-0.45469,0
4.00981,-0.31355,0
