"Points:0","Points:1","Points:2"
15.2467,1.13832,0
17.063,1.84528,0
