"Points:0","Points:1","Points:2"
9.74048,-1.04448,0
9.81805,-1.05156,0
9.94874,-1.05014,0
10.1297,-1.14438,0
10.2076,-1.19663,0
10.2975,-1.29006,0
10.4644,-1.4489,0
10.4971,-1.46644,0
10.6249,-1.54053,0
10.7709,-1.54817,0
10.7944,-1.54455,0
11.0524,-1.42945,0
11.2515,-1.45131,0
11.3791,-1.47468,0
11.3793,-1.4569,0
11.5787,-1.53224,0
11.627,-1.55086,0
11.7897,-1.62453,0
12.0259,-1.75539,0
12.0197,-1.72566,0
12.1759,-1.84349,0
12.2193,-1.87142,0
12.326,-1.91711,0
