"Points:0","Points:1","Points:2"
14.5805,0.45325,0
15.3915,1.15079,0
15.5112,1.21981,0
16.5378,1.72122,0
