"Points:0","Points:1","Points:2"
14.0106,-0.69277,0
14.04,-0.62419,0
14.1031,-0.44673,0
14.0423,-0.64378,0
14.268,-0.11553,0
14.2616,-0.17216,0
14.3577,0.10938,0
14.6058,0.53928,0
14.634,0.58319,0
14.8106,0.74209,0
14.9795,0.84212,0
14.937,0.85164,0
15.2241,0.99698,0
15.409,1.09635,0
15.364,1.09403,0
