"Points:0","Points:1","Points:2"
3.21559,0.06324,0
3.32779,0.09395,0
3.46534,-0.93097,0
3.23856,0.0966,0
3.27998,-1.23918,0
3.25189,-1.26734,0
3.21526,-1.31082,0
3.21469,-1.34757,0
3.19864,-1.32533,0
3.57214,-0.85432,0
3.64619,-0.77103,0
3.68543,-0.74131,0
3.58032,0.10556,0
3.76437,0.14632,0
3.7493,0.13341,0
3.9257,0.10232,0
4.0601,-0.19617,0
3.9282,-0.50324,0
3.96528,-0.43594,0
4.00981,-0.31355,0
