"Points:0","Points:1","Points:2"
3.20681,-0.32026,0
3.27812,-0.35974,0
2.86563,-0.15296,0
3.27544,-0.38291,0
1.74006,0.10533,0
3.01289,-0.23283,0
1.86756,0.08224,0
2.04266,0.09355,0
1.45495,0.09351,0
1.90815,0.07188,0
1.70509,0.1225,0
2.11984,0.0941,0
2.5474,-0.02454,0
3.39711,-0.42119,0
1.72806,0.12291,0
1.64677,0.11484,0
2.98827,-0.21072,0
1.56437,0.09942,0
3.88273,-0.47526,0
3.96902,-0.4549,0
