"Points:0","Points:1","Points:2"
3.48722,-0.90125,0
3.20759,-1.35312,0
3.64775,-0.78387,0
3.70818,-0.70426,0
3.1087,-1.4555,0
3.03282,-1.53456,0
3.85669,0.13812,0
4.0291,-0.13873,0
4.04292,-0.18512,0
4.04476,-0.21284,0
4.05237,-0.20312,0
