"Points:0","Points:1","Points:2"
22.1482,7.0365,0
22.4418,7.10129,0
23.1704,7.37081,0
23.315,7.43634,0
23.6365,7.53288,0
23.6737,7.53415,0
23.7543,7.57081,0
23.8768,7.60976,0
23.8998,7.6137,0
24.1626,7.67646,0
24.5775,7.76361,0
24.7278,7.86049,0
24.7371,7.83336,0
24.8292,7.95773,0
24.8438,7.96942,0
