"Points:0","Points:1","Points:2"
1.23883,0.14193,0
1.76981,0.0526,0
3.39433,0.13003,0
1.17106,0.17191,0
3.46086,0.16453,0
3.42712,0.16783,0
3.16671,0.18691,0
3.486,0.19213,0
3.04277,-0.17037,0
3.04656,0.0634,0
3.27444,0.12475,0
1.81795,0.04522,0
1.77729,0.04121,0
3.02681,-0.23716,0
2.29175,-0.15597,0
