"Points:0","Points:1","Points:2"
2.79203,-0.82554,0
2.39378,-1.05412,0
2.49414,-0.98891,0
3.17444,-0.83306,0
2.71508,-0.8548,0
2.77369,-0.8384,0
3.05907,-0.85275,0
2.49631,-1.31716,0
2.77272,-1.49563,0
2.2989,-2.04566,0
2.19648,-2.17671,0
2.21705,-2.15566,0
2.10083,-2.32974,0
2.45952,-1.93064,0
2.67318,-1.7409,0
2.68229,-1.73857,0
2.80881,-1.63676,0
