"Points:0","Points:1","Points:2"
1.62842,0.06799,0
2.96086,-0.18488,0
3.26139,0.14807,0
3.39433,0.13003,0
3.04308,0.04195,0
3.01691,-0.04612,0
3.46086,0.16453,0
3.42712,0.16783,0
3.16671,0.18691,0
3.486,0.19213,0
3.04656,0.0634,0
1.19707,0.207,0
1.04874,0.25409,0
2.29175,-0.15597,0
