"Points:0","Points:1","Points:2"
14.2512,-0.61978,0
14.254,-0.57947,0
14.2825,-0.42841,0
14.332,-0.29142,0
14.2923,-0.36244,0
14.3912,-0.14012,0
14.405,-0.03123,0
14.3473,-0.21569,0
14.3606,-0.23421,0
14.5099,0.1099,0
14.5324,0.14433,0
14.6354,0.30056,0
14.6183,0.3121,0
14.7541,0.56922,0
15.0043,0.83356,0
15.3906,1.11383,0
15.4749,1.10872,0
15.4899,1.11838,0
15.7237,1.1496,0
15.8757,1.15344,0
16.0359,1.15596,0
16.0448,1.14271,0
16.1152,1.15981,0
