"Points:0","Points:1","Points:2"
3.41837,-0.88152,0
3.38911,-0.96371,0
3.46349,-0.83899,0
3.52677,-0.68896,0
2.77272,-1.49563,0
3.77714,-0.52483,0
2.32485,-2.07403,0
2.58499,-1.7824,0
2.45952,-1.93064,0
2.69465,-1.6806,0
2.54009,-1.83563,0
2.6343,-1.74059,0
