"Points:0","Points:1","Points:2"
15.5882,1.23454,0
15.4715,1.22637,0
15.4382,1.22498,0
15.9872,1.348,0
15.9851,1.35651,0
16.2171,1.46589,0
16.2959,1.49967,0
16.3636,1.52795,0
16.6957,1.70315,0
16.6502,1.66395,0
16.6877,1.67899,0
16.9625,1.86713,0
17.4604,2.15322,0
17.5342,2.15386,0
17.6061,2.17445,0
17.6349,2.20618,0
17.7001,2.20591,0
17.6942,2.21256,0
17.8185,2.23797,0
17.8481,2.25402,0
17.9988,2.30312,0
