"Points:0","Points:1","Points:2"
3.80159,-0.22607,0
5.07953,-0.88015,0
