"Points:0","Points:1","Points:2"
16.8967,2.02762,0
16.7108,2.01007,0
16.729,2.02264,0
16.9536,2.02459,0
17.0152,2.00057,0
17.0753,2.04014,0
17.9047,2.4374,0
18.0354,2.5336,0
18.1395,2.62962,0
18.291,3.76171,0
