"Points:0","Points:1","Points:2"
2.49414,-0.98891,0
3.37764,-0.86919,0
3.05907,-0.85275,0
2.63323,-1.35651,0
2.52713,-1.28253,0
2.77272,-1.49563,0
2.76324,-1.49343,0
2.766,-1.52687,0
2.2989,-2.04566,0
2.23978,-2.13799,0
2.21705,-2.15566,0
2.05387,-2.32285,0
2.45952,-1.93064,0
2.66574,-1.77563,0
2.67318,-1.7409,0
