"Points:0","Points:1","Points:2"
16.6257,1.74296,0.00368
16.4735,1.94128,0.00452
16.4183,2.18512,0.00314
16.4809,2.42713,0
16.5644,2.66279,0.00226
16.4101,2.85956,0.0031
16.1793,2.95544,3e-05
16.0144,3.14336,0.00321
16.0757,3.38573,0.00588
15.9283,3.58766,0.00222
15.7135,3.71546,0
15.4931,3.83361,1e-05
15.2701,3.94655,0.00028
