"Points:0","Points:1","Points:2"
2.64179,-1.40046,0.00349
2.39651,-1.44871,1e-05
2.1536,-1.50783,1e-05
1.93643,-1.38402,0.00286
1.75038,-1.21707,0.00014
1.74674,-0.96709,5e-05
1.95663,-0.83132,0.00347
2.1924,-0.74824,0
2.43963,-0.78536,0.00081
2.68252,-0.84454,0
2.77923,-1.07504,0.00424
2.93785,-1.26822,0
3.13579,-1.42077,0.00734
