"Points:0","Points:1","Points:2"
3.10727,-0.96157,0.0008
3.30423,-0.80761,0
3.52489,-0.69009,1e-05
3.77483,-0.68478,2e-05
3.99133,-0.80978,7e-05
4.07685,-1.04468,0.00253
4.13969,-1.28665,0.00049
4.3554,-1.41301,0.00182
4.60113,-1.36706,4e-05
4.73895,-1.15848,3e-05
4.61443,-0.9417,0
4.48614,-0.72713,0.00172
4.35359,-0.51542,0.01218
