"Points:0","Points:1","Points:2"
4.20222,0.02181,0.00318
3.95977,-0.03914,0.00111
3.71084,-0.06158,0.00674
3.46408,-0.02204,0
3.22846,0.06146,0.00291
2.98563,0.00206,0
2.73574,0.00554,0.00624
2.49057,0.05415,0.01196
2.24104,0.04106,0.00423
1.99125,0.0509,0.00093
1.74588,0.00301,2e-05
1.49912,0.0431,0.00158
1.2498,0.02467,0.00137
