"Points:0","Points:1","Points:2"
3.20902,-0.84481,0.00523
3.459,-0.84526,0.0017
3.6656,-0.70451,0
3.86719,-0.85237,0.00016
3.97288,-1.07893,0.00027
4.1746,-1.22655,0.00458
4.41834,-1.28215,0.00422
4.64277,-1.17209,0.00053
4.63303,-0.92228,0
4.54406,-0.68865,0.00103
4.48214,-0.44644,0
4.35371,-0.23199,0.00408
4.21507,-0.02399,0
