"Points:0","Points:1","Points:2"
4.54463,-0.50892,0.00118
4.53684,-0.25904,0.0013
4.51333,-0.01015,0.00041
4.48119,0.23778,1e-05
4.27147,0.37382,0.00218
4.02191,0.38863,0.00438
3.99552,0.14007,1e-05
4.11474,-0.07967,2e-05
4.0116,-0.3074,0.00019
3.77838,-0.39744,0.00061
3.5923,-0.23048,0.00143
3.51401,0.00691,0.00527
3.54129,0.25539,0.00142
