"Points:0","Points:1","Points:2"
4.07037,-0.0352,0.00067
3.82277,-0.00067,0
3.57687,0.04443,0.00018
3.32749,0.0269,0.0007
3.07887,0.00072,0.00221
2.82891,0.00549,0.00258
2.57896,0.00981,0.00063
2.32932,0.02225,0.00594
2.08589,0.07897,0.00135
1.8433,0.01856,0
1.59416,-0.00215,0.00067
1.3464,0.03119,0.00218
1.09648,0.02577,0.0059
