"Points:0","Points:1","Points:2"
11.9809,2.47276,0.01009
11.7323,2.4466,0.00331
11.486,2.40377,0.00671
11.2479,2.32815,0
11.0269,2.21123,0.00244
10.7773,2.22538,0.00555
10.583,2.38263,0.00153
10.4403,2.58788,0
10.2375,2.73405,8e-05
9.99237,2.78335,0
9.78768,2.6398,0
9.6389,2.43893,0.00377
9.53132,2.21326,0.00423
