"Points:0","Points:1","Points:2"
3.76529,-0.83632,0
3.96345,-0.98875,2e-05
4.18532,-1.10391,0.00332
4.43024,-1.05388,0
4.65502,-0.94445,0
4.4965,-0.75112,0
4.39015,-0.52489,0.00217
4.54073,-0.32533,0
4.78234,-0.38951,0.00241
5.01578,-0.47899,0.00241
5.1206,-0.25204,0.00019
4.99364,-0.03667,0.00111
4.75288,0.03065,0
