"Points:0","Points:1","Points:2"
7.08649,1.35538,0.10571
6.91422,1.53383,0.07441
6.74887,1.71246,0.01739
6.56072,1.8762,0.00046
6.36345,2.02978,2e-05
6.1467,2.15435,3e-05
5.91269,2.24228,0.0031
5.68473,2.13964,0.00495
5.58573,1.91011,0.00144
5.54224,1.66393,0
5.56099,1.41463,1e-05
5.59836,1.16758,0.00837
5.63692,0.92066,0.00161
