"Points:0","Points:1","Points:2"
5.20432,0.2715,0.00604
4.95463,0.28237,0
4.7415,0.41305,1e-05
4.49807,0.47,0
4.26507,0.37937,0
4.11374,0.18041,0.00345
3.91214,0.03257,0.00318
3.71969,-0.12696,0
3.47872,-0.19351,0.00297
3.22979,-0.17056,0.00043
2.98063,-0.15053,0.00449
2.73112,-0.13552,8e-05
2.48333,-0.16869,0
