"Points:0","Points:1","Points:2"
3.15792,-0.89154,0.00463
3.39674,-0.81768,0.00152
3.63186,-0.73272,0.00229
3.87851,-0.77328,0.0065
4.0168,-0.98147,0.00079
4.13002,-1.20436,8e-05
4.30512,-1.3828,0
4.55068,-1.33592,0.00124
4.69141,-1.1293,0.00336
4.56272,-0.91497,0.00229
4.47988,-0.67911,0
4.37701,-0.45125,0
4.25147,-0.23506,0
