"Points:0","Points:1","Points:2"
3.80317,-0.85954,0
3.99557,-1.01917,6e-05
4.23572,-1.08864,0.00183
4.48571,-1.08998,1e-05
4.61036,-0.87327,0.00019
4.40409,-0.73202,2e-05
4.46821,-0.49042,0.00407
4.7155,-0.45367,0.00386
4.94293,-0.55745,0.0023
5.14533,-0.41072,0
5.05282,-0.17847,4e-05
4.84502,-0.03948,0
4.60797,0.03993,0
