"Points:0","Points:1","Points:2"
3.87858,-1.03356,0
4.12073,-0.9714,0
4.30659,-1.1386,0.00095
4.31068,-0.88864,0.00259
4.47118,-0.69697,2e-05
4.65819,-0.53106,0
4.9005,-0.46955,4e-05
5.14846,-0.501,0.00532
5.02777,-0.28212,0
4.78552,-0.22037,0.0009
4.72507,0.0222,0.00278
4.65464,0.26207,0.00235
4.65758,0.51205,0.00365
