"Points:0","Points:1","Points:2"
12.0218,2.95398,0.00031
11.8961,2.7379,0.00107
11.7367,2.54526,0.00204
11.5408,2.39004,0.00025
11.3149,2.28293,0
11.0955,2.16318,0.00184
10.8458,2.15077,0.00313
10.6672,2.3257,0
10.4908,2.50288,2e-05
10.3544,2.71237,0.00015
10.1296,2.82183,0
9.87973,2.82956,0.00018
9.63706,2.76948,0.00215
