"Points:0","Points:1","Points:2"
13.56,4.16492,0.00414
13.3104,4.17952,0.00072
13.0789,4.08517,0.00291
12.8408,4.16126,0.00373
12.6045,4.24291,0.00195
12.3682,4.16127,0
12.1587,4.02485,0.00044
12.0254,3.81332,0
11.9056,3.59408,0.00811
11.9349,3.34593,0
11.9479,3.09627,0
12.0182,2.85634,0
12.1533,2.64603,0.0018
