"Points:0","Points:1","Points:2"
4.41954,-0.07959,0.00237
4.16983,-0.06782,0.0001
3.92293,-0.02859,0.00071
3.6746,-0.05743,0.00011
3.46106,0.07258,0.00113
3.21421,0.11214,7e-05
2.96666,0.07727,0
2.74143,-0.03123,0.00012
2.49716,-0.08445,0.00127
2.25471,-0.14539,0.00306
2.00799,-0.10513,0
1.76192,-0.06099,7e-05
1.51205,-0.06906,0
