"Points:0","Points:1","Points:2"
15.2122,3.69377,0.00278
14.9954,3.81829,0.00242
14.7638,3.91232,0.00597
14.5321,3.99791,0.04429
14.2822,4.00255,0.04073
14.038,3.96235,0.00508
13.8009,3.88298,0.00339
13.5598,3.817,0
13.3219,3.89383,0.00339
13.1998,4.11193,0.00023
12.9514,4.14033,1e-05
12.7027,4.16528,0.00054
12.4532,4.14944,0.00482
