"Points:0","Points:1","Points:2"
4.13933,-0.06185,0.01628
3.89211,-0.02489,0.01186
3.6441,0.00425,6e-05
3.39537,0.02944,1e-05
3.14647,0.00601,0.00079
2.89648,0.00742,0.00114
2.64659,0.01497,0
2.39695,0.00155,0
2.15408,0.06077,0.00195
1.90487,0.08059,0.0013
1.66623,0.00609,0
1.41624,0.00792,5e-05
1.17613,0.07756,0.00032
