"Points:0","Points:1","Points:2"
7.5391,1.92992,0.00081
7.29524,1.87488,0
7.06,1.79032,0.00301
6.82104,1.71689,0
6.5733,1.75044,0
6.43045,1.95561,0
6.21963,2.08998,0.00131
6.02163,2.2426,0.00259
5.77325,2.27085,0.00611
5.62244,2.07151,0.00197
5.58354,1.8246,0.00681
5.58397,1.57464,0.00262
5.58348,1.3421,0.09441
