"Points:0","Points:1","Points:2"
17.5731,0.36881,0.00098
17.3463,0.47397,0
17.0966,0.46255,0
16.8522,0.51517,0.00562
16.6797,0.69604,0.00302
16.5021,0.87199,0.00014
16.4432,1.11495,0.00102
16.2683,1.2935,0.00598
16.1057,1.48334,2e-05
16.0608,1.72927,8e-05
16.1469,1.96393,0.00369
16.303,2.15916,6e-05
16.4668,2.34796,0.00509
