"Points:0","Points:1","Points:2"
8.93262,2.42701,0.00367
8.6939,2.50118,0.00025
8.44943,2.55349,0
8.19973,2.56574,1e-05
7.95532,2.51321,0
7.74119,2.38418,0.00011
7.61381,2.16909,0.00396
7.59823,1.91961,0.00011
7.4909,1.69382,0
7.24104,1.68696,0.00458
6.99513,1.64193,0.00447
6.75723,1.71868,0.00103
6.50723,1.71985,0
