"Points:0","Points:1","Points:2"
2.40491,-0.83922,0.00324
2.47544,-0.59939,0.00121
2.69365,-0.47739,0
2.94199,-0.44863,0
3.07014,-0.66329,0.00132
2.95828,-0.88686,0.00091
3.01727,-1.1298,1e-05
3.21992,-1.2762,0
3.43355,-1.40606,0.00012
3.617,-1.23623,0
3.70725,-1.00309,0
3.73005,-0.75414,0.0019
3.73526,-0.5042,0
