"Points:0","Points:1","Points:2"
2.04256,-1.09026,0
2.23727,-0.93346,0.00019
2.38513,-0.73187,0
2.53182,-0.52946,0.0033
2.77615,-0.47661,0
3.00066,-0.3667,0.00398
3.2454,-0.41754,0
3.23326,-0.66711,0.00802
3.17753,-0.91069,0
3.0662,-1.13453,1e-05
3.17146,-1.36129,2e-05
3.36337,-1.52152,1e-05
3.56309,-1.67189,0
