"Points:0","Points:1","Points:2"
2.98045,-0.98473,0
3.16924,-0.82086,0.00112
3.40099,-0.72718,0.00538
3.51806,-0.50632,0.00179
3.76785,-0.49606,0.002
3.90062,-0.70788,3e-05
4.02819,-0.92287,0.00238
4.13235,-1.15013,7e-05
4.24551,-1.37299,0.00533
4.48258,-1.45228,0.00169
4.70223,-1.33293,0.00418
4.93929,-1.25354,0.00326
5.11783,-1.07856,0.00146
