"Points:0","Points:1","Points:2"
5.8088,0.91122,0
5.76403,0.66526,0
5.79149,0.41677,0.00056
5.8768,0.1818,0.00351
5.66496,0.04908,4e-05
5.42752,-0.02912,0.00239
5.1793,-0.05883,0.0011
4.98751,0.10151,0.00358
4.85345,0.31252,0.00454
4.78768,0.55368,8e-05
4.57271,0.68118,0.00552
4.32599,0.72117,0.00013
4.08782,0.79718,0.00033
