"Points:0","Points:1","Points:2"
5.78125,0.64705,0.00272
5.79451,0.3974,0.00302
5.73768,0.15396,0.0001
5.54176,-0.00132,0.00115
5.29527,0.04041,0
5.06014,0.12535,0
4.92037,0.33263,0
4.82371,0.56319,0.00019
4.57896,0.61411,0.00246
4.33283,0.57038,0
4.15827,0.39141,0.00014
3.99441,0.20261,0.00239
3.7654,0.10236,0
