"Points:0","Points:1","Points:2"
4.42286,-0.09567,4e-05
4.18168,-0.02987,0.00133
3.93255,-0.05069,0.00033
3.68281,-0.06197,0
3.47699,0.07993,0.00126
3.22989,0.11793,0.0002
2.98276,0.08016,0.00127
2.75255,-0.01732,0.00036
2.51592,-0.09797,0.00231
2.26889,-0.13635,0.00115
2.01989,-0.1141,0.00017
1.77194,-0.08216,0.00238
1.52219,-0.07126,5e-05
