"Points:0","Points:1","Points:2"
2.58142,-0.66232,0.00249
2.82908,-0.69637,0.00268
3.04818,-0.81674,0
3.07986,-1.06473,0.00049
3.29575,-1.19076,0.00297
3.30297,-0.94087,0.00455
3.29515,-0.69103,0
3.27853,-0.44159,0
3.5153,-0.36135,3e-05
3.76037,-0.41074,0.00052
3.96742,-0.55079,0.00493
4.18264,-0.67791,0.00021
4.42204,-0.74979,0.00468
