"Points:0","Points:1","Points:2"
8.89144,2.41919,0.0001
8.64782,2.47528,0.00044
8.41439,2.56477,0.00277
8.16441,2.56247,0.0008
7.92751,2.48261,0
7.72792,2.33207,0.00187
7.60268,2.11571,0.00011
7.53781,1.87428,0.00206
7.44878,1.64067,0.0028
7.20117,1.67511,0.00025
6.95326,1.64289,0.00208
6.71062,1.70306,1e-05
6.46793,1.76103,0.01555
