"Points:0","Points:1","Points:2"
2.21669,-1.24794,0.00194
1.96787,-1.22374,0.00133
2.19573,-1.12089,1e-05
2.44237,-1.08028,0.00433
2.60539,-0.8908,1e-05
2.54738,-0.64763,0
2.58936,-0.40118,6e-05
2.77399,-0.23261,0
3.00382,-0.13425,1e-05
3.23568,-0.0409,0.00522
3.46034,-0.15044,0
3.64298,-0.32106,0.00565
3.77289,-0.53458,0.01157
