"Points:0","Points:1","Points:2"
12.3404,3.35013,0.00366
12.2488,3.11755,0
12.0598,2.95388,0.00325
12.0344,2.70519,0
11.8982,2.49556,1e-05
11.6756,2.38192,0
11.4943,2.20976,0
11.2659,2.10806,0
11.0289,2.18763,2e-05
10.7961,2.27869,0.00068
10.6136,2.44953,0.00383
10.4132,2.59901,0
10.2022,2.73301,0
