"Points:0","Points:1","Points:2"
2.20863,-1.22794,0.00019
1.96068,-1.25991,0.0001
2.14617,-1.09231,0.00246
2.38296,-1.17247,0
2.5706,-1.00728,0.00234
2.75303,-0.83636,0
2.93333,-0.66318,0
2.76869,-0.47505,0.00027
2.56172,-0.33482,0.00175
2.64865,-0.10043,1e-05
2.89791,-0.11931,0.00331
3.14789,-0.12167,0.00109
3.39359,-0.08941,0.03413
