"Points:0","Points:1","Points:2"
5.76272,0.59471,0
5.80379,0.34811,0.0004
5.73571,0.10758,0.00354
5.50079,0.02222,0.00878
5.25374,0.05956,0.00015
5.02058,0.14971,0.00316
4.94093,0.38668,0.00196
4.78369,0.58103,3e-05
4.54204,0.64512,0
4.33142,0.51046,0.00219
4.12797,0.36518,0.00266
3.94077,0.19948,0.0013
3.73739,0.05437,0.01034
