"Points:0","Points:1","Points:2"
4.32694,-0.19278,2e-05
4.30615,0.05635,3e-05
4.11969,-0.11018,0
3.91064,-0.24727,2e-05
3.70485,-0.10533,0.00173
3.51773,0.06046,0.00112
3.27431,0.11741,0.00324
3.03907,0.03282,0.00525
2.81965,-0.08698,0.00267
2.59453,-0.19569,0.00145
2.34454,-0.19779,0
2.1056,-0.12432,0.00324
1.9545,0.07482,0
