"Points:0","Points:1","Points:2"
2.62198,-1.5048,4e-05
2.3756,-1.46243,0
2.1262,-1.4796,0.00263
1.8934,-1.38851,0.00029
1.77606,-1.16792,0.00881
1.8909,-0.94589,0.00512
2.1197,-0.84519,0.00197
2.35509,-0.76099,0
2.5914,-0.84246,0.00426
2.77251,-1.01476,0.00055
2.94863,-1.19216,0.00361
3.16817,-1.3117,0.00681
3.39692,-1.41233,0
