"Points:0","Points:1","Points:2"
4.12159,0.10863,0.00079
3.87708,0.05652,9e-05
3.62728,0.04655,0.00033
3.39044,-0.03349,4e-05
3.1412,-0.01448,0.00436
2.89134,-0.0073,7e-05
2.64371,-0.0416,0.00128
2.39495,-0.06642,4e-05
2.15495,0.0036,1e-05
1.91268,0.06527,0.00146
1.66296,0.0769,0.0029
1.41303,0.07132,0.00064
1.16601,0.10974,0.00276
