"Points:0","Points:1","Points:2"
4.46633,-0.07446,0.00214
4.21973,-0.03342,6e-05
3.9775,-0.0952,0.00256
3.72799,-0.07962,0.00075
3.48062,-0.04346,0.00185
3.25055,0.05428,0.00517
3.00082,0.06469,5e-05
2.75082,0.06559,0
2.50108,0.07714,0
2.25119,0.07145,0.00472
2.00138,0.06199,0.0022
1.75169,0.05436,0.01183
1.50544,0.01266,0.00073
