"Points:0","Points:1","Points:2"
16.6873,0.87219,0.0018
16.5739,1.09501,1e-05
16.4452,1.30932,2e-05
16.3653,1.54621,3e-05
16.3284,1.79346,0.00171
16.3853,2.0369,0.00145
16.4211,2.28432,0.00253
16.4646,2.53049,9e-05
16.4691,2.78041,0.00429
16.4138,3.02422,0.00543
16.2327,3.19639,0
15.9947,3.27312,4e-05
15.7497,3.32252,0.00044
