"Points:0","Points:1","Points:2"
16.5181,1.13537,1e-05
16.4432,1.37387,0.00112
16.3878,1.61766,0.00263
16.319,1.85798,0.00026
16.4255,2.08418,0
16.4215,2.33415,5e-05
16.476,2.57809,0.00429
16.5101,2.82572,0.00025
16.312,2.97811,0
16.0912,3.09535,0.00647
15.9322,3.28814,1e-05
15.8491,3.52394,0
15.7754,3.76252,0.01176
