"Points:0","Points:1","Points:2"
2.97028,-0.93014,6e-05
3.19082,-0.81239,0
3.40533,-0.68404,0.00329
3.61824,-0.55305,4e-05
3.84487,-0.65859,0.00012
4.0131,-0.84351,0.00227
4.0958,-1.07942,0.00015
4.26134,-1.26675,0.00273
4.47274,-1.4002,0.00164
4.72061,-1.36763,0.00118
4.79027,-1.12753,5e-05
4.67458,-0.90591,0
4.51371,-0.71469,0.00759
