"Points:0","Points:1","Points:2"
5.85046,1.00164,0
5.77243,0.76413,0
5.77153,0.51413,0
5.88191,0.28991,0.00615
5.82251,0.04708,0.00338
5.59699,-0.06079,0.0018
5.34844,-0.0876,0
5.09879,-0.07432,0.00092
4.94746,0.12467,0.00184
4.85048,0.35509,1e-05
4.6936,0.54974,4e-05
4.47865,0.67734,0.0041
4.272,0.81297,0.04151
