"Points:0","Points:1","Points:2"
2.71609,-0.75726,0
2.89267,-0.93419,0.00389
3.11078,-1.05637,0.00469
3.32549,-0.9283,0.00417
3.38836,-0.68634,0.00613
3.49342,-0.4615,0.03626
3.74109,-0.44619,0.00581
3.97756,-0.52723,0.00222
4.07127,-0.75899,0
4.19942,-0.97365,2e-05
4.35914,-1.16598,2e-05
4.53385,-1.3448,0.00065
4.72857,-1.50159,2e-05
