"Points:0","Points:1","Points:2"
3.9658,-0.95948,1e-05
4.18167,-0.83339,0
4.39451,-0.70225,0
4.60525,-0.56775,0
4.80672,-0.41973,0
4.72208,-0.185,0.01552
4.75062,0.06304,0.00281
4.72317,0.31151,0.0003
4.66919,0.55562,0.0001
4.42973,0.62743,1e-05
4.18717,0.5669,0
3.95139,0.48378,3e-05
3.70751,0.42884,0.00217
