"Points:0","Points:1","Points:2"
2.20426,-1.22576,0
1.95701,-1.26274,0.00027
2.13179,-1.08399,0.002
2.36813,-1.16547,1e-05
2.56605,-1.01274,0.00131
2.75789,-0.85247,0.00435
2.95268,-0.69582,4e-05
2.80294,-0.49591,0.01082
2.58429,-0.37518,0.00013
2.60872,-0.12638,1e-05
2.85753,-0.15077,1e-05
3.10496,-0.11516,0.0034
3.35148,-0.15674,0.00383
