"Points:0","Points:1","Points:2"
7.316,1.60694,0
7.07881,1.68594,0
6.83623,1.74638,0
6.60906,1.85076,0.00058
6.39209,1.97495,0
6.2148,2.15122,0.0001
5.98057,2.23851,0.00377
5.74582,2.15259,0.00015
5.6154,1.93931,0.00088
5.55262,1.69732,0.00017
5.55575,1.44737,0.00388
5.62605,1.20749,0
5.66528,0.9606,0.00303
