"Points:0","Points:1","Points:2"
14.5067,3.97947,0.00463
14.2882,4.10096,2e-05
14.0407,4.06673,0.00659
13.8034,3.98801,0.00239
13.5534,3.98539,0.00249
13.3425,4.11955,0
13.1323,4.25483,0.00136
12.9115,4.37222,0.00093
12.6717,4.44288,0.00076
12.4306,4.37676,0.00111
12.2498,4.20409,0.00164
12.0732,4.02717,7e-05
11.8957,3.85112,0.00017
