"Points:0","Points:1","Points:2"
12.2651,4.28898,0
12.2805,4.3,0
12.364,4.35695,0
12.2947,4.33119,0
13.3724,3.9959,0
13.5424,4.01286,0
13.8447,3.97675,0
14.0779,4.04224,0
14.2214,4.04139,0
14.2174,4.05823,0
