"Points:0","Points:1","Points:2"
11.3001,2.27634,0
11.4668,2.35517,0
11.5284,2.37616,0
11.818,2.65574,0
11.8855,2.74566,0
11.9123,2.80237,0
