"Points:0","Points:1","Points:2"
2.36718,-0.11714,0
1.65009,0.11891,0
2.58563,-0.12188,0
1.69085,0.10357,0
2.73969,-0.06235,0
1.51344,0.12919,0
2.67206,-0.07669,0
4.08888,0.02954,0
2.58011,-0.1323,0
1.52669,0.14579,0
2.45062,-0.12758,0
