"Points:0","Points:1","Points:2"
2.68778,-1.0751,0
2.68191,-1.05579,0
2.79492,-1.04789,0
1.94245,-1.26963,0
