"Points:0","Points:1","Points:2"
2.81037,-0.07864,0
4.29713,-0.0015,0
4.31761,-0.17285,0
4.31932,-0.10908,0
2.79684,-0.08124,0
4.30876,-0.0647,0
4.07054,-0.14234,0
4.02672,-0.1578,0
3.92285,-0.17743,0
2.63691,-0.15856,0
4.30738,-0.06268,0
4.32206,-0.08107,0
