"Points:0","Points:1","Points:2"
1.79503,-0.79478,0
2.17,-0.4809,0
1.72954,-0.86201,0
2.4404,-0.33139,0
2.4546,-0.31909,0
2.31149,-1.64223,0
