"Points:0","Points:1","Points:2"
10.6606,2.45833,0
11.9746,2.77354,0
