"Points:0","Points:1","Points:2"
4.93418,0.18751,0
5.3795,-0.05191,0
5.81679,0.87362,0
5.79739,0.88509,0
