"Points:0","Points:1","Points:2"
1.8138,-0.81499,0
1.68113,-1.35637,0
1.87676,-1.51258,0
1.93197,-1.52032,0
1.7992,-1.49903,0
2.14965,-1.61884,0
2.20791,-1.62488,0
2.81681,-1.5462,0
2.85569,-1.51471,0
2.9187,-1.49799,0
2.71843,-1.57621,0
2.59663,-1.61791,0
