"Points:0","Points:1","Points:2"
3.85782,0.44928,0
3.91261,0.44144,0
4.93746,0.15965,0
4.97817,0.1307,0
5.77754,0.67669,0
