"Points:0","Points:1","Points:2"
2.17513,-1.24981,0
2.44755,-1.10872,0
2.72176,-0.86394,0
2.74052,-0.85554,0
2.34023,-1.1313,0
2.39444,-1.16373,0
2.02876,-1.23498,0
2.68912,-0.91138,0
2.67482,-0.91465,0
2.57936,-0.96329,0
2.39825,-1.1557,0
2.32582,-1.13971,0
