"Points:0","Points:1","Points:2"
4.09425,0.28787,0
3.98981,0.15257,0
4.17825,0.33769,0
3.98647,0.16399,0
