"Points:0","Points:1","Points:2"
14.1752,4.40063,0
14.4136,4.15037,0
14.4403,4.11958,0
14.5084,4.02818,0
14.6126,3.96794,0
14.6691,3.93685,0
14.5773,4.0046,0
14.7522,3.8615,0
15.0677,3.7015,0
14.9879,3.71395,0
15.7128,3.66834,0
15.775,3.60694,0
15.7937,3.59789,0
15.9022,3.42987,0
16.0454,3.20223,0
16.016,3.27663,0
16.0207,3.2495,0
16.0134,3.21436,0
16.1053,3.00529,0
16.0737,3.08478,0
16.0813,3.12591,0
