"Points:0","Points:1","Points:2"
7.28672,1.5929,0
7.378,1.634,0
8.80386,2.55318,0
