"Points:0","Points:1","Points:2"
4.1961,0.57015,0
3.85159,0.17106,0
4.01774,0.46313,0
4.14963,-0.82674,0
4.12443,0.54277,0
4.32264,0.60264,0
4.14911,0.56133,0
4.17527,0.55116,0
3.73943,0.01357,0
3.99582,0.41806,0
4.0611,-0.89683,0
4.41916,-0.63381,0
4.5461,-0.54028,0
4.60646,-0.49399,0
4.65774,-0.43879,0
4.67282,-0.32957,0
4.68228,-0.34604,0
4.69792,-0.27046,0
4.72011,-0.22003,0
4.72461,-0.13222,0
4.73339,-0.0899,0
4.73166,0.07828,0
4.66577,0.48036,0
4.61901,0.52989,0
