"Points:0","Points:1","Points:2"
9.90076,2.8278,0
10.1334,2.81114,0
10.3728,2.69563,0
10.8788,2.17757,0
11.1423,2.17506,0
11.1276,2.18936,0
11.3714,2.31195,0
11.4624,2.34038,0
11.4668,2.35517,0
11.4463,2.33344,0
11.8187,2.63728,0
11.8234,2.62996,0
11.9253,2.80592,0
