"Points:0","Points:1","Points:2"
11.9654,2.55047,0
12.1372,3.24713,0
12.1631,3.31485,0
12.3632,3.61021,0
