"Points:0","Points:1","Points:2"
11.2539,1.79193,0
11.3014,1.85479,0
11.3069,1.84854,0
11.531,1.99585,0
11.6869,2.09894,0
11.7721,2.16244,0
11.6096,2.04052,0
11.9311,2.50083,0
11.839,2.21184,0
11.8313,2.21387,0
11.9859,2.73281,0
12.0199,2.81714,0
11.9851,2.77746,0
12.0498,2.90483,0
12.0657,3.08654,0
12.068,3.17092,0
12.255,3.66606,0
12.3542,3.77336,0
12.2872,3.73145,0
12.4141,3.88226,0
12.4965,3.96793,0
12.4938,3.95713,0
12.5387,3.97867,0
12.6293,4.10098,0
12.6474,4.10331,0
12.6333,4.1139,0
