"Points:0","Points:1","Points:2"
16.3178,2.88453,0
16.5793,1.80691,0
