"Points:0","Points:1","Points:2"
2.75638,-0.97015,0
2.71604,-1.00153,0
2.12586,-1.26876,0
2.09165,-1.31438,0
