"Points:0","Points:1","Points:2"
2.17513,-1.24981,0
2.26638,-0.9758,0
2.67983,-0.2124,0
3.58491,-0.61702,0
2.83038,-0.1995,0
2.64383,-0.24777,0
2.3824,-0.54737,0
2.1795,-1.2336,0
2.69425,-0.21019,0
2.58098,-0.25721,0
3.14017,-0.16984,0
2.10294,-1.17184,0
2.94929,-0.18612,0
3.25445,-0.17524,0
2.27545,-0.98662,0
2.98444,-0.17875,0
3.58159,-0.85562,0
3.1203,-0.16895,0
2.52092,-0.32203,0
3.1466,-0.16685,0
2.37756,-0.57107,0
2.59068,-0.25332,0
