"Points:0","Points:1","Points:2"
3.15233,-1.1058,0
3.27597,-1.03539,0
2.66976,-0.71866,0
