"Points:0","Points:1","Points:2"
3.27023,-0.88497,0
3.59501,-0.81273,0
3.28325,-0.87838,0
3.25791,-0.87932,0
3.30947,-0.8543,0
4.07275,-1.15529,0
3.54065,-0.82261,0
3.62483,-0.84217,0
3.55432,-0.82166,0
3.31752,-0.85578,0
4.90112,-0.16001,0
4.88291,-0.16785,0
