"Points:0","Points:1","Points:2"
8.79148,2.40708,0
9.69161,2.24947,0
