"Points:0","Points:1","Points:2"
4.28144,0.32263,0
3.69551,-0.16209,0
3.00679,-0.16154,0
2.55257,-0.13049,0
2.71888,-0.14782,0
2.80494,-0.1549,0
2.49187,-0.13391,0
4.09018,0.15952,0
4.24164,0.33749,0
3.20997,-0.15185,0
4.19414,0.2929,0
3.55757,-0.17793,0
4.35262,0.36443,0
4.27332,0.34838,0
3.30972,-0.17373,0
3.37553,-0.17823,0
4.16964,0.25399,0
3.60841,-0.1611,0
3.62488,-0.16821,0
4.57903,0.43921,0
4.71772,0.42818,0
4.93147,0.32763,0
