"Points:0","Points:1","Points:2"
2.17482,-0.68887,0
2.74916,-0.9178,0
2.2568,-0.67716,0
2.82107,-1.02214,0
1.96038,-1.4933,0
2.34319,-1.4979,0
2.06355,-1.51988,0
2.13996,-1.5471,0
2.68384,-1.45539,0
