"Points:0","Points:1","Points:2"
6.56292,1.68165,0
7.27681,1.67246,0
7.19692,1.70534,0
7.45544,1.69707,0
7.4251,1.72689,0
7.5925,1.99294,0
7.61615,2.08741,0
7.60323,2.09577,0
7.61006,2.15652,0
7.61381,2.12473,0
7.79495,2.43926,0
7.88994,2.48785,0
7.96602,2.52983,0
8.0424,2.52593,0
8.20293,2.56687,0
8.2096,2.57548,0
8.338,2.5745,0
8.3786,2.58179,0
8.47971,2.5489,0
8.59277,2.51503,0
8.60187,2.52703,0
8.83847,2.46729,0
8.69817,2.48356,0
8.94857,2.46166,0
