"Points:0","Points:1","Points:2"
8.03682,2.67838,0
8.08596,2.6771,0
9.27868,2.20335,0
9.50657,2.29615,0
