"Points:0","Points:1","Points:2"
2.44481,0.07286,0
2.71485,0.07004,0
4.51579,0.03709,0
