"Points:0","Points:1","Points:2"
5.64062,1.9957,0
5.59572,1.87464,0
6.66674,1.80528,0
6.78678,1.7763,0
