"Points:0","Points:1","Points:2"
10.1573,2.59799,0
10.4549,2.49756,0
10.7558,2.28992,0
10.8078,2.22941,0
10.7951,2.26154,0
10.925,2.18732,0
10.8952,2.21782,0
