"Points:0","Points:1","Points:2"
5.32257,-0.0719,0
5.85411,0.78295,0
5.95132,0.47334,0
5.9543,0.49996,0
5.70839,-0.1141,0
5.83125,1.2898,0
5.83509,1.30901,0
5.82048,1.41016,0
