"Points:0","Points:1","Points:2"
2.99632,-0.37061,0
3.23612,-1.45349,0
3.52583,-1.61763,0
