"Points:0","Points:1","Points:2"
3.92929,0.38371,0
3.8306,0.1716,0
4.10713,0.56214,0
3.83827,0.13513,0
4.71729,0.3558,0
4.72108,0.35115,0
4.79429,-0.1723,0
4.7792,0.31354,0
4.80015,0.31628,0
