"Points:0","Points:1","Points:2"
3.28163,-0.75812,0
2.59611,-0.68289,0
3.06915,-1.1759,0
3.31138,-1.24673,0
3.21717,-0.59109,0
2.71546,-0.6193,0
3.20788,-0.58959,0
3.40275,-1.22849,0
3.18495,-1.2466,0
2.56103,-0.67328,0
3.45879,-0.20607,0
2.95216,-0.6836,0
3.47447,-1.23306,0
3.21893,-0.62997,0
3.36166,-1.23625,0
3.40947,-0.93948,0
3.26897,-0.48665,0
3.36634,-0.90195,0
3.08191,-1.17522,0
3.08644,-1.19052,0
3.24825,-1.26432,0
3.26753,-1.25837,0
