"Points:0","Points:1","Points:2"
4.86912,0.40634,0
5.50798,0.22072,0
5.65613,0.31861,0
5.56891,0.28505,0
5.67531,0.32258,0
5.67296,0.3257,0
