"Points:0","Points:1","Points:2"
5.232,0.08524,0
5.18652,0.06944,0
5.28185,0.06529,0
