"Points:0","Points:1","Points:2"
4.2766,0.43952,0
4.49479,0.2575,0
4.4082,0.3568,0
4.07087,0.34626,0
4.42816,0.32932,0
4.58814,-0.1157,0
4.54945,0.14582,0
4.60072,0.13298,0
