"Points:0","Points:1","Points:2"
5.67122,1.72336,0
5.82251,2.15707,0
6.3636,1.9082,0
