"Points:0","Points:1","Points:2"
4.06323,-0.94825,0
3.99487,-0.92369,0
4.10624,-0.94754,0
4.1932,-0.92505,0
4.08797,-0.93128,0
3.97115,-0.93462,0
4.29784,-0.88554,0
3.95909,-0.9261,0
4.32728,-0.83424,0
4.21413,-0.92138,0
4.77908,-0.29642,0
4.77703,-0.30252,0
4.85874,-0.51079,0
4.89887,-0.50313,0
