"Points:0","Points:1","Points:2"
4.91162,0.23927,0
4.99638,0.15796,0
5.15507,0.04168,0
5.19384,0.03988,0
5.3179,-0.00532,0
5.28455,-0.00385,0
5.35646,-0.00885,0
5.52755,0.0168,0
5.43431,0.0038,0
5.50546,0.01553,0
5.44291,0.00956,0
5.45505,-0.00677,0
5.65283,0.09266,0
5.77023,0.17529,0
