"Points:0","Points:1","Points:2"
3.18943,-0.30959,0
2.14577,-1.12285,0
2.38803,-0.60237,0
3.2051,-1.00172,0
2.34134,-0.90619,0
2.13938,-1.14828,0
2.13562,-1.14808,0
2.13623,-1.18077,0
2.60516,-0.37915,0
2.11917,-1.1995,0
2.49532,-0.45351,0
2.12654,-1.19405,0
2.12604,-1.18455,0
