"Points:0","Points:1","Points:2"
11.8414,3.60379,0
11.914,3.659,0
11.9631,3.725,0
11.9027,3.6642,0
11.9847,3.75205,0
12.0989,3.91075,0
12.0909,3.94964,0
12.1564,4.0034,0
12.2354,4.12198,0
12.1655,4.00402,0
12.3568,4.21761,0
12.4511,4.29466,0
12.3743,4.22825,0
12.3844,4.26518,0
12.8224,4.40239,0
13.3002,4.2074,0
13.1434,4.35255,0
13.0319,4.38315,0
12.9577,4.39734,0
13.5239,4.08986,0
13.3581,4.1513,0
13.6228,4.04608,0
13.6531,4.08021,0
13.7538,4.07454,0
13.9878,4.00974,0
13.845,4.05691,0
