"Points:0","Points:1","Points:2"
16.178,1.54766,0
16.3961,1.09072,0
