"Points:0","Points:1","Points:2"
3.27001,-0.66934,0
3.18256,-1.04318,0
3.14016,-1.03188,0
3.20232,-1.04698,0
2.71785,-0.72147,0
2.7378,-0.74925,0
3.30013,-0.63001,0
