"Points:0","Points:1","Points:2"
5.37441,-0.18202,0
5.88791,1.43104,0
