"Points:0","Points:1","Points:2"
3.39204,-0.634,0
3.09137,-1.06169,0
2.70815,-0.78104,0
3.67982,-0.46013,0
3.33633,-0.76959,0
3.40352,-0.61828,0
3.62572,-0.47329,0
4.29648,-1.10909,0
4.09608,-0.69044,0
3.40904,-0.60239,0
4.29892,-1.1575,0
4.24544,-1.00966,0
2.8676,-0.91741,0
3.21247,-1.06699,0
2.90705,-0.94351,0
3.25411,-1.04515,0
3.91,-0.60877,0
4.06709,-0.6733,0
3.02981,-1.0416,0
3.31839,-0.96533,0
2.80974,-0.86573,0
3.91251,-0.61254,0
4.3456,-1.1708,0
3.48435,-0.52217,0
4.49549,-1.30436,0
