"Points:0","Points:1","Points:2"
2.63187,0.01865,0
4.32122,0.10517,0
3.47783,-0.08139,0
4.31893,0.12379,0
4.22535,0.12285,0
4.29258,0.2012,0
2.93812,0.14614,0
3.76249,-0.26613,0
2.71485,0.07004,0
4.41293,-0.19519,0
