"Points:0","Points:1","Points:2"
1.69272,0.04024,0
3.99097,0.00891,0
1.44961,0.05972,0
2.33025,0.02006,0
1.70807,0.04532,0
