"Points:0","Points:1","Points:2"
4.32929,-0.69182,0
4.69805,-0.28369,0
