"Points:0","Points:1","Points:2"
4.23642,-1.02365,0
3.55358,-1.02559,0
3.91485,-0.92911,0
3.6903,-0.97135,0
4.16514,-0.97903,0
4.46861,-0.64896,0
4.02477,-0.93158,0
3.5095,-1.02108,0
4.09162,-0.96325,0
4.20001,-0.9781,0
4.4143,-0.51011,0
3.98579,-0.94441,0
4.58047,-0.81915,0
4.62424,-0.94415,0
4.55742,-0.36395,0
4.7601,-0.40759,0
4.84892,-0.42044,0
5.07971,-0.34337,0
