"Points:0","Points:1","Points:2"
3.99805,-0.0589,0.00485
3.74862,-0.07568,0.00672
3.4992,-0.06004,1e-05
3.24931,-0.06754,2e-05
3.00546,-0.01246,1e-05
2.75563,-0.00319,4e-05
2.50596,0.0096,0.00063
2.25654,-0.00743,0
2.00727,-0.02658,0
1.75798,-0.00784,6e-05
1.50799,-0.00493,0
1.28321,0.1044,0.0042
1.06015,0.21723,0
