"Points:0","Points:1","Points:2"
4.00122,0.01469,0.01009
3.75211,-0.004,0.00038
3.5022,-0.01065,0
3.25221,-0.01276,0.00025
3.00232,-0.00534,0
2.75232,-0.00507,4e-05
2.50302,0.01372,2e-05
2.25377,-0.00565,1e-05
2.00468,-0.02684,0.00205
1.75526,-0.00993,0.00015
1.51147,0.04536,0.00283
1.26349,0.01374,2e-05
1.0197,-0.04157,0.00283
