"Points:0","Points:1","Points:2"
3.99797,-0.06167,0
3.7481,-0.06968,0
3.49875,-0.05176,0
3.24922,-0.06709,0
3.0056,-0.01097,0.00179
2.75579,-0.00142,0.00355
2.50676,0.02031,1e-05
2.25805,-0.00498,0
2.00867,-0.0226,0
1.75902,-0.00932,7e-05
1.50903,-0.00755,0
1.28175,0.09659,1e-05
1.06482,0.2208,0.00392
