"Points:0","Points:1","Points:2"
3.99749,-0.06514,2e-05
3.7475,-0.06717,0
3.49756,-0.062,0.00222
3.24759,-0.06476,0
3.00282,-0.01387,8e-05
2.75301,-0.0042,0
2.50353,0.01168,0.00247
2.2541,-0.00501,0
2.00461,-0.021,0.00158
1.75482,-0.01083,0.00054
1.50485,-0.00692,0
1.29138,0.12313,0.00378
1.05628,0.20806,0
