"Points:0","Points:1","Points:2"
4.00347,0.00493,0
3.7536,-0.00317,7e-05
3.50412,-0.01933,4e-05
3.2544,-0.00749,0
3.00442,-0.01033,0.00138
2.75453,-0.00304,0.00165
2.5048,0.0086,3e-05
2.25527,-0.00665,0
2.00606,-0.02651,2e-05
1.75666,-0.00928,0.00096
1.50667,-0.01226,1e-05
1.25705,-0.02596,0
1.00708,-0.02225,0
