"Points:0","Points:1","Points:2"
3.99562,-0.06461,0.00552
3.75173,-0.00995,0
3.50258,0.01048,0.00206
3.25258,0.00976,0.00287
3.00314,-0.00668,8e-05
2.75317,-0.00292,0.00021
2.50367,0.01294,0
2.25476,-0.01042,0
2.00517,-0.02473,2e-05
1.7555,-0.01258,0.00373
1.50681,0.01299,0.00195
1.26356,0.07065,0.00363
1.03292,0.16704,1e-05
