"Points:0","Points:1","Points:2"
4.00252,0.00066,0.00074
3.75252,0.00108,0.00084
3.50307,-0.0155,0
3.25328,-0.0051,0.00028
3.00331,-0.00891,0
2.75331,-0.00943,2e-05
2.50453,0.0152,0.00139
2.25547,-0.00635,0.00349
2.00579,-0.0188,0.00147
1.75596,-0.00969,0
1.50784,0.02093,0.00011
1.2582,0.00762,0.00166
1.01151,-0.03289,3e-05
