"Points:0","Points:1","Points:2"
3.99761,-0.06278,0.0001
3.74862,-0.04292,0.01057
3.49926,-0.05954,0.00407
3.24944,-0.06821,0
3.00409,-0.02022,8e-05
2.75447,-0.00657,0.00211
2.505,0.00964,5e-05
2.25552,-0.00637,0.00104
2.00631,-0.02621,0
1.7568,-0.01062,0
1.50681,-0.00779,0.00116
1.28952,0.11583,0.0017
1.05789,0.20988,0.00382
