"Points:0","Points:1","Points:2"
3.99528,-0.06063,0.003
3.74546,-0.06968,1e-05
3.49577,-0.05767,0.00318
3.24586,-0.06341,2e-05
3.00271,-0.00545,0.0042
2.75276,-0.00231,0
2.50318,0.01208,0.00106
2.25422,-0.01073,0
2.0047,-0.02619,8e-05
1.7551,-0.01206,0
1.50522,-0.00435,0
1.28943,0.12177,0.005
1.05312,0.20324,1e-05
