"Points:0","Points:1","Points:2"
3.99437,-0.06427,0.00046
3.74453,-0.07317,0.00158
3.49512,-0.05618,0
3.24535,-0.06704,8e-05
3.00051,-0.01655,0
2.751,-0.00084,9e-05
2.50182,0.01875,0.00492
2.25465,-0.01847,0.00019
2.00486,-0.02863,0.0006
1.75547,-0.01112,5e-05
1.51222,0.04657,0
1.27368,0.12134,0.00302
1.02389,0.11139,0.00017
