"Points:0","Points:1","Points:2"
3.99754,-0.06002,0
3.74769,-0.06858,0
3.49842,-0.0494,0.00024
3.24888,-0.06447,7e-05
3.0042,-0.01318,1e-05
2.75444,-0.0025,0.0023
2.50485,0.01186,0.00303
2.2553,-0.00307,0.00153
2.00622,-0.02447,0
1.7566,-0.01131,0.00357
1.50699,0.00272,0.00492
1.2699,0.08193,0.00134
1.0297,0.15122,0
