"Points:0","Points:1","Points:2"
3.99751,-0.0651,0.00101
3.7477,-0.07496,0
3.49828,-0.05812,0.00214
3.24848,-0.06774,0
3.0039,-0.01604,0.00346
2.7542,-0.00435,0.0003
2.50492,0.01458,0.0001
2.25532,0.00038,0.00013
2.00677,-0.02653,0.00074
1.75736,-0.00946,0
1.50745,-0.01557,0.00335
1.2844,0.0973,0.00081
1.06476,0.2167,0
