"Points:0","Points:1","Points:2"
3.99716,-0.06111,0.0008
3.74882,-0.08985,0.00287
3.49921,-0.07588,0.00326
3.24977,-0.05959,0
3.00295,-0.01987,0.00249
2.75359,-0.0021,0.00084
2.5045,0.01915,6e-05
2.25629,-0.01076,0
2.00652,-0.02143,0.0009
1.75677,-0.01029,0
1.50688,-0.01744,2e-05
1.28094,0.08957,1e-05
1.07227,0.22726,0.00142
