"Points:0","Points:1","Points:2"
3.99743,-0.06441,0.00089
3.74797,-0.08069,0
3.49804,-0.08206,0.00613
3.24922,-0.05866,0
3.003,-0.01536,0
2.75354,0.00108,0.00012
2.50363,0.00775,0
2.25399,-0.00563,0.00092
2.00451,-0.02179,0
1.75469,-0.01235,0.00136
1.50557,-0.00544,0.02116
1.27814,0.0962,5e-05
1.07017,0.23484,0.00499
