"Points:0","Points:1","Points:2"
3.99706,-0.06045,0.00117
3.74745,-0.07439,2e-05
3.49884,-0.04803,0
3.24932,-0.0634,0.00117
3.00361,-0.01726,0.00096
2.75398,-0.00426,0.00484
2.50496,0.01776,0.00308
2.25659,-0.0106,0
2.00704,-0.02564,0
1.75758,-0.00936,7e-05
1.50764,-0.00653,0.00489
1.2855,0.10805,0
1.06186,0.21975,0.003
