"Points:0","Points:1","Points:2"
3.99986,-0.05997,0
3.74987,-0.06011,0.0017
3.49987,-0.05852,0.00236
3.24989,-0.05743,0
3.00179,-0.02665,0.00078
2.75312,-0.00086,1e-05
2.50411,0.02131,0
2.25683,-0.01547,0
2.00684,-0.01764,0
1.75689,-0.0185,0.00485
1.50719,-0.00716,0.00011
1.2845,0.10645,0
1.05765,0.21143,0.00465
