"Points:0","Points:1","Points:2"
3.99622,-0.06108,0.00255
3.75133,-0.01088,0.00024
3.50151,-0.00269,0.00506
3.25156,-0.00114,0.00023
3.00161,-0.00379,0.00476
2.75166,-0.0033,2e-05
2.50224,0.01372,8e-05
2.25332,-0.0095,0.0014
2.00363,-0.02129,0.00551
1.75391,-0.01029,0.00145
1.50392,-0.01238,0.00102
1.263,0.05438,0
1.04672,0.17978,0.00058
