"Points:0","Points:1","Points:2"
3.99912,-0.06041,4e-05
3.74977,-0.04244,0
3.50051,-0.06167,0.00116
3.25054,-0.0579,0.00125
3.00356,-0.01918,0.00242
2.75394,-0.00534,0.00181
2.5047,0.01409,0.00325
2.25635,-0.01439,0
2.00639,-0.01865,0
1.75665,-0.00734,0.00195
1.50686,0.00236,0.00495
1.27344,0.09176,1e-05
1.06165,0.22459,0
