"Points:0","Points:1","Points:2"
3.99655,-0.06169,0
3.74698,-0.07605,0.00256
3.49782,-0.05556,0.00233
3.24805,-0.06615,0
3.00222,-0.02071,0
2.75283,-0.00323,0
2.50398,0.02069,2e-05
2.25591,-0.01027,0.00185
2.00624,-0.02304,8e-05
1.75648,-0.01236,0.00198
1.50678,-0.00175,0.00835
1.27924,0.10162,0.00209
1.0603,0.22228,0
