"Points:0","Points:1","Points:2"
3.99928,-0.06364,0.00058
3.74951,-0.05286,0
3.49973,-0.0634,0.00093
3.24975,-0.06299,0.00367
3.00334,-0.02076,0.00311
2.75435,0.00149,0
2.50493,0.01844,1e-05
2.25619,-0.00663,0.00102
2.00718,-0.0288,0.00154
1.75812,-0.0071,0.00073
1.50826,-0.01514,0.00282
1.29219,0.1106,0.00063
1.06058,0.20472,0.00011
