"Points:0","Points:1","Points:2"
3.9966,-0.06515,1e-05
3.74669,-0.07165,0
3.49705,-0.05826,2e-05
3.24734,-0.07046,2e-05
3.00353,-0.0152,0
2.75381,-0.00323,5e-05
2.50421,0.01078,0.00085
2.25461,-0.00223,0.00625
2.00581,-0.02593,2e-05
1.75625,-0.01112,0
1.50625,-0.01057,0.00104
1.28646,0.10855,0
1.0595,0.21332,0.00373
