"Points:0","Points:1","Points:2"
3.99888,-0.06562,0
3.7489,-0.06641,0.00268
3.49897,-0.06029,0.00125
3.24902,-0.05639,0.00358
3.00165,-0.02034,0
2.75235,-0.00165,2e-05
2.50275,0.01238,1e-05
2.25431,-0.01512,0.0049
2.00451,-0.02379,1e-05
1.755,-0.00822,2e-05
1.50516,-0.01734,3e-05
1.27969,0.09062,0.00236
1.06984,0.22649,0.00055
