"Points:0","Points:1","Points:2"
3.99602,-0.05986,4e-05
3.75123,-0.00913,0.00197
3.50194,0.00964,0.00359
3.25197,0.00868,0.00019
3.00287,-0.01252,1e-05
2.75297,-0.00544,0.0002
2.50414,0.0187,0
2.25578,-0.0099,0.00103
2.0059,-0.01757,0.00106
1.75591,-0.01593,0.00309
1.50707,0.00718,0.00963
1.26264,0.05954,0.00576
1.03862,0.17046,0.00296
