"Points:0","Points:1","Points:2"
3.99569,-0.06516,0
3.75009,-0.01848,3e-05
3.50252,0.01632,8e-05
3.25297,0.00144,0
3.00307,-0.00564,0
2.75307,-0.0037,0.00015
2.50384,0.0157,0.00251
2.25485,-0.00661,9e-05
2.00533,-0.02207,0.00122
1.75542,-0.0162,0.00435
1.50934,0.02788,0.00335
1.26171,0.06209,0
1.03777,0.17323,0
