"Points:0","Points:1","Points:2"
3.99591,-0.06569,0.00211
3.7514,-0.01363,1e-05
3.50148,-0.00725,4e-05
3.25149,-0.00487,0
3.00154,-0.0095,2e-05
2.75162,-0.00315,0
2.50266,0.01968,1e-05
2.25413,-0.00732,0.00128
2.0048,-0.02508,0.00607
1.75549,-0.00701,0.00181
1.5055,-0.00523,0.00226
1.2674,0.07044,0.01147
1.03481,0.16169,0.00301
