"Points:0","Points:1","Points:2"
3.99709,-0.06407,0.00107
3.74716,-0.07025,2e-05
3.49753,-0.05681,1e-05
3.24766,-0.06229,0.00604
3.00215,-0.01551,2e-05
2.75237,-0.00565,0.00397
2.50354,0.01851,0.0038
2.25598,-0.0161,1e-05
2.00606,-0.0224,2e-05
1.75641,-0.0092,0
1.50645,-0.00546,0.00265
1.26626,0.06383,0
1.03722,0.16404,0.00172
