"Points:0","Points:1","Points:2"
3.99789,-0.06197,0.00064
3.74804,-0.07044,0.00265
3.49855,-0.05473,0
3.24862,-0.06061,0.00161
3.00225,-0.0182,0
2.75255,-0.00622,0.00152
2.50312,0.01059,0
2.25395,-0.00986,0.00013
2.00474,-0.02946,0.00253
1.75573,-0.00716,0.00245
1.50577,-0.0029,0.00288
1.28916,0.12189,0
1.05415,0.20715,0
