"Points:0","Points:1","Points:2"
3.99733,-0.0616,0.00081
3.75284,-0.00956,0.0047
3.50316,0.00308,0.00279
3.25329,-0.00442,0.00059
3.00329,-0.00295,0
2.7533,-0.00489,0.00023
2.50397,0.01341,0.00055
2.25515,-0.01087,2e-05
2.00541,-0.02231,4e-05
1.75553,-0.01451,0.00019
1.50588,-0.00509,0.00951
1.26976,0.07651,0.00031
1.03425,0.16039,0.00091
