"Points:0","Points:1","Points:2"
3.99688,-0.06005,0
3.74723,-0.07313,1e-05
3.49754,-0.06055,0
3.24759,-0.06193,0.00467
3.00177,-0.01665,0
2.75204,-0.00619,0.00528
2.50325,0.01816,0.00202
2.25465,-0.00813,0.00029
2.0049,-0.01947,0.00015
1.75499,-0.01345,0.00274
1.50712,0.00814,0.0271
1.27417,0.09488,0.00044
1.06269,0.22821,0
