"Points:0","Points:1","Points:2"
3.99674,-0.062,0.0015
3.74702,-0.07377,9e-05
3.49771,-0.05521,0
3.24785,-0.06345,6e-05
3.00285,-0.01371,0
2.75323,3e-05,0.00192
2.50368,0.0148,0
2.25479,-0.00881,0.00016
2.00538,-0.02596,0.00062
1.7561,-0.00714,0.00235
1.50626,-0.00529,0.01109
1.2776,0.09521,0.00026
1.06814,0.23169,0.0005
