"Points:0","Points:1","Points:2"
4.00075,0.01459,0.00568
3.7513,-0.00096,0
3.50165,-0.01419,4e-05
3.25166,-0.01198,0
3.00166,-0.01183,0.0001
2.75181,-0.00329,0
2.50257,0.01624,4e-05
2.25358,-0.00589,0.00381
2.00416,-0.02256,1e-05
1.75447,-0.0102,0
1.50465,-0.00088,0.00181
1.26544,0.07176,0.00184
1.01563,0.08144,0
