"Points:0","Points:1","Points:2"
3.99705,-0.06109,0.0014
3.75061,-0.0244,0.02194
3.50153,-0.01401,0.00322
3.25469,0.02548,0
3.00598,0.00014,0.00017
2.75601,-0.00417,0
2.50679,0.01546,0.00172
2.25799,-0.00892,0
2.00832,-0.02183,0.00052
1.75846,-0.01356,0.00132
1.51226,0.02948,0.00707
1.2654,0.06889,0.00984
1.03501,0.16546,2e-05
