"Points:0","Points:1","Points:2"
3.99594,-0.0577,0.00044
3.74887,-0.01953,4e-05
3.50233,0.0219,0.00012
3.25263,0.00953,0
3.00323,-0.00778,0.00111
2.75325,-0.00571,0.00349
2.504,0.01327,0
2.25495,-0.00845,0.00209
2.00534,-0.0222,0.00063
1.75578,-0.0077,0.00425
1.50605,-0.01834,0
1.27211,0.06982,0.00145
1.03979,0.16213,0.00369
