"Points:0","Points:1","Points:2"
3.99515,-0.05566,0.00078
3.74641,-0.08066,0.00017
3.4969,-0.09493,0.00677
3.24965,-0.05852,0.00034
3.00296,-0.01796,0
2.75354,-0.00089,0.00011
2.5038,0.01031,0.00018
2.2546,-0.0097,0.00042
2.00487,-0.02142,0.00024
1.75519,-0.00878,0
1.50546,-0.01995,0.00306
1.2853,0.09847,7e-05
1.06567,0.21779,0.00482
