"Points:0","Points:1","Points:2"
3.99889,-0.06171,0.00095
3.74914,-0.07278,0.00218
3.49976,-0.05517,0.00208
3.25005,-0.06698,0
3.00535,-0.01609,0.00542
2.75601,0.00132,3e-05
2.50625,0.01183,0.00252
2.2566,-0.00155,0.00176
2.00769,-0.02476,0.00107
1.75795,-0.01333,1e-05
1.50799,-0.01726,0.00173
1.28638,0.09845,6e-05
1.06494,0.21443,0.00322
