"Points:0","Points:1","Points:2"
3.9956,-0.06795,0
3.75068,-0.01778,0
3.50343,0.01911,0.00228
3.25394,0.00325,0.0001
3.00437,-0.01139,0.00014
2.75461,-0.00041,0.00025
2.50478,0.00874,5e-05
2.25528,-0.00704,0
2.00671,-0.03373,0.00126
1.75749,-0.01396,3e-05
1.51014,0.0217,0.00688
1.26895,0.08711,2e-05
1.02794,0.15355,0
