"Points:0","Points:1","Points:2"
3.99852,-0.05631,1e-05
3.75248,-0.01207,0.0026
3.50306,0.00494,0.00196
3.2534,-0.00796,6e-05
3.00342,-0.00832,0.0033
2.75347,-0.00404,0.00043
2.5043,0.01625,0.00056
2.25506,-0.00329,0.00011
2.0067,-0.03183,0
1.7585,-0.00187,0.0013
1.50874,0.00906,0.00117
1.27235,0.09042,0.00018
1.03051,0.15373,0.00091
