"Points:0","Points:1","Points:2"
3.99678,-0.05914,1e-05
3.74689,-0.06678,0.00013
3.49719,-0.05473,0
3.24749,-0.06709,1e-05
3.00344,-0.01293,0.00281
2.75372,-0.00153,0
2.50385,0.00648,7e-05
2.25395,0.00015,0.00344
2.00553,-0.02766,0
1.75639,-0.00687,0.00053
1.50697,0.01008,0
1.26339,0.06598,0.00665
1.03721,0.1724,0.00248
