"Points:0","Points:1","Points:2"
3.99724,-0.06383,0.00177
3.75403,-0.00595,0.00143
3.50404,-0.00457,0
3.25404,-0.00439,2e-05
3.00414,-0.00932,0.00489
2.75421,-0.00623,1e-05
2.50501,0.01355,0.00302
2.25592,-0.00754,0
2.0064,-0.02297,0.00049
1.75684,-0.0081,0
1.50709,0.00267,0.0034
1.2707,0.08395,7e-05
1.03246,0.15973,0
