"Points:0","Points:1","Points:2"
3.9957,-0.06277,0.00124
3.75402,0.00117,2e-05
3.50421,-0.00863,0.00011
3.25423,-0.00932,0.00274
3.00423,-0.00877,0.00141
2.75429,-0.00357,0.0004
2.50471,0.01098,0
2.25506,-0.00226,0
2.00569,-0.01991,0.0011
1.75586,-0.0109,0.00013
1.50678,0.01062,0
1.26053,0.05376,0
1.03857,0.16879,0
