"Points:0","Points:1","Points:2"
3.99611,-0.06595,0
3.75256,-0.00955,0.00131
3.5026,-0.00706,0.00511
3.25266,-0.00531,6e-05
3.00269,-0.00299,0.00311
2.75271,-0.00234,0.00028
2.50368,0.01967,0.0017
2.25509,-0.00683,1e-05
2.00593,-0.02708,0.0025
1.7567,-0.0076,1e-05
1.5084,0.02135,0.00311
1.26145,0.06025,0.00129
1.03914,0.17461,0.0012
