"Points:0","Points:1","Points:2"
3.99831,-0.06117,0.00436
3.75313,-0.01251,5e-05
3.50317,-0.00787,0
3.25318,-0.00663,1e-05
3.00319,-0.0091,0.00098
2.75321,-0.00584,0
2.50385,0.01198,0.00011
2.25498,-0.01162,0.00253
2.00517,-0.02123,0.00095
1.75537,-0.01153,0.00381
1.50552,-0.00327,0.00145
1.27016,0.08102,0.00179
1.03327,0.16088,0
