"Points:0","Points:1","Points:2"
3.99508,-0.06674,0
3.75206,-0.00811,3e-05
3.5021,-0.00496,0.00361
3.25215,-0.00862,6e-05
3.00216,-0.00828,0.00095
2.75216,-0.00701,1e-05
2.50335,0.01732,0.0005
2.25472,-0.00886,0.00066
2.00522,-0.02464,1e-05
1.75582,-0.00754,0.0021
1.50593,-0.00016,0.0001
1.26612,0.07047,0
1.0353,0.1665,0.00132
