"Points:0","Points:1","Points:2"
3.99741,-0.06207,0
3.74775,-0.07476,0.00325
3.49824,-0.05952,0
3.24824,-0.05975,0.00088
3.00142,-0.02001,2e-05
2.75214,-0.0011,0
2.50244,0.01103,6e-05
2.25286,-0.00353,0
2.00398,-0.02713,0.00057
1.75498,-0.00481,0.00247
1.50539,0.00927,0.00059
1.26766,0.08657,0.00366
1.02827,0.1586,0.00139
