"Points:0","Points:1","Points:2"
3.99665,-0.06852,0
3.75523,-0.00358,0.00133
3.50525,-0.00671,6e-05
3.25547,0.00045,0.00772
3.0057,-0.00692,4e-05
2.75587,0.00225,0.00141
2.50612,0.01332,1e-05
2.25706,-0.00828,0
2.00739,-0.0212,1e-05
1.75753,-0.01297,0.0006
1.50866,0.00356,0.01765
1.26891,0.0724,0.00075
1.0377,0.16748,0.0017
