"Points:0","Points:1","Points:2"
3.99913,-0.06124,0.00209
3.74968,-0.0456,0.00727
3.49996,-0.05569,0.00095
3.24997,-0.05783,0
3.0028,-0.02032,0.00141
2.75327,-0.00503,0.00021
2.50396,0.01341,0.00226
2.25478,-0.00665,5e-05
2.00552,-0.02581,0
1.75614,-0.00814,1e-05
1.50653,0.0058,1e-05
1.26747,0.07879,0.00476
1.07116,0.23352,2e-05
