"Points:0","Points:1","Points:2"
3.99548,-0.06313,0
3.75333,-0.00095,3e-05
3.50367,-0.01388,2e-05
3.25378,-0.00651,2e-05
3.00378,-0.00462,2e-05
2.75379,-0.00688,0
2.50488,0.01637,0
2.25632,-0.01038,0.00108
2.00657,-0.02161,0.00245
1.75662,-0.01713,0
1.5119,0.0338,0.00418
1.26493,0.07237,0
1.03221,0.16369,0
