"Points:0","Points:1","Points:2"
4.00363,0.00132,0.00704
3.75382,-0.00547,0.00026
3.50382,-0.00462,0.00082
3.25394,-0.01234,6e-05
3.00395,-0.01003,0.00081
2.75397,-0.0065,0.00016
2.50477,0.01336,0.00107
2.25576,-0.00886,0.0001
2.00604,-0.02065,2e-05
1.75618,-0.01227,0
1.50683,0.00567,0.00262
1.26566,0.07148,0.00078
1.03675,0.17199,1e-05
