"Points:0","Points:1","Points:2"
3.9973,-0.06207,0.00026
3.75276,-0.01011,0.00031
3.50282,-0.00486,0
3.25282,-0.00413,0.00014
3.00282,-0.00274,0
2.75283,-0.00491,0
2.50334,0.0109,0.00204
2.25381,-0.00435,0
2.00464,-0.02467,0
1.75502,-0.01103,0.00211
1.5128,0.05085,0.00118
1.26306,0.06201,0
1.03229,0.15817,2e-05
