"Points:0","Points:1","Points:2"
3.99676,-0.06011,0
3.74698,-0.07065,4e-05
3.49761,-0.05298,0.00178
3.2477,-0.05949,0.00208
3.00184,-0.01422,9e-05
2.75216,-0.0015,0.0005
2.50285,0.01705,0
2.25361,-0.00244,0
2.00429,-0.02083,0.00115
1.75435,-0.0156,2e-05
1.51222,0.04608,0.00841
1.27472,0.12368,0
1.02478,0.12519,0.00492
