"Points:0","Points:1","Points:2"
3.9992,-0.06158,2e-05
3.74937,-0.07059,0.00181
3.49971,-0.05765,0.00093
3.24974,-0.06103,0.0001
3.00349,-0.01786,0.00093
2.75396,-0.00261,0
2.50455,0.01454,0
2.25624,-0.01451,8e-05
2.00634,-0.02134,0
1.75669,-0.00813,0.00079
1.50669,-0.00918,0
1.28158,0.0993,0.0075
1.06382,0.22196,0.00155
