"Points:0","Points:1","Points:2"
3.995,-0.06457,0.00097
3.75244,-0.00403,0.00209
3.50267,-0.01473,0.00169
3.25279,-0.0072,0.0007
3.00279,-0.00654,0.00013
2.75279,-0.00547,0
2.50387,0.01777,0
2.2547,-0.00258,3e-05
2.00545,-0.02185,0
1.75571,-0.01096,0.00323
1.50825,0.0233,0.01271
1.26525,0.08128,0.00317
1.027,0.15702,0.00209
