"Points:0","Points:1","Points:2"
3.99952,-0.06458,2e-05
3.75042,-0.04357,0.00226
3.50092,-0.05927,0.00393
3.25095,-0.06145,0.00039
3.00432,-0.02053,6e-05
2.75534,0.00196,0
2.50576,0.01603,0.00387
2.25668,-0.00506,0
2.00722,-0.0214,0.00026
1.75764,-0.00692,4e-05
1.50774,-0.01223,0.00494
1.28584,0.10292,0.00543
1.06121,0.21253,1e-05
