"Points:0","Points:1","Points:2"
3.99854,-0.0613,0
3.74864,-0.06838,0.00031
3.49908,-0.05359,0
3.24941,-0.06639,0.00012
3.00443,-0.01659,0.00228
2.75481,-0.00307,0
2.50554,0.01607,0
2.25644,-0.00472,0.00422
2.00734,-0.02593,0.00523
1.75823,-0.00556,0
1.50828,-0.00188,0.00363
1.27406,0.08543,0
1.06798,0.22694,0.00276
