"Points:0","Points:1","Points:2"
3.99758,-0.05603,0.00066
3.74806,-0.07144,0
3.49814,-0.065,0.00087
3.24816,-0.06778,0
3.00384,-0.01479,7e-05
2.75414,-0.00309,0.00355
2.50477,0.01439,3e-05
2.2558,-0.00826,0
2.00619,-0.02215,0
1.75655,-0.00915,0.00363
1.50679,-0.01955,0.0002
1.28367,0.09322,0.00051
1.068,0.21966,0
