"Points:0","Points:1","Points:2"
3.99865,-0.06713,3e-05
3.7498,-0.04318,0.00215
3.50009,-0.05501,0.00278
3.25015,-0.0602,0
3.00343,-0.01988,0
2.75377,-0.00669,3e-05
2.50508,0.01886,0
2.25717,-0.01325,0.00249
2.00723,-0.01879,0.00078
1.7573,-0.01284,0.00138
1.50732,-0.01343,0.00393
1.28561,0.10208,0.00225
1.06499,0.21964,0
