"Points:0","Points:1","Points:2"
3.99576,-0.06458,0.00269
3.7508,-0.01467,0.00225
3.5009,-0.00753,0.00134
3.25093,-0.00377,1e-05
3.00106,-0.01158,0.00071
2.75127,-0.00202,0.00456
2.5022,0.01906,0
2.2537,-0.00825,0
2.0038,-0.0155,0.0001
1.75381,-0.01448,0
1.50531,0.01283,0.00202
1.25879,0.05436,0.00103
1.03732,0.17035,0.00107
