"Points:0","Points:1","Points:2"
3.99904,-0.06199,0
3.74906,-0.06467,0.00226
3.49914,-0.05855,0.00292
3.24927,-0.06633,0.00014
3.00389,-0.01853,0.00017
2.75437,-0.00293,0
2.50477,0.01109,0
2.25531,-0.0049,0.004
2.00616,-0.02506,0
1.75665,-0.00947,0.00192
1.50678,-0.00159,0
1.28939,0.12182,0.00296
1.0535,0.20459,0
