"Points:0","Points:1","Points:2"
3.99843,-0.06334,0.00116
3.74856,-0.07139,0.00284
3.4995,-0.04998,0
3.24996,-0.06489,0.00313
3.00448,-0.01769,0
2.75498,-0.0026,0.0048
2.50589,0.01816,0
2.25717,-0.00706,0.00083
2.00804,-0.02785,0.0013
1.75866,-0.01022,0.00197
1.50916,0.00541,0
1.26816,0.07185,0.00204
1.03713,0.16737,0.00308
