"Points:0","Points:1","Points:2"
3.9957,-0.06522,0.00025
3.75359,-0.00294,0.0024
3.50373,-0.01105,0.00084
3.25387,-0.00261,5e-05
3.00394,-0.00843,0.00015
2.75398,-0.00596,0.00375
2.50535,0.01992,1e-05
2.25698,-0.00862,9e-05
2.00719,-0.01877,0
1.75725,-0.01304,3e-05
1.50778,0.00272,0.00369
1.26721,0.07069,0.00121
1.03626,0.1664,0.0003
