"Points:0","Points:1","Points:2"
3.99614,-0.0612,0
3.74645,-0.07363,9e-05
3.49758,-0.04988,0
3.248,-0.06433,0
3.00319,-0.01381,0.00426
2.7536,0.00021,0.00142
2.50377,0.00948,0.00213
2.25416,-0.00421,0
2.00505,-0.02522,0.00198
1.7559,-0.00478,0
1.50613,-0.01558,1e-05
1.29068,0.11124,1e-05
1.05698,0.19998,0.00261
