"Points:0","Points:1","Points:2"
4.00322,0.00103,0.00365
3.7533,-0.00426,2e-05
3.50333,-0.00791,0.00077
3.25336,-0.00426,3e-05
3.00336,-0.00594,0
2.75338,-0.00611,0.00298
2.50405,0.012,2e-05
2.25458,-0.00407,0.00198
2.00554,-0.026,0.00266
1.75609,-0.00953,0.00153
1.50915,0.02948,0
1.26018,0.00682,0.0006
1.01214,-0.02431,0.0028
