"Points:0","Points:1","Points:2"
3.99699,-0.06337,2e-05
3.75362,-0.00618,0.00044
3.50365,-0.01005,3e-05
3.25374,-0.00319,0.00054
3.00381,-0.00889,8e-05
2.75391,-0.00198,0.00165
2.50462,0.01677,0.00055
2.25582,-0.00769,0.00233
2.00629,-0.02269,0
1.75676,-0.00735,0
1.50822,0.01966,0
1.26156,0.06038,5e-05
1.03959,0.17539,0
