"Points:0","Points:1","Points:2"
3.99886,-0.06023,0.00089
3.74893,-0.06632,1e-05
3.4991,-0.05743,0.00186
3.24917,-0.06324,3e-05
3.00323,-0.01859,0.00465
2.75366,-0.00474,6e-05
2.50431,0.01333,9e-05
2.25512,-0.00671,0.00194
2.00566,-0.02303,0.0015
1.75583,-0.01401,0.00309
1.5078,-0.00118,0.03167
1.28788,0.11348,0.00021
1.05818,0.21216,0.0005
