"Points:0","Points:1","Points:2"
3.99493,-0.06707,0
3.75244,-0.00626,0.00084
3.50276,0.00622,0.00196
3.25302,-0.00508,3e-05
3.00309,-0.01078,0.00031
2.75313,-0.00602,0
2.50396,0.01418,0.00261
2.255,-0.00861,0.00286
2.00552,-0.02463,0.00269
1.75598,-0.00964,0.00031
1.50634,0.00368,0.00082
1.26591,0.07219,0
1.03199,0.16022,0.00554
