"Points:0","Points:1","Points:2"
3.99753,-0.0624,0.00235
3.74764,-0.06967,0.00142
3.4982,-0.05302,0
3.24851,-0.06554,0
3.0045,-0.0114,0.00522
2.75462,-0.00402,0.00333
2.50545,0.01625,0.00102
2.25669,-0.00861,0.0003
2.00715,-0.02378,0.00121
1.75787,-0.00493,0.00231
1.50791,-0.00098,0
1.28023,0.10227,0
1.05779,0.21638,0.0012
