"Points:0","Points:1","Points:2"
3.99981,-0.06047,0.00083
3.74982,-0.06201,0
3.49993,-0.0546,4e-05
3.24998,-0.05941,0
3.00307,-0.02026,0.00259
2.75391,0.00014,0.0009
2.50405,0.00795,0.00388
2.2542,-0.00015,0.00123
2.00605,-0.03052,0
1.75749,-0.00393,0.00265
1.50752,-7e-05,0.00136
1.27779,0.09852,3e-05
1.05919,0.21983,0
