"Points:0","Points:1","Points:2"
3.99481,-0.06368,0
3.74509,-0.07543,5e-05
3.49566,-0.05855,0.00017
3.24583,-0.06767,0.00215
3.00036,-0.02032,0.00085
2.75106,-0.00206,0.00448
2.50177,0.01632,0
2.25318,-0.01001,0.0029
2.00356,-0.02348,0
1.75371,-0.01527,0.00244
1.50919,0.03665,0.00643
1.27392,0.12095,0
1.02399,0.12398,0.00473
