"Points:0","Points:1","Points:2"
3.99613,-0.06219,0.00234
3.74655,-0.04852,0.00721
3.49692,-0.06,0
3.24695,-0.06408,0.00149
3.00173,-0.01545,4e-05
2.75204,-0.00306,0
2.50276,0.01589,0.00017
2.25376,-0.00638,2e-05
2.00472,-0.02821,0.00225
1.75533,-0.01077,0.00154
1.50552,-0.00099,0.00159
1.27757,0.10165,2e-05
1.06023,0.22506,0.00597
