"Points:0","Points:1","Points:2"
4.00154,0.00048,0.00312
3.75156,0.00143,1e-05
3.50199,-0.0132,0
3.25206,-0.00742,3e-05
3.00212,-0.00656,0.00551
2.75218,-0.0109,0.00196
2.50393,0.01853,1e-05
2.25571,-0.01122,0
2.00588,-0.0204,0.00123
1.75605,-0.01117,0
1.50759,0.01638,0.00309
1.26094,0.05713,0.00097
1.01292,0.08851,0.00061
