"Points:0","Points:1","Points:2"
3.99566,-0.06643,0
3.75406,-0.00218,1e-05
3.50433,-0.0138,0
3.25442,-0.0074,0.0013
3.00443,-0.00959,1e-05
2.75444,-0.00745,6e-05
2.50542,0.01397,0.00583
2.25638,-0.00703,0
2.00727,-0.02817,0.00069
1.75885,-0.00012,0
1.50896,0.00571,0.00419
1.26676,0.06753,4e-05
1.03684,0.16564,0.00356
