"Points:0","Points:1","Points:2"
3.9978,-0.05967,0
3.74805,-0.07084,0
3.49858,-0.05565,0.00583
3.24882,-0.06506,2e-05
3.004,-0.01448,0.00159
2.75421,-0.00437,0
2.50519,0.01761,0.0024
2.25668,-0.00957,0
2.0073,-0.02717,8e-05
1.75774,-0.01239,0
1.50781,-0.00735,0.00301
1.27693,0.0885,1e-05
1.06255,0.21712,0.00068
