"Points:0","Points:1","Points:2"
3.99797,-0.05888,0
3.74827,-0.04657,3e-05
3.49904,-0.0662,0
3.24905,-0.06453,0.00069
3.0033,-0.01861,0
2.75407,0.00089,0.00019
2.50413,0.00644,0
2.25422,-0.00045,0
2.00581,-0.02855,5e-05
1.75718,-0.0024,0.00033
1.50719,-0.00313,0.00234
1.27805,0.09681,0
1.06861,0.23331,0.00132
