"Points:0","Points:1","Points:2"
3.99909,-0.06043,1e-05
3.74915,-0.06618,2e-05
3.49946,-0.05374,0.00028
3.24967,-0.06394,0
3.00365,-0.01954,0.00195
2.75466,0.00287,0.00186
2.50475,0.00965,0.00324
2.25491,0.00122,0.0005
2.00693,-0.03052,6e-05
1.75814,-0.00593,3e-05
1.50868,-0.02011,0.0083
1.28371,0.08877,0.00258
1.07315,0.22353,0.00185
