"Points:0","Points:1","Points:2"
3.99888,-0.05969,0.00298
3.74922,-0.07225,0
3.49986,-0.05439,0.00018
3.25001,-0.06303,0
3.00436,-0.01657,1e-05
2.75442,-0.01097,0
2.50536,0.01067,0.00089
2.25607,-0.00807,0
2.00656,-0.02375,0
1.75714,-0.00675,0
1.50718,-0.00509,0.004
1.28463,0.10875,0.00022
1.05741,0.213,0
