"Points:0","Points:1","Points:2"
3.99692,-0.06539,1e-05
3.75413,-0.00628,0.00759
3.50433,-0.01277,2e-05
3.25444,-0.00534,0
3.00445,-0.0068,0.00105
2.75453,-0.00039,0.00094
2.50507,0.01607,0.00196
2.256,-0.00531,9e-05
2.00687,-0.02615,8e-05
1.75747,-0.00886,0
1.50813,0.00928,0.00017
1.26531,0.06833,0.00732
1.03539,0.16625,0.00016
