"Points:0","Points:1","Points:2"
3.99677,-0.06195,0.0009
3.74711,-0.0749,0.00275
3.49834,-0.05018,0.00154
3.24859,-0.06125,0.00024
3.00267,-0.01626,1e-05
2.75285,-0.00685,2e-05
2.50416,0.01858,0.00247
2.2563,-0.01403,0
2.00662,-0.02648,0.00091
1.75735,-0.00738,0
1.50745,-0.0007,0.00235
1.27232,0.08421,2e-05
1.06594,0.2253,0
