"Points:0","Points:1","Points:2"
4.0026,0.00553,0
3.75268,-0.00084,2e-05
3.50296,-0.0127,0.00085
3.25323,-0.00102,0.00131
3.00331,-0.00715,5e-05
2.75334,-0.00303,1e-05
2.50419,0.0175,0
2.25519,-0.00481,6e-05
2.00602,-0.02519,0
1.75646,-0.01038,0
1.50745,0.01155,0.00377
1.26367,0.06686,0
1.0168,0.10614,0.0032
