"Points:0","Points:1","Points:2"
4.00078,-0.05986,0
3.75087,-0.05307,0
3.50088,-0.05528,0.00073
3.25089,-0.05602,0
3.00322,-0.02197,0.00132
2.75417,-0.00023,0
2.50454,0.01247,0.0047
2.25515,-0.00443,1e-05
2.00574,-0.02148,0
1.75605,-0.00889,2e-05
1.50606,-0.00799,0.00165
1.2805,0.09979,0.00411
1.05977,0.2171,0
