"Points:0","Points:1","Points:2"
4.00262,0.00968,0.00356
3.75291,-0.00194,1e-05
3.5031,-0.01171,1e-05
3.25334,-0.00097,0.00176
3.00342,-0.00726,0.00239
2.75342,-0.00739,0.00297
2.5042,0.01216,0
2.25486,-0.00589,0.00202
2.00568,-0.02593,2e-05
1.75608,-0.01175,0.0014
1.50875,0.02456,0.00417
1.26073,0.05569,0
1.01252,0.08547,0.00286
