"Points:0","Points:1","Points:2"
3.99801,-0.06286,0
3.7531,-0.01269,0.00039
3.50337,-0.00107,0.00185
3.25338,6e-05,0
3.0037,-0.0121,0.00331
2.75405,0.00063,0
2.50465,0.01798,0.00011
2.25598,-0.00776,0.00123
2.00628,-0.01994,4e-05
1.75664,-0.00708,0.00398
1.5078,0.00602,0.02417
1.26678,0.06789,5e-05
1.03593,0.16383,0.00067
