"Points:0","Points:1","Points:2"
3.99636,-0.06513,2e-05
3.74639,-0.06753,0.00263
3.49665,-0.05649,1e-05
3.24675,-0.06378,1e-05
3.00178,-0.01417,0.00513
2.75227,0.00058,0
2.5026,0.01346,2e-05
2.25323,-0.00432,0.0007
2.00374,-0.02021,5e-05
1.75414,-0.00604,0
1.50429,-0.01461,7e-05
1.28243,0.10062,0
1.06401,0.22219,0.00326
