"Points:0","Points:1","Points:2"
1.66426,0.00519,0
1.88277,-0.01458,0
1.44532,0.03863,0
2.39232,-0.00808,0
