"Points:0","Points:1","Points:2"
3.53149,-0.0171,0
3.56147,-0.01734,0
2.05867,-0.01172,0
2.27141,-0.01577,0
3.66799,0.00828,0
2.57946,0.01715,0
1.52887,-0.01666,0
1.44532,0.03863,0
3.37805,-0.00821,0
1.54069,-0.00367,0
1.45045,0.02844,0
3.6405,-0.00544,0
