"Points:0","Points:1","Points:2"
3.96749,-0.0506,0
2.39008,0.00746,0
2.57946,0.01715,0
1.21222,0.13245,0
3.40896,-0.07839,0
3.66526,-0.08234,0
2.83429,-0.01439,0
