"Points:0","Points:1","Points:2"
3.67729,-0.05234,0
1.44421,0.01324,0
1.88277,-0.01458,0
1.52887,-0.01666,0
3.69598,-0.05791,0
3.18893,-0.05813,0
