"Points:0","Points:1","Points:2"
2.05867,-0.01172,0
2.2981,-0.00846,0
1.77936,-0.00408,0
3.69598,-0.05791,0
3.18893,-0.05813,0
2.39232,-0.00808,0
