"Points:0","Points:1","Points:2"
3.95283,0.01679,0
3.53149,-0.0171,0
3.4986,-0.01896,0
3.75497,-0.02119,0
1.44421,0.01324,0
1.66426,0.00519,0
2.57946,0.01715,0
2.2981,-0.00846,0
1.50623,-0.00076,0
3.6814,-0.01043,0
3.86634,0.00618,0
