"Points:0","Points:1","Points:2"
1.47007,0.01845,0
2.05867,-0.01172,0
2.27141,-0.01577,0
3.67729,-0.05234,0
2.45395,0.02007,0
1.59092,0.00544,0
2.1061,-0.01971,0
1.45045,0.02844,0
1.11692,0.1447,0
3.18893,-0.05813,0
