"Points:0","Points:1","Points:2"
3.96749,-0.0506,0
2.39008,0.00746,0
1.107,0.2138,0
1.26798,0.11518,0
1.77936,-0.00408,0
1.59092,0.00544,0
1.45045,0.02844,0
3.66526,-0.08234,0
