"Points:0","Points:1","Points:2"
1.47007,0.01845,0
3.56147,-0.01734,0
2.27141,-0.01577,0
3.93937,-0.0568,0
2.39232,-0.00808,0
