"Points:0","Points:1","Points:2"
1.47007,0.01845,0
3.75497,-0.02119,0
2.9454,-0.0192,0
1.88277,-0.01458,0
2.45395,0.02007,0
1.59092,0.00544,0
3.87692,-0.04239,0
