"Points:0","Points:1","Points:2"
1.44421,0.01324,0
3.16563,-0.06009,0
1.66426,0.00519,0
1.52887,-0.01666,0
1.54069,-0.00367,0
1.50623,-0.00076,0
3.18893,-0.05813,0
2.83429,-0.01439,0
