"Points:0","Points:1","Points:2"
1.18478,0.05847,0
3.74603,0.00989,0
2.9454,-0.0192,0
1.44421,0.01324,0
2.2981,-0.00846,0
3.82977,0.01215,0
3.37805,-0.00821,0
1.59092,0.00544,0
1.50623,-0.00076,0
2.83429,-0.01439,0
3.86634,0.00618,0
