"Points:0","Points:1","Points:2"
1.11817,0.18967,0
2.9454,-0.0192,0
1.44421,0.01324,0
1.88277,-0.01458,0
1.52887,-0.01666,0
3.93937,-0.0568,0
1.59092,0.00544,0
1.50623,-0.00076,0
2.39232,-0.00808,0
