"Points:0","Points:1","Points:2"
2.39008,0.00746,0
2.05867,-0.01172,0
3.67729,-0.05234,0
3.16563,-0.06009,0
1.45045,0.02844,0
3.18893,-0.05813,0
