"Points:0","Points:1","Points:2"
3.95283,0.01679,0
1.18478,0.05847,0
3.99447,0.00233,0
3.85499,-0.00112,0
2.2981,-0.00846,0
3.80419,-0.01036,0
3.82977,0.01215,0
1.77936,-0.00408,0
1.45045,0.02844,0
2.83429,-0.01439,0
3.86634,0.00618,0
