"Points:0","Points:1","Points:2"
1.47007,0.01845,0
2.9454,-0.0192,0
1.26798,0.11518,0
3.69598,-0.05791,0
1.59092,0.00544,0
