"Points:0","Points:1","Points:2"
1.66426,0.00519,0
1.88277,-0.01458,0
2.2981,-0.00846,0
1.45045,0.02844,0
3.53915,-0.05763,0
