"Points:0","Points:1","Points:2"
1.11817,0.18967,0
1.47007,0.01845,0
3.67729,-0.05234,0
3.16563,-0.06009,0
1.52887,-0.01666,0
1.37392,0.04328,0
2.45395,0.02007,0
3.93937,-0.0568,0
3.18893,-0.05813,0
2.83429,-0.01439,0
