"Points:0","Points:1","Points:2"
2.39008,0.00746,0
2.9454,-0.0192,0
1.44421,0.01324,0
1.88277,-0.01458,0
2.57946,0.01715,0
2.45395,0.02007,0
1.77936,-0.00408,0
1.44532,0.03863,0
1.54069,-0.00367,0
3.66526,-0.08234,0
3.18893,-0.05813,0
