"Points:0","Points:1","Points:2"
1.47007,0.01845,0
3.16563,-0.06009,0
1.45045,0.02844,0
1.11692,0.1447,0
2.39232,-0.00808,0
