"Points:0","Points:1","Points:2"
2.9454,-0.0192,0
2.57946,0.01715,0
2.45395,0.02007,0
3.93937,-0.0568,0
3.6405,-0.00544,0
3.6814,-0.01043,0
