"Points:0","Points:1","Points:2"
3.96749,-0.0506,0
2.9454,-0.0192,0
1.37392,0.04328,0
1.26798,0.11518,0
1.77936,-0.00408,0
3.57836,-0.09137,0
1.45045,0.02844,0
3.66526,-0.08234,0
2.39232,-0.00808,0
