"Points:0","Points:1","Points:2"
1.47007,0.01845,0
2.9454,-0.0192,0
1.107,0.2138,0
1.66426,0.00519,0
2.57946,0.01715,0
1.52887,-0.01666,0
1.21222,0.13245,0
3.40896,-0.07839,0
2.1061,-0.01971,0
