"Points:0","Points:1","Points:2"
1.47007,0.01845,0
3.72955,-0.04262,0
1.107,0.2138,0
1.18592,0.16246,0
1.21222,0.13245,0
1.54069,-0.00367,0
2.39232,-0.00808,0
