"Points:0","Points:1","Points:2"
3.96749,-0.0506,0
2.39008,0.00746,0
2.05867,-0.01172,0
2.57946,0.01715,0
1.50623,-0.00076,0
2.83429,-0.01439,0
