"Points:0","Points:1","Points:2"
2.05867,-0.01172,0
2.27141,-0.01577,0
1.44532,0.03863,0
3.93937,-0.0568,0
1.45045,0.02844,0
1.36545,0.08633,0
3.66526,-0.08234,0
3.18893,-0.05813,0
2.39232,-0.00808,0
