"Points:0","Points:1","Points:2"
2.9454,-0.0192,0
1.44421,0.01324,0
2.57946,0.01715,0
1.37392,0.04328,0
3.51273,0.03181,0
2.45395,0.02007,0
3.93937,-0.0568,0
3.34168,0.02292,0
1.45045,0.02844,0
