"Points:0","Points:1","Points:2"
3.56147,-0.01734,0
2.27141,-0.01577,0
2.9454,-0.0192,0
1.47065,0.05284,0
1.44532,0.03863,0
3.93937,-0.0568,0
3.6814,-0.01043,0
