"Points:0","Points:1","Points:2"
3.96749,-0.0506,0
1.47007,0.01845,0
1.88277,-0.01458,0
2.2981,-0.00846,0
1.77936,-0.00408,0
3.21449,-0.03766,0
3.53915,-0.05763,0
2.83429,-0.01439,0
