"Points:0","Points:1","Points:2"
3.53149,-0.0171,0
3.4986,-0.01896,0
2.05867,-0.01172,0
3.74603,0.00989,0
2.57946,0.01715,0
2.2981,-0.00846,0
1.77936,-0.00408,0
1.18552,0.09077,0
2.1061,-0.01971,0
2.39232,-0.00808,0
3.87692,-0.04239,0
