"Points:0","Points:1","Points:2"
2.05867,-0.01172,0
2.57946,0.01715,0
3.66526,-0.08234,0
3.18893,-0.05813,0
