"Points:0","Points:1","Points:2"
3.96749,-0.0506,0
1.47007,0.01845,0
1.66426,0.00519,0
2.57946,0.01715,0
2.2981,-0.00846,0
3.57836,-0.09137,0
1.21222,0.13245,0
3.18893,-0.05813,0
