"Points:0","Points:1","Points:2"
1.47007,0.01845,0
2.57946,0.01715,0
2.2981,-0.00846,0
1.77936,-0.00408,0
1.54069,-0.00367,0
1.45045,0.02844,0
3.66526,-0.08234,0
