"Points:0","Points:1","Points:2"
1.1378,-0.00931,0
2.9454,-0.0192,0
1.44421,0.01324,0
2.57946,0.01715,0
2.2981,-0.00846,0
4.00151,0.01362,0
2.1061,-0.01971,0
1.29558,-0.01251,0
3.34826,0.00859,0
