"Points:0","Points:1","Points:2"
1.47007,0.01845,0
2.9454,-0.0192,0
1.37392,0.04328,0
1.21222,0.13245,0
3.21449,-0.03766,0
1.54069,-0.00367,0
3.66526,-0.08234,0
2.39232,-0.00808,0
3.53915,-0.05763,0
