"Points:0","Points:1","Points:2"
1.11817,0.18967,0
2.27141,-0.01577,0
1.88277,-0.01458,0
1.37392,0.04328,0
1.59092,0.00544,0
3.21449,-0.03766,0
3.18893,-0.05813,0
3.53915,-0.05763,0
2.83429,-0.01439,0
