"Points:0","Points:1","Points:2"
3.66799,0.00828,0
3.25234,0.02146,0
1.44421,0.01324,0
1.52887,-0.01666,0
3.46744,0.03204,0
1.54069,-0.00367,0
3.34826,0.00859,0
