"Points:0","Points:1","Points:2"
1.44421,0.01324,0
1.66426,0.00519,0
1.88277,-0.01458,0
3.80419,-0.01036,0
1.52887,-0.01666,0
1.77936,-0.00408,0
1.54069,-0.00367,0
2.39232,-0.00808,0
