"Points:0","Points:1","Points:2"
1.47007,0.01845,0
3.56147,-0.01734,0
2.39008,0.00746,0
3.74603,0.00989,0
1.18552,0.09077,0
1.54069,-0.00367,0
1.11692,0.1447,0
2.39232,-0.00808,0
