"Points:0","Points:1","Points:2"
3.96749,-0.0506,0
3.67729,-0.05234,0
3.93937,-0.0568,0
1.45045,0.02844,0
3.53915,-0.05763,0
