"Points:0","Points:1","Points:2"
2.27141,-0.01577,0
2.57946,0.01715,0
1.44532,0.03863,0
3.66526,-0.08234,0
