"Points:0","Points:1","Points:2"
3.96749,-0.0506,0
2.45395,0.02007,0
1.26798,0.11518,0
1.77936,-0.00408,0
1.59092,0.00544,0
3.53915,-0.05763,0
