"Points:0","Points:1","Points:2"
1.47007,0.01845,0
3.4986,-0.01896,0
2.39008,0.00746,0
2.05867,-0.01172,0
3.66799,0.00828,0
1.44421,0.01324,0
2.45395,0.02007,0
3.37805,-0.00821,0
3.93937,-0.0568,0
2.1061,-0.01971,0
1.11692,0.1447,0
