"Points:0","Points:1","Points:2"
3.67729,-0.05234,0
1.88277,-0.01458,0
2.57946,0.01715,0
2.2981,-0.00846,0
1.52887,-0.01666,0
1.18592,0.16246,0
1.45045,0.02844,0
3.18893,-0.05813,0
3.53915,-0.05763,0
3.87692,-0.04239,0
