"Points:0","Points:1","Points:2"
3.96749,-0.0506,0
1.47007,0.01845,0
2.39008,0.00746,0
3.67729,-0.05234,0
1.88277,-0.01458,0
1.26798,0.11518,0
3.69598,-0.05791,0
2.1061,-0.01971,0
1.36545,0.08633,0
3.18893,-0.05813,0
2.39232,-0.00808,0
