"Points:0","Points:1","Points:2"
1.47007,0.01845,0
2.9454,-0.0192,0
1.66426,0.00519,0
1.44532,0.03863,0
3.93937,-0.0568,0
3.69598,-0.05791,0
1.50623,-0.00076,0
3.87692,-0.04239,0
