"Points:0","Points:1","Points:2"
3.40683,-0.10438,0
1.66426,0.00519,0
2.57946,0.01715,0
1.18592,0.16246,0
3.21449,-0.03766,0
3.40896,-0.07839,0
1.45045,0.02844,0
2.39232,-0.00808,0
