"Points:0","Points:1","Points:2"
1.44532,0.03863,0
3.21449,-0.03766,0
1.50623,-0.00076,0
3.18893,-0.05813,0
3.53915,-0.05763,0
