"Points:0","Points:1","Points:2"
1.11817,0.18967,0
1.47007,0.01845,0
2.39008,0.00746,0
3.16563,-0.06009,0
1.44532,0.03863,0
3.21449,-0.03766,0
1.45045,0.02844,0
2.83429,-0.01439,0
