"Points:0","Points:1","Points:2"
2.05867,-0.01172,0
1.47065,0.05284,0
1.88277,-0.01458,0
2.1061,-0.01971,0
