"Points:0","Points:1","Points:2"
1.107,0.2138,0
2.45395,0.02007,0
3.69598,-0.05791,0
2.83429,-0.01439,0
