"Points:0","Points:1","Points:2"
3.53149,-0.0171,0
3.4986,-0.01896,0
3.75497,-0.02119,0
2.05867,-0.01172,0
2.9454,-0.0192,0
2.57946,0.01715,0
1.50623,-0.00076,0
