"Points:0","Points:1","Points:2"
1.47007,0.01845,0
2.27141,-0.01577,0
2.9454,-0.0192,0
1.44421,0.01324,0
3.80419,-0.01036,0
1.52887,-0.01666,0
1.37392,0.04328,0
3.37805,-0.00821,0
3.93937,-0.0568,0
2.1061,-0.01971,0
