"Points:0","Points:1","Points:2"
3.56147,-0.01734,0
2.39008,0.00746,0
2.27141,-0.01577,0
1.88277,-0.01458,0
2.57946,0.01715,0
1.77936,-0.00408,0
3.87692,-0.04239,0
