"Points:0","Points:1","Points:2"
3.53149,-0.0171,0
3.74603,0.00989,0
1.44421,0.01324,0
1.66426,0.00519,0
3.80419,-0.01036,0
1.37392,0.04328,0
1.77936,-0.00408,0
3.37805,-0.00821,0
1.45045,0.02844,0
3.6405,-0.00544,0
2.83429,-0.01439,0
