"Points:0","Points:1","Points:2"
2.9454,-0.0192,0
1.44421,0.01324,0
1.77936,-0.00408,0
3.18893,-0.05813,0
2.83429,-0.01439,0
