"Points:0","Points:1","Points:2"
2.2981,-0.00846,0
2.1061,-0.01971,0
3.53915,-0.05763,0
