"Points:0","Points:1","Points:2"
2.39008,0.00746,0
2.05867,-0.01172,0
3.67729,-0.05234,0
2.2981,-0.00846,0
1.37392,0.04328,0
2.45395,0.02007,0
3.69598,-0.05791,0
1.54069,-0.00367,0
1.11692,0.1447,0
3.66526,-0.08234,0
2.39232,-0.00808,0
2.83429,-0.01439,0
