"Points:0","Points:1","Points:2"
1.11817,0.18967,0
1.47007,0.01845,0
2.9454,-0.0192,0
1.44532,0.03863,0
