"Points:0","Points:1","Points:2"
3.31187,0.02206,0
2.9454,-0.0192,0
1.88277,-0.01458,0
1.52887,-0.01666,0
1.37392,0.04328,0
3.51273,0.03181,0
1.77936,-0.00408,0
1.55914,-0.02763,0
3.6814,-0.01043,0
3.87692,-0.04239,0
3.34826,0.00859,0
