"Points:0","Points:1","Points:2"
3.96749,-0.0506,0
3.72955,-0.04262,0
1.66426,0.00519,0
1.88277,-0.01458,0
2.2981,-0.00846,0
3.93937,-0.0568,0
3.40896,-0.07839,0
1.54069,-0.00367,0
