"Points:0","Points:1","Points:2"
1.11817,0.18967,0
1.77936,-0.00408,0
3.93937,-0.0568,0
1.18592,0.16246,0
1.59092,0.00544,0
2.1061,-0.01971,0
1.45045,0.02844,0
2.83429,-0.01439,0
