"Points:0","Points:1","Points:2"
3.4986,-0.01896,0
3.56147,-0.01734,0
2.05867,-0.01172,0
3.99447,0.00233,0
2.27141,-0.01577,0
1.59092,0.00544,0
1.27196,-0.02714,0
1.29558,-0.01251,0
