"Points:0","Points:1","Points:2"
3.4986,-0.01896,0
3.56147,-0.01734,0
2.9454,-0.0192,0
2.57946,0.01715,0
3.37805,-0.00821,0
1.18552,0.09077,0
1.59092,0.00544,0
1.54069,-0.00367,0
3.6814,-0.01043,0
3.87692,-0.04239,0
