"Points:0","Points:1","Points:2"
1.47007,0.01845,0
3.72955,-0.04262,0
2.05867,-0.01172,0
2.9454,-0.0192,0
3.16563,-0.06009,0
2.45395,0.02007,0
1.26798,0.11518,0
1.77936,-0.00408,0
3.93937,-0.0568,0
3.69598,-0.05791,0
2.1061,-0.01971,0
3.87692,-0.04239,0
