"Points:0","Points:1","Points:2"
2.39008,0.00746,0
2.27141,-0.01577,0
1.44421,0.01324,0
1.88277,-0.01458,0
2.45395,0.02007,0
3.69598,-0.05791,0
3.21449,-0.03766,0
1.36545,0.08633,0
2.39232,-0.00808,0
