"Points:0","Points:1","Points:2"
3.96749,-0.0506,0
2.27141,-0.01577,0
2.9454,-0.0192,0
1.47065,0.05284,0
2.2981,-0.00846,0
1.77936,-0.00408,0
1.44532,0.03863,0
3.93937,-0.0568,0
2.1061,-0.01971,0
