"Points:0","Points:1","Points:2"
3.53149,-0.0171,0
2.39008,0.00746,0
2.27141,-0.01577,0
2.9454,-0.0192,0
3.85499,-0.00112,0
1.59092,0.00544,0
2.1061,-0.01971,0
1.11692,0.1447,0
