"Points:0","Points:1","Points:2"
3.96749,-0.0506,0
3.72955,-0.04262,0
1.77936,-0.00408,0
1.21222,0.13245,0
1.59092,0.00544,0
3.21449,-0.03766,0
2.1061,-0.01971,0
2.39232,-0.00808,0
2.83429,-0.01439,0
