"Points:0","Points:1","Points:2"
1.47007,0.01845,0
2.27141,-0.01577,0
1.107,0.2138,0
1.66426,0.00519,0
2.57946,0.01715,0
2.1061,-0.01971,0
1.45045,0.02844,0
