"Points:0","Points:1","Points:2"
2.57946,0.01715,0
3.85499,-0.00112,0
2.45395,0.02007,0
1.20628,0.00282,0
1.55914,-0.02763,0
3.34826,0.00859,0
1.11765,0.00232,0
3.86634,0.00618,0
