"Points:0","Points:1","Points:2"
2.9454,-0.0192,0
1.88277,-0.01458,0
2.45395,0.02007,0
1.44532,0.03863,0
3.57836,-0.09137,0
1.21222,0.13245,0
2.83429,-0.01439,0
