"Points:0","Points:1","Points:2"
3.4986,-0.01896,0
2.27141,-0.01577,0
2.9454,-0.0192,0
2.2981,-0.00846,0
3.80419,-0.01036,0
3.98119,-0.00276,0
