"Points:0","Points:1","Points:2"
3.56147,-0.01734,0
3.74603,0.00989,0
3.66799,0.00828,0
2.9454,-0.0192,0
3.85499,-0.00112,0
3.6814,-0.01043,0
3.34826,0.00859,0
1.30436,0.00556,0
