"Points:0","Points:1","Points:2"
3.96749,-0.0506,0
2.27141,-0.01577,0
3.67729,-0.05234,0
1.37392,0.04328,0
1.77936,-0.00408,0
3.93937,-0.0568,0
1.21222,0.13245,0
3.21449,-0.03766,0
