"Points:0","Points:1","Points:2"
1.47007,0.01845,0
2.27141,-0.01577,0
3.67729,-0.05234,0
1.88277,-0.01458,0
1.26798,0.11518,0
1.21043,0.16595,0
3.40896,-0.07839,0
2.1061,-0.01971,0
3.66526,-0.08234,0
3.53915,-0.05763,0
