"Points:0","Points:1","Points:2"
2.39008,0.00746,0
3.67729,-0.05234,0
1.21222,0.13245,0
2.1061,-0.01971,0
3.18893,-0.05813,0
2.83429,-0.01439,0
