"Points:0","Points:1","Points:2"
3.4986,-0.01896,0
3.56147,-0.01734,0
3.75497,-0.02119,0
1.66426,0.00519,0
1.88277,-0.01458,0
1.52887,-0.01666,0
1.50623,-0.00076,0
3.34826,0.00859,0
2.83429,-0.01439,0
3.86634,0.00618,0
