"Points:0","Points:1","Points:2"
1.47007,0.01845,0
3.56147,-0.01734,0
2.27141,-0.01577,0
2.9454,-0.0192,0
2.57946,0.01715,0
3.80419,-0.01036,0
1.52887,-0.01666,0
3.37805,-0.00821,0
2.1061,-0.01971,0
