"Points:0","Points:1","Points:2"
3.96749,-0.0506,0
2.27141,-0.01577,0
2.2981,-0.00846,0
1.26798,0.11518,0
3.40896,-0.07839,0
1.54069,-0.00367,0
2.1061,-0.01971,0
1.45045,0.02844,0
3.53915,-0.05763,0
