"Points:0","Points:1","Points:2"
3.96749,-0.0506,0
1.11817,0.18967,0
2.9454,-0.0192,0
1.44421,0.01324,0
2.57946,0.01715,0
2.2981,-0.00846,0
1.77936,-0.00408,0
1.44532,0.03863,0
1.21222,0.13245,0
1.54069,-0.00367,0
1.45045,0.02844,0
3.18893,-0.05813,0
2.39232,-0.00808,0
2.83429,-0.01439,0
