"Points:0","Points:1","Points:2"
3.00636,0.17452,0.00311
3.25635,0.17683,0.00255
3.49571,0.10472,0.00036
3.73916,0.04785,0
3.98915,0.04961,0.00056
4.20337,0.17848,0
4.41602,0.04705,0.00295
4.54313,-0.16822,0.00207
4.78773,-0.21986,0
5.02489,-0.14078,0
5.25948,-0.05438,0.0005
5.10281,0.14044,1e-05
4.86067,0.20257,0.003
