"Points:0","Points:1","Points:2"
3.63856,0.30719,1e-05
3.39068,0.27479,0.00201
3.16027,0.17779,2e-05
2.94044,0.05876,0.00209
2.7034,-0.02066,2e-05
2.4542,-0.04037,0.00359
2.20444,-0.05134,0.00261
1.96088,0.00498,4e-05
1.7117,0.02516,0
1.46468,-0.01336,0.00073
1.21469,-0.01538,0.00073
0.96629,0.01281,2e-05
0.72227,0.06718,1e-05
