"Points:0","Points:1","Points:2"
4.05371,0.36568,0.04814
3.8087,0.34048,0.00535
3.56542,0.28305,0.0008
3.31617,0.26375,0
3.08092,0.17915,0.00162
2.92525,-0.01645,0.00384
2.6754,-0.00831,0.00129
2.42844,-0.04682,0.00659
2.1813,-0.00967,0
1.93141,-0.00312,0.00351
1.68377,-0.03726,0.00027
1.44905,-0.12329,0
1.20194,-0.16121,0
