"Points:0","Points:1","Points:2"
3.72216,0.0327,0
3.96725,0.08201,0.00063
4.20505,0.00487,0.00025
4.43293,0.10769,0
4.595,-0.08265,0.00023
4.79055,0.0731,0.00046
4.59098,0.22367,0
4.35961,0.31838,0.0002
4.12261,0.39792,0
3.87917,0.45482,0
3.63826,0.38804,0.00219
3.42438,0.25861,0.00299
3.27373,0.05912,0
