"Points:0","Points:1","Points:2"
3.72433,0.02937,0.00222
3.96794,0.0855,0.00088
4.20545,0.00747,0
4.43439,0.10791,0.00057
4.58908,-0.08848,0.00223
4.77896,0.07414,0.00091
4.57739,0.22199,0.00412
4.35635,0.33872,0
4.11843,0.41545,0.00208
3.87024,0.44548,0.00111
3.63036,0.37507,0.00035
3.43078,0.22455,0.00353
3.2491,0.05281,0.00406
