"Points:0","Points:1","Points:2"
4.30674,0.14749,0
4.26,0.39308,0.00052
4.01003,0.39677,0.00259
3.76391,0.35298,4e-05
3.51491,0.33071,0
3.28893,0.22379,0.00054
3.05865,0.32106,0.00415
2.96896,0.0877,0.00412
3.05876,-0.14558,0
2.83914,-0.26502,0.00085
2.58953,-0.25107,0.0002
2.38865,-0.10226,7e-05
2.17023,0.01932,0.00351
