"Points:0","Points:1","Points:2"
4.32704,0.15629,0.00251
4.23879,0.39018,0.00024
3.98915,0.37685,0.0016
3.73915,0.37747,0.00252
3.49645,0.31755,5e-05
3.25518,0.25208,0.0016
3.00701,0.28226,0.00021
3.01286,0.03233,0.00176
3.02035,-0.21755,0
2.77987,-0.28585,0.00037
2.53836,-0.22126,2e-05
2.3347,-0.07629,0.00231
2.1518,0.09414,0.00088
