"Points:0","Points:1","Points:2"
4.3072,0.14459,0.0019
4.25037,0.38804,0.00054
4.00086,0.40359,0.00066
3.75563,0.35499,0.0025
3.50903,0.31398,0.00027
3.2705,0.23914,4e-05
3.03,0.3074,0.00043
2.99835,0.05941,1e-05
3.02872,-0.18873,0.00275
2.80211,-0.29428,0.00041
2.56126,-0.22727,0.00057
2.35431,-0.08702,0
2.14357,0.04742,0.00416
