"Points:0","Points:1","Points:2"
4.32987,0.16205,0.0072
4.23219,0.39207,0
3.98224,0.38717,0.00112
3.73317,0.36568,0
3.48654,0.32477,0.00049
3.2469,0.25353,0
2.99705,0.26101,0.00398
3.02795,0.01296,0
3.01734,-0.23681,0.0003
2.77242,-0.28695,0
2.53367,-0.2128,0.00101
2.33363,-0.06286,0.00178
2.15712,0.11417,0.00079
