"Points:0","Points:1","Points:2"
4.3442,0.19213,4e-05
4.14989,0.34942,0.00066
3.90121,0.37496,0.00351
3.65289,0.34626,5e-05
3.40467,0.31651,0.00178
3.16085,0.26131,0.00031
2.9925,0.07648,0.00102
2.95324,-0.17041,0.00236
2.7102,-0.11187,1e-05
2.48142,-0.01111,0.00186
2.23344,0.02063,0.0018
1.99105,-0.04057,0.00066
1.75917,-0.13399,0.0028
