"Points:0","Points:1","Points:2"
3.18338,0.11247,0
3.43338,0.11156,0.00083
3.6782,0.06097,0.00092
3.92799,0.05069,0.00105
4.17627,0.02137,0.00042
4.41355,0.10009,0.00167
4.54099,-0.11498,0.00101
4.73516,-0.27245,0.00036
4.98443,-0.29156,0
5.21649,-0.19857,0.00043
5.25567,0.04834,1e-05
5.02145,0.13575,0.00134
4.77732,0.1896,0.00023
