"Points:0","Points:1","Points:2"
3.11032,0.1451,0.00132
2.92809,-0.02605,1e-05
2.67889,-0.04551,0.00435
2.42902,-0.03845,0.00061
2.1793,-0.02659,0.00022
1.9293,-0.02709,0
1.68077,-5e-05,1e-05
1.4309,-0.00667,0.0048
1.18212,-0.03095,0.0007
0.93704,0.0184,3e-05
0.68757,0.03411,0.0043
0.43934,0.00467,0.00027
0.19256,-0.03532,0
