"Points:0","Points:1","Points:2"
4.29084,0.35369,0.00621
4.04093,0.35224,0
3.79542,0.39943,0
3.55498,0.33124,0.0063
3.30504,0.32848,0.0019
3.10198,0.18265,0.00376
2.94866,-0.01481,0.00297
2.78341,-0.20239,0.00117
2.61837,-0.01467,0.00577
2.36874,-0.00229,1e-05
2.11981,-0.02501,0.00408
1.87407,-0.07095,0.00246
1.64016,-0.1576,0.0192
