"Points:0","Points:1","Points:2"
2.63132,0.39342,0.0043
2.84621,0.26573,1e-05
3.08023,0.17779,0.00073
3.33003,0.16768,0.00073
3.56422,0.08026,0.00378
3.80376,0.00878,1e-05
4.01714,0.13903,4e-05
4.19637,0.31332,0.00098
4.1391,0.06997,0
4.30841,-0.11397,0.00106
4.55834,-0.1088,0.00358
4.80413,-0.15449,0.00266
5.03837,-0.24184,0.00202
