"Points:0","Points:1","Points:2"
3.76338,0.0675,0.00277
4.01313,0.05666,0.00035
4.25721,0.0026,0.00155
4.47998,0.11605,0
4.63749,0.31019,1e-05
4.39832,0.38295,0.00203
4.15166,0.42361,3e-05
3.90178,0.41622,0.00279
3.66009,0.35232,0.00163
3.41012,0.34808,0.00098
3.18788,0.2336,0.00242
3.12114,-0.00731,0
2.9813,-0.21455,0
