"Points:0","Points:1","Points:2"
3.97039,0.2943,0
3.72069,0.28213,1e-05
3.47302,0.24809,0.00025
3.25531,0.12523,0.00323
3.01765,0.04773,7e-05
2.77125,0.0055,0.00193
2.52614,-0.04373,0.00178
2.27648,-0.03077,0.00122
2.02862,0.00191,0.0019
1.77869,0.0017,0.00755
1.54478,-0.08349,0.03059
1.29676,-0.07635,4e-05
1.04683,-0.07063,0.00202
