"Points:0","Points:1","Points:2"
2.80086,0.26287,0.00131
3.04303,0.20082,1e-05
3.28317,0.13132,0.00159
3.52811,0.0813,8e-05
3.77722,0.06046,0.0032
4.02701,0.05075,4e-05
4.03858,0.30049,0.0011
4.24052,0.15311,0.00102
4.23213,-0.09675,0.00025
4.48208,-0.1016,0.00206
4.73018,-0.1323,0.00264
4.97222,-0.19483,0
5.20672,-0.10818,0.00217
