"Points:0","Points:1","Points:2"
2.95529,0.23437,0.00331
3.18091,0.12672,0.00074
3.42887,0.09488,0
3.67877,0.08783,1e-05
3.92793,0.06724,0
4.16672,0.14124,0.00051
4.4121,0.09341,0.00213
4.52845,-0.12786,0
4.76201,-0.21699,0.00146
4.99216,-0.11937,0.00182
5.23771,-0.07238,0.00131
5.13547,0.15576,0
4.88661,0.17945,0.002
