"Points:0","Points:1","Points:2"
3.21413,0.11696,0
2.97855,0.0333,0
2.73484,-0.02243,0
2.48639,-0.05024,0.0013
2.23811,-0.07954,0.0011
1.98901,-0.05849,0.00375
1.74231,-0.01819,6e-05
1.49241,-0.01138,0.00099
1.24243,-0.01483,2e-05
0.99383,0.01152,0
0.74472,0.03259,0.00097
0.50078,-0.02212,0
0.28076,-0.14084,0.00103
