"Points:0","Points:1","Points:2"
2.64598,0.66511,0.00095
2.59939,0.4195,0
2.8068,0.27994,0.00208
3.0335,0.17457,0
3.2518,0.05273,0
3.50151,0.06473,0.00093
3.73709,0.1484,0.00089
3.85758,0.36745,0.00063
4.03232,0.18866,6e-05
4.12639,-0.04297,0.00079
4.36229,-0.12574,0.00052
4.61228,-0.12398,0
4.85879,-0.16564,0.00066
