"Points:0","Points:1","Points:2"
2.95517,0.23682,0
3.17649,0.12054,2e-05
3.42564,0.10006,0.00088
3.67538,0.08854,0.00217
3.92399,0.06228,0.00019
4.1624,0.13752,0.00095
4.40938,0.09882,0
4.52471,-0.12299,0.00136
4.75689,-0.21568,0.00153
4.99786,-0.14913,0
5.23688,-0.07587,0
5.14017,0.15467,0
4.89163,0.18166,0
