"Points:0","Points:1","Points:2"
3.74898,0.02294,0.00176
3.98894,0.09306,0
4.21441,-0.01495,0.00073
4.43677,0.0993,0.00135
4.62726,-0.0626,0.00067
4.67859,0.18207,0
4.47396,0.32569,0
4.22806,0.3707,0.00191
3.98514,0.42978,1e-05
3.73515,0.42853,0
3.50656,0.32747,0.00596
3.34625,0.13571,0.00093
3.19798,-0.06558,0.00069
