"Points:0","Points:1","Points:2"
3.105,0.11747,0.00077
2.90819,-0.03669,0.00157
2.65825,-0.04162,0
2.40828,-0.03783,0.00074
2.15915,-0.01696,0
1.90917,-0.01565,0.00288
1.65953,-0.00245,0.00037
1.41017,-0.01983,0.00458
1.16063,-0.00542,2e-05
0.9112,0.01141,0.0008
0.66121,0.01321,0
0.41125,0.01785,0.00094
0.16771,-0.03854,0.004
