"Points:0","Points:1","Points:2"
3.70221,0.04447,0.00105
3.95059,0.07287,0.0017
4.19172,0.0069,0.00311
4.4183,0.11251,0
4.57524,-0.08208,0.00129
4.82333,-0.05121,1e-05
4.69583,0.16384,0
4.48463,0.2976,0.00179
4.23678,0.26492,0.00053
4.04332,0.42327,0.00016
3.79408,0.4428,2e-05
3.56631,0.33978,0.00265
3.34665,0.22043,0.00093
