"Points:0","Points:1","Points:2"
3.75098,0.05212,0
3.99997,0.07456,0
4.23675,-0.00565,0.0001
4.45754,0.11162,0.00052
4.70753,0.10931,0.0001
4.55494,0.30734,0.00215
4.32576,0.40721,0.00164
4.07734,0.43524,0.00183
3.82735,0.43365,0.00064
3.59537,0.34044,0.00064
3.37069,0.23081,0
3.16826,0.08411,0.00102
3.01229,-0.11126,0
