"Points:0","Points:1","Points:2"
2.883,0.30663,0.00153
3.07658,0.14843,0.00197
3.3238,0.11135,0
3.57297,0.091,0
3.82063,0.05685,0.00016
4.06898,0.0855,0.00156
4.18301,0.30798,0
4.22164,0.06098,0
4.37988,-0.13254,0.00253
4.62857,-0.10698,0.00085
4.85079,-0.22151,0.00124
5.09957,-0.1969,0.00128
5.32048,-0.07985,0.00077
