"Points:0","Points:1","Points:2"
2.87268,0.31906,0.00276
3.07041,0.16608,0.00162
3.31341,0.10738,0.00047
3.56287,0.09096,0.00013
3.80917,0.04806,0
4.05625,0.0861,0
4.13484,0.32343,0.00058
4.20739,0.0842,0.00288
4.31142,-0.14311,0.00045
4.55931,-0.11078,0.00238
4.80831,-0.13307,0.00013
5.04731,-0.2064,0.00141
5.29376,-0.16449,0.00263
