"Points:0","Points:1","Points:2"
2.54736,0.62854,0.00074
2.62586,0.39119,0.00167
2.8329,0.25107,0.00051
3.06203,0.15111,0.00272
3.30498,0.0922,0.00024
3.55497,0.09076,0.00201
3.79163,0.1713,0
3.90239,0.39542,0.00206
4.03694,0.18473,1e-05
4.13267,-0.04622,0.00097
4.37148,-0.12016,0.00218
4.62059,-0.14119,0.00032
4.86664,-0.18543,0.0012
