"Points:0","Points:1","Points:2"
2.78573,0.27236,0.00047
3.02121,0.1884,0.00131
3.26601,0.13767,2e-05
3.51218,0.0941,0.00025
3.76045,0.06477,0.00156
4.01,0.04982,0
4.03021,0.299,0.00055
4.24429,0.16988,0
4.22935,-0.07967,0.00192
4.47304,-0.13546,0
4.71812,-0.08628,0.00386
4.94894,-0.18231,0.00484
5.19891,-0.17864,0.00324
