"Points:0","Points:1","Points:2"
4.12281,0.09822,0.00154
4.35208,0.19791,0.00121
4.46334,0.42178,0.00214
4.24376,0.54128,0.00022
4.00366,0.47164,0.00225
3.75937,0.41859,1e-05
3.50966,0.43062,0.00025
3.29154,0.30847,0.00225
3.1052,0.1418,0.00125
3.05705,-0.10351,2e-05
2.88753,-0.28726,0.00055
2.63982,-0.25352,0.00125
2.39484,-0.20368,0.00172
