"Points:0","Points:1","Points:2"
3.68657,0.02888,0.00083
3.93358,0.0674,0
4.17536,0.0038,0.00018
4.39399,0.12502,0.00258
4.56078,-0.06119,0
4.8104,-0.07482,0.0006
4.72791,0.16118,0
4.50263,0.26956,0
4.25295,0.25697,1e-05
4.0623,0.41869,0
3.81361,0.44425,0.00125
3.58051,0.3539,0
3.3636,0.2297,0.00469
