"Points:0","Points:1","Points:2"
3.29313,0.14084,0
3.539,0.09559,0
3.78741,0.06754,0.00214
4.03656,0.04702,1e-05
4.28146,0.09725,0.00164
4.52231,0.03025,0
4.63762,-0.19156,0.0011
4.87599,-0.26695,0.00187
5.11935,-0.20976,0
5.15158,0.03815,0.0009
4.92308,0.13958,0.00192
4.6733,0.15001,0
4.42481,0.12257,0
