"Points:0","Points:1","Points:2"
3.46411,0.11011,0.01082
3.70875,0.05976,2e-05
3.95865,0.05273,0
4.19231,0.1416,0.002
4.44194,0.12799,0
4.56385,-0.09026,0.00126
4.77303,-0.22717,0.00059
4.99589,-0.11388,0
4.97905,0.13555,1e-05
4.7366,0.19646,0.00304
4.4872,0.17943,1e-05
4.25403,0.26961,0
4.00892,0.31874,0.00261
