"Points:0","Points:1","Points:2"
3.76877,0.06452,0.0024
4.01811,0.04649,0.00042
4.26576,0.01228,0.00021
4.49552,0.11082,0
4.62213,0.32639,0.00085
4.37859,0.38282,0.00105
4.13088,0.41657,0
3.88173,0.39589,0
3.63642,0.34771,0.00111
3.38649,0.35354,0.00086
3.16845,0.23124,0.00073
3.12697,-0.01529,0.0017
2.96253,-0.20359,0
