"Points:0","Points:1","Points:2"
2.5969,0.56407,0.00159
2.68018,0.32835,1e-05
2.90619,0.22151,0.00256
3.13252,0.11535,0.00189
3.38191,0.09792,0.00022
3.63165,0.10925,0.00051
3.86641,0.19519,0.00214
4.02344,0.38971,0.00027
4.01841,0.13976,0
4.14631,-0.07503,0.00212
4.39435,-0.10625,0.00157
4.64394,-0.12052,0
4.88693,-0.17927,0.00099
