"Points:0","Points:1","Points:2"
2.14451,1.07514,0.00103
2.30827,0.88624,0.00104
2.40226,0.65459,6e-05
2.59074,0.49044,0.00565
2.75948,0.30606,3e-05
2.98508,0.19835,7e-05
3.19654,0.06513,0.00625
3.44562,0.04458,0
3.67886,0.13457,0
3.92303,0.18823,0.00061
4.15895,0.10551,1e-05
4.3237,-0.08252,0
4.48974,-0.26943,0
