"Points:0","Points:1","Points:2"
4.34322,0.17155,0
4.21466,0.38596,0
3.96488,0.37559,0
3.71502,0.38398,8e-05
3.47964,0.29976,0.00168
3.23457,0.2504,0
2.99114,0.19342,0
3.05966,-0.047,0.00172
2.95129,-0.27229,0.00069
2.70213,-0.2519,0
2.49886,-0.10636,0
2.2922,0.03433,0
2.09062,0.18218,0.00287
