"Points:0","Points:1","Points:2"
3.70873,0.03424,0.00105
3.95722,0.06171,0
4.20107,0.0066,0.00039
4.42749,0.11259,0.0004
4.57495,-0.08929,0
4.81875,-0.034,0.00173
4.68157,0.175,0.00177
4.45755,0.28597,0.00041
4.20964,0.31817,0.0027
4.00136,0.45644,0.00295
3.75172,0.4433,1e-05
3.53791,0.31375,1e-05
3.33114,0.17433,0.01767
