"Points:0","Points:1","Points:2"
3.9513,0.02409,0.00267
4.19675,0.07148,1e-05
4.44567,0.09461,0.0015
4.52717,0.33095,0.00091
4.31629,0.46519,0.00336
4.06631,0.4659,0.00032
3.81969,0.42491,0
3.58113,0.35014,4e-05
3.34516,0.26759,0.00146
3.13351,0.13453,0.00139
3.04314,-0.09857,0.00096
2.8276,-0.22522,2e-05
2.57826,-0.24303,0.00335
