"Points:0","Points:1","Points:2"
3.73886,0.03048,0.00162
3.98233,0.08724,0.00212
4.21308,-0.00894,0.00215
4.43824,0.09968,0
4.62163,-0.07023,0
4.68857,0.17064,0
4.48588,0.31698,0.00063
4.23883,0.35529,0
3.99778,0.42158,0
3.7481,0.43388,0.00303
3.51975,0.33216,0
3.34432,0.15406,0.00141
3.19184,-0.04406,0.00021
