"Points:0","Points:1","Points:2"
2.30424,0.89537,0.00324
2.39623,0.66291,0.00158
2.56572,0.47914,0
2.75193,0.31233,3e-05
2.98779,0.22947,0.0016
3.21273,0.12037,0.00146
3.45885,0.07647,0.00135
3.62826,0.26031,5e-05
3.87657,0.28831,0.00748
4.03771,0.09732,5e-05
4.24114,-0.048,0
4.44107,-0.19807,0.00225
4.67978,-0.1238,0.00076
