"Points:0","Points:1","Points:2"
4.08353,0.10956,0.00172
4.32572,0.17153,0.00057
4.47747,0.3702,0.00096
4.30408,0.5503,0.00201
4.06248,0.48606,0.00308
3.81289,0.47175,0.0018
3.57283,0.40198,2e-05
3.32861,0.34855,0.00092
3.16559,0.15901,0.00077
3.02355,-0.04672,0
2.93246,-0.27953,0
2.68653,-0.23463,0
2.43714,-0.21715,0.00176
