"Points:0","Points:1","Points:2"
2.57974,0.48224,0
2.76858,0.31841,1e-05
2.98592,0.19489,0.00247
3.23471,0.17037,0.00046
3.47279,0.09411,0.00205
3.7226,0.0845,0.00051
3.96128,0.15887,2e-05
4.10872,0.36075,0.0019
4.01988,0.12707,0.00233
4.16092,-0.07933,0
4.4091,-0.10945,0.0004
4.65798,-0.13301,1e-05
4.90323,-0.18152,0
