"Points:0","Points:1","Points:2"
3.03638,0.178,0.00187
3.28638,0.1781,1e-05
3.52936,0.1193,0.00096
3.76132,0.02606,0.00135
4.01063,0.04471,0.00051
4.22102,0.17973,0.00278
4.43323,0.04758,0.00049
4.55014,-0.17339,0.00114
4.79714,-0.21196,0.00014
5.04071,-0.15559,0.00048
5.26445,-0.04406,0.00047
5.0927,0.13757,0.00373
4.85019,0.19819,0
