"Points:0","Points:1","Points:2"
3.04005,0.09323,0.00598
2.81294,-0.01114,0.00071
2.5631,-0.02002,0.00216
2.31475,0.00861,0.00158
2.06477,0.01137,0.00064
1.81565,-0.00963,0
1.56668,0.01278,0.00345
1.31765,-0.00894,0
1.06778,-0.00091,0.00038
0.81843,-0.01893,0.00126
0.57323,0.02977,0.00345
0.32355,0.01771,0
0.07709,-0.02386,0.00545
