"Points:0","Points:1","Points:2"
3.90359,0.02816,0.00247
4.15146,0.06063,0
4.39992,0.08832,0
4.59577,0.2437,0
4.45408,0.44967,0.00062
4.20808,0.49416,0.0013
3.97523,0.40315,0.00011
3.72576,0.38727,0.00341
3.49119,0.30084,0.00106
3.24158,0.31472,0.00075
3.08162,0.1226,0
3.01149,-0.11736,0.00131
2.88734,-0.33435,0
