"Points:0","Points:1","Points:2"
4.30853,0.14672,0.00138
4.24323,0.38803,0.00266
3.99325,0.39067,0.00098
3.74342,0.38153,0.0001
3.50155,0.31841,0.00387
3.26306,0.24344,0.00186
3.01999,0.30188,0.00221
3.01164,0.05203,0
3.02593,-0.19756,0
2.79216,-0.28616,0
2.55051,-0.2221,0.00069
2.3424,-0.08358,0
2.15117,0.07746,0
