"Points:0","Points:1","Points:2"
2.92681,0.26796,0.00127
3.12125,0.11083,1e-05
3.37125,0.11114,0.00139
3.61788,0.07024,0.00043
3.86763,0.05914,2e-05
4.11282,0.1079,0.00276
4.35927,0.1498,0.00068
4.41738,-0.09335,0.00077
4.66205,-0.14471,0.0007
4.90229,-0.21387,0.00119
5.14737,-0.16452,0
5.20617,0.07846,0.00249
5.02179,0.24728,0.00014
