"Points:0","Points:1","Points:2"
3.6333,0.04521,0.00504
3.88148,0.07495,0
4.12054,0.0018,0.00019
4.34829,0.10491,0
4.56748,-0.01528,0.00274
4.6324,-0.2567,0.0005
4.87641,-0.20232,0.00034
4.95765,0.03411,0
4.72451,0.12435,1e-05
4.51044,0.25349,0.00041
4.26164,0.27789,4e-05
4.01268,0.3006,0.00223
3.76341,0.31967,0.00392
