"Points:0","Points:1","Points:2"
3.36464,0.08968,0
3.61462,0.08676,1e-05
3.86269,0.05588,0.00307
4.11266,0.05238,0.00177
4.33792,0.1608,0
4.52512,-0.00486,0.00378
4.69343,-0.18967,0
4.93925,-0.2352,0.00154
5.10476,-0.04784,0.001
4.95999,0.15598,0.00084
4.71014,0.14758,0.00272
4.47122,0.22118,0.00269
4.24314,0.32355,0.0014
