"Points:0","Points:1","Points:2"
2.74237,0.33847,0.00109
2.96344,0.22175,0.00316
3.20314,0.15081,0
3.45285,0.13888,0
3.67976,0.03399,0.00355
3.92376,-0.0204,0.00136
4.00482,0.21607,0.00452
4.25462,0.22573,0.00148
4.21348,-0.02086,0.00278
4.4435,-0.11879,0.00379
4.69281,-0.10063,1e-05
4.92663,-0.18909,0
5.17659,-0.19394,0
