"Points:0","Points:1","Points:2"
2.31382,0.82846,0.00031
2.43778,0.61137,0.00246
2.63897,0.46298,0.00056
2.83806,0.31177,0.0007
3.0485,0.17681,1e-05
3.2793,0.08073,0
3.51714,0.15773,0.00149
3.73446,0.28132,0
3.98446,0.28233,0
4.05636,0.0429,0.00127
4.27004,-0.08688,0.00037
4.50195,-0.18024,0
4.74637,-0.12789,0.00421
