"Points:0","Points:1","Points:2"
2.77824,0.26608,0.00364
3.0166,0.19071,0.00148
3.2574,0.12355,1e-05
3.50539,0.09191,0
3.75402,0.06579,0.00028
4.00289,0.04203,0.00144
4.02197,0.2913,0.00015
4.24245,0.17345,0
4.22903,-0.07619,1e-05
4.4677,-0.15056,0.00216
4.71001,-0.08905,0.00063
4.93813,-0.19135,0
5.18813,-0.19074,0.00044
