"Points:0","Points:1","Points:2"
3.68758,0.0298,0.00293
3.93346,0.07492,0.00033
4.17224,0.00087,0.00012
4.3881,0.12698,0.00027
4.56335,-0.05131,0
4.80835,-0.10106,0.00117
4.75679,0.14357,0.00092
4.52686,0.24168,0.00341
4.27903,0.27436,0
4.07077,0.41267,0.00052
3.82267,0.44341,0
3.58174,0.37669,0.00071
3.38498,0.22247,0.00063
