"Points:0","Points:1","Points:2"
2.59612,0.48464,0.00244
2.77204,0.30703,0
2.99979,0.20393,0
3.24791,0.17333,0
3.49151,0.11711,1e-05
3.73623,0.06606,0.00143
3.96878,0.15784,0.00092
4.10169,0.36958,0
4.03236,0.12939,0.00037
4.16798,-0.08063,0
4.41525,-0.1174,0.00153
4.66477,-0.13293,0.00082
4.91128,-0.17457,0.0007
