"Points:0","Points:1","Points:2"
3.46139,0.2639,0.00072
3.2225,0.19021,0.00131
3.00105,0.07445,0.00905
2.76519,-0.00812,0.00194
2.51711,-0.03903,0
2.26728,-0.0299,0.00048
2.01778,-0.01403,1e-05
1.76975,0.01719,0.00173
1.51991,0.02625,0.0028
1.27244,-0.00906,0
1.0225,-0.00825,0.00564
0.77397,0.01845,0.00128
0.53459,0.09053,0.00164
