"Points:0","Points:1","Points:2"
3.528,0.00079,0.00141
3.77383,0.04621,0
4.0238,0.04255,0.00163
4.27187,0.0735,0
4.52182,0.07814,0.00241
4.58733,-0.16312,0.00335
4.82148,-0.25071,0.0026
4.9877,-0.06398,0.00029
4.94801,0.1828,0.00517
4.69848,0.16822,0.00046
4.4566,0.23144,0.00071
4.20911,0.26677,0.00079
3.95942,0.25509,0.00496
