"Points:0","Points:1","Points:2"
2.91638,0.25738,0
3.12277,0.11631,0
3.37273,0.11164,0.00103
3.61957,0.07203,2e-05
3.86913,0.05734,0.00165
4.11454,0.10499,3e-05
4.362,0.14029,0.00442
4.42585,-0.10138,0
4.67217,-0.14402,0.00235
4.91867,-0.18567,0
5.16692,-0.15618,0
5.18745,0.09297,0.00212
4.9726,0.22078,0.00345
