"Points:0","Points:1","Points:2"
3.49853,0.26758,0.00062
3.25264,0.22256,0.00371
3.03404,0.10126,0.00435
2.80402,0.00343,5e-05
2.55718,-0.03623,0.00061
2.30722,-0.04046,0.00123
2.05806,-0.01997,0.00115
1.80884,-0.00024,0.00204
1.55908,0.01038,1e-05
1.30949,-0.00402,0
1.0595,-0.00292,0.00102
0.81425,0.04558,0.00116
0.56623,0.07703,0.00064
