"Points:0","Points:1","Points:2"
2.11325,0.90643,0
2.35074,0.82832,9e-05
2.43461,0.59281,7e-05
2.62381,0.42944,0.00363
2.80725,0.25963,4e-05
3.0409,0.17068,0
3.24353,0.02426,0.00047
3.47664,0.11457,2e-05
3.70798,0.20929,0.00295
3.95622,0.17979,0.0003
4.19138,0.09494,0.00162
4.34027,-0.10588,3e-05
4.51829,-0.28139,0.00212
