"Points:0","Points:1","Points:2"
4.10738,0.10049,0.0066
4.34364,0.18197,0
4.47904,0.39211,0.00281
4.27112,0.53089,2e-05
4.02365,0.49541,0.00047
3.78104,0.43508,0.00256
3.53231,0.41014,1e-05
3.29373,0.33544,0.00127
3.13062,0.14599,0
3.0409,-0.08736,0.00088
2.90525,-0.29735,0.00181
2.66345,-0.23387,4e-05
2.41561,-0.2036,0.01276
