"Points:0","Points:1","Points:2"
3.16083,0.31245,0.00619
3.32718,0.12592,0.00043
3.57465,0.09047,0.00214
3.82413,0.07442,0.00254
4.06865,0.0224,1e-05
4.25785,0.18581,0
4.44482,0.01987,0.00184
4.59374,-0.18094,0.00114
4.84272,-0.20349,0.00138
5.0869,-0.14988,0.00047
5.28851,-0.00205,0.00151
5.07316,0.12492,0.00029
4.83975,0.21449,0.00132
