"Points:0","Points:1","Points:2"
3.94468,0.00918,0
4.18603,0.07437,0.00098
4.43602,0.07677,0
4.55514,0.29656,0.0013
4.35328,0.44404,0.00341
4.1041,0.46393,0.00014
3.85675,0.42764,1e-05
3.62306,0.3388,0.00022
3.3828,0.26973,0.00156
3.13961,0.21178,1e-05
3.07786,-0.03048,3e-05
2.91512,-0.22025,1e-05
2.7386,-0.39722,0.00485
