"Points:0","Points:1","Points:2"
2.59219,0.58376,0
2.63289,0.33709,0
2.8641,0.242,0
3.08977,0.13442,3e-05
3.33713,0.0982,0.00029
3.58618,0.07642,0.00081
3.81436,0.17856,0.00166
3.94526,0.39154,0.00013
4.03718,0.15906,0.00105
4.13418,-0.07136,0
4.38138,-0.10869,0
4.62923,-0.14138,0
4.87658,-0.1777,1e-05
