"Points:0","Points:1","Points:2"
2.56421,0.41295,0
2.79454,0.31576,1e-05
3.01975,0.20727,0.00343
3.26715,0.17147,1e-05
3.50867,0.10691,0.00069
3.75058,0.04386,0.003
3.9731,0.15776,2e-05
4.10999,0.36695,1e-05
4.0362,0.12809,0
4.16921,-0.08359,0
4.41718,-0.11535,2e-05
4.66593,-0.14036,0.00041
4.90922,-0.19789,0.00074
