"Points:0","Points:1","Points:2"
3.17428,0.16656,0
3.41462,0.09774,0.00047
3.66437,0.08644,0.00113
3.91326,0.06297,0
4.16154,0.03383,0.00267
4.39957,0.11024,0.00064
4.50463,-0.11661,1e-05
4.73441,-0.2151,0.00128
4.96205,-0.31844,0.00067
5.18157,-0.19881,0
5.28554,0.02854,0.00143
5.05574,0.12699,0.00162
4.82335,0.21914,0
