"Points:0","Points:1","Points:2"
4.31638,0.15048,0
4.25608,0.3931,0.00063
4.00701,0.4145,0.00229
3.76565,0.34936,0.00121
3.51604,0.33527,0.00096
3.28543,0.23875,0
3.04769,0.31607,0.00122
2.98642,0.0737,0.00106
3.03883,-0.17074,0.00036
2.81675,-0.28553,0.00114
2.56968,-0.24735,0.00144
2.37002,-0.0969,0.00056
2.17156,0.05513,0.0014
