"Points:0","Points:1","Points:2"
2.59207,0.40483,0.00174
2.81481,0.29132,9e-05
3.05657,0.22771,0.00282
3.29662,0.15795,0.0002
3.53931,0.09794,0.00047
3.78202,0.03801,3e-05
4.00837,0.14416,0.00124
4.18448,0.32159,0.00012
4.12209,0.07951,0.00168
4.27102,-0.12129,0
4.52092,-0.12823,0.001
4.77091,-0.12643,0.0024
4.98154,-0.26107,0
