"Points:0","Points:1","Points:2"
3.45856,0.11281,0.00122
3.70431,0.06692,0.00267
3.95326,0.04399,0.00203
4.17837,0.15271,0.0029
4.42828,0.146,0.00398
4.56104,-0.0658,0
4.76093,-0.21595,0
4.99514,-0.12852,0.00091
4.98667,0.12133,0.00142
4.74719,0.19307,3e-05
4.49753,0.18039,0.00328
4.26295,0.26681,0.00054
4.01901,0.32148,0.00074
