"Points:0","Points:1","Points:2"
3.73462,0.01675,0
3.97535,0.08417,0.0014
4.21096,0.0006,0.00141
4.43774,0.10582,0.00204
4.59195,-0.09095,0
4.733,0.11541,0.00402
4.51365,0.23532,0.00173
4.27797,0.31871,1e-05
4.04317,0.40453,0.00111
3.80453,0.47904,0
3.57527,0.37936,0.00088
3.39238,0.20892,0
3.25604,-0.00061,0.00342
