"Points:0","Points:1","Points:2"
3.50213,0.21969,0
3.25351,0.24589,0.00029
3.03891,0.11763,0.00045
2.81026,0.01656,0.00151
2.56513,-0.0325,2e-05
2.31517,-0.03719,0.00083
2.06589,-0.0182,3e-05
1.81601,-0.02578,0.00035
1.56834,0.00827,0.00138
1.31913,-0.01152,1e-05
1.06988,0.00782,0
0.82169,0.03777,0.00269
0.57445,0.07478,0.00102
