"Points:0","Points:1","Points:2"
3.12017,0.07141,2e-05
2.88446,-0.01183,0.00326
2.63511,-0.02981,0.00141
2.38838,0.01048,2e-05
2.1393,-0.0109,2e-05
1.8895,-0.02088,0.00106
1.6395,-0.02072,0.00098
1.39037,7e-05,3e-05
1.14055,0.0094,0.00204
0.89055,0.00866,0.00112
0.64056,0.00923,0
0.39119,0.02699,0.0015
0.14266,0.05405,0.0005
