"Points:0","Points:1","Points:2"
3.03674,0.01674,0.00345
2.78693,0.00717,0.0015
2.53892,-0.02433,3e-05
2.29395,0.02554,0
2.04407,0.01799,0.0016
1.79496,-0.00301,0.00021
1.54524,0.00891,0
1.29707,-0.02131,0.00051
1.04919,0.01114,0.00192
0.80002,-0.00912,0.00168
0.55224,0.0241,0.00393
0.30307,0.00385,0.00198
0.05356,0.01932,0.00036
