"Points:0","Points:1","Points:2"
3.66804,0.05537,0
3.91782,0.06565,0.00091
4.15838,-0.00241,0.00202
4.3705,0.12988,0.00181
4.55472,-0.03912,0.00087
4.73429,-0.21305,0
4.84683,0.01017,0.00267
4.6466,0.15983,2e-05
4.42877,0.28252,1e-05
4.19795,0.37849,0.00271
3.95578,0.44057,0.00271
3.70645,0.42218,0.0018
3.46964,0.34205,0.00122
