"Points:0","Points:1","Points:2"
3.63476,0.04508,0.00384
3.88291,0.07512,0
4.12122,-0.00038,0.00311
4.34598,0.10908,0.00178
4.56477,-0.01188,0.00069
4.63307,-0.25235,0.00315
4.87744,-0.19967,0.00046
4.95397,0.03833,0
4.72414,0.1367,0.00014
4.50566,0.25816,0.00421
4.2575,0.28836,0.00369
4.00795,0.30325,0.00128
3.75831,0.31658,0.00327
