"Points:0","Points:1","Points:2"
3.75426,0.28441,0.00135
3.50445,0.2746,0.00143
3.26409,0.2059,0.00362
3.03744,0.10041,0.00182
2.80992,-0.00318,0
2.56137,-0.03007,0
2.32118,0.03922,0.00265
2.07481,-0.00318,0.00076
1.82586,-0.02605,0
1.5789,-0.06494,0
1.33219,-0.02454,0.00012
1.0834,2e-05,0.00013
0.84013,0.05735,0.00591
