"Points:0","Points:1","Points:2"
4.33465,0.16112,0.00012
4.22045,0.3835,0.00205
3.97046,0.38158,0.00053
3.72068,0.39196,0
3.48859,0.29904,0
3.24077,0.26605,0.00045
2.99178,0.24359,0.00113
3.0429,-0.00113,0.00191
2.99823,-0.24711,0.00167
2.75341,-0.2977,0.00112
2.52275,-0.20129,0.00016
2.35071,-0.0199,0.00194
2.151,0.13047,0
