"Points:0","Points:1","Points:2"
2.32167,0.87428,0.00128
2.41222,0.64126,0
2.60057,0.47688,0.00087
2.77999,0.30279,1e-05
3.01368,0.21399,0.00268
3.23712,0.10188,0
3.48647,0.08395,0.00085
3.67238,0.25109,0.00148
3.92099,0.27745,0.00044
4.04497,0.06036,3e-05
4.24951,-0.08339,0.00108
4.48479,-0.16791,0.00075
4.73303,-0.13837,0.00251
