"Points:0","Points:1","Points:2"
2.92684,0.3219,0.00192
3.0967,0.13847,1e-05
3.34559,0.11493,0
3.59418,0.08841,0.00089
3.84243,0.05896,0.00294
4.09154,0.08005,0.0023
4.26177,0.26314,0.00184
4.26032,0.01315,0.0032
4.50515,-0.03739,0.00051
4.73158,-0.14324,0.00545
4.97335,-0.20662,5e-05
5.18279,-0.07016,0.00361
5.4121,0.02937,0
