"Points:0","Points:1","Points:2"
3.64678,0.03272,0.0015
3.89393,0.07032,0.00072
4.13055,-0.01039,3e-05
4.34817,0.11265,0.00104
4.56437,-0.01288,0.00137
4.65384,-0.24632,0
4.89564,-0.18282,0.00162
4.91425,0.06649,0.00164
4.69353,0.18389,0.00209
4.45111,0.24501,0.00231
4.22027,0.34096,0.00019
3.97203,0.31143,0.00235
3.72216,0.31917,1e-05
