"Points:0","Points:1","Points:2"
3.56105,0.00173,0.00345
3.80416,0.06002,0.00255
4.05386,0.04791,1e-05
4.30323,0.06536,0.00313
4.55272,0.04968,0.0001
4.59084,-0.19739,0.00199
4.84024,-0.2146,0.00023
4.99507,-0.01832,0.0012
4.83376,0.17267,0.00213
4.58858,0.22155,0.00165
4.33973,0.24546,0
4.09014,0.25852,0.00558
3.84555,0.31003,0.00064
