"Points:0","Points:1","Points:2"
3.53435,-0.00031,1e-05
3.7791,0.05063,0.0014
4.02905,0.0555,0.00071
4.27903,0.05886,0.0016
4.52859,0.07356,0.00328
4.5962,-0.1671,0.00012
4.83283,-0.24777,0
4.9916,-0.05468,0.00286
4.9298,0.18756,0.00133
4.68438,0.13995,0.00014
4.4486,0.22305,0.00178
4.20255,0.26726,4e-05
3.95257,0.26509,0.00245
