"Points:0","Points:1","Points:2"
2.24721,0.95369,0.00167
2.38049,0.74218,0.00254
2.50516,0.52548,0.00186
2.68048,0.34727,0
2.87416,0.1892,0.00118
3.12022,0.1451,0.004
3.36065,0.07665,0.00071
3.58983,0.17652,0
3.79158,0.32415,0.0003
3.99566,0.17978,0.00244
4.18267,0.01387,0
4.39183,-0.12305,0.00157
4.59477,-0.26904,0.00369
