"Points:0","Points:1","Points:2"
3.57771,-0.01371,0.00085
3.81575,0.0627,0.00121
4.0645,0.03786,0.00339
4.31276,0.06722,0.0008
4.56102,0.03781,0
4.59283,-0.21016,0.00109
4.84283,-0.21053,0.00097
4.98903,-0.00774,0.00136
4.81551,0.17223,0
4.57437,0.23819,0
4.32473,0.22492,0
4.07691,0.25787,0.001
3.84154,0.34214,0.00189
