"Points:0","Points:1","Points:2"
4.15536,0.33731,0.02193
3.9075,0.36351,0.00252
3.65911,0.33528,0.00015
3.41147,0.30098,0
3.16408,0.26511,0.00327
3.03023,0.05398,0.0003
2.79194,-0.02164,0
2.55493,0.05789,0
2.30552,0.04068,0
2.08103,-0.06928,0.00391
1.83805,-0.01053,0.00084
1.59305,-0.06025,0
1.37206,-0.17683,0.00867
