"Points:0","Points:1","Points:2"
3.74767,0.04866,0
3.99621,0.0756,0.00127
4.23381,-0.00216,0.00056
4.45285,0.11833,0
4.69783,0.06849,0
4.59985,0.29848,0.00101
4.36279,0.37787,0
4.11594,0.41741,0
3.86689,0.43921,0
3.63035,0.35828,0.00122
3.42845,0.21086,0
3.1998,0.10979,0.0024
3.01976,-0.06364,0
