"Points:0","Points:1","Points:2"
3.11958,0.22641,0.00075
3.35022,0.12995,0.00157
3.59618,0.08525,1e-05
3.84563,0.06876,0.00257
4.09443,0.04432,0.00123
4.31364,0.16451,0.00087
4.4717,-0.02919,0
4.64235,-0.21188,0.00101
4.88611,-0.26739,0.00199
5.11892,-0.17632,0.00062
5.28916,0.00677,0
5.05729,0.10025,0
4.83216,0.20894,0.00127
