"Points:0","Points:1","Points:2"
2.99758,0.1784,0.00038
3.24758,0.17725,0
3.4894,0.11392,0.00329
3.73074,0.04875,0.00059
3.98012,0.0664,0.00054
4.20553,0.17451,0
4.43336,0.07157,1e-05
4.53563,-0.15656,0.00049
4.77828,-0.21671,0
5.00842,-0.11905,0
5.25145,-0.06043,0
5.11321,0.14787,0.00054
4.86613,0.18598,0.00037
