"Points:0","Points:1","Points:2"
3.4866,0.2631,0.00303
3.2444,0.2012,1e-05
3.02455,0.0822,0.00238
2.79013,-0.00463,2e-05
2.54159,-0.0315,0.00193
2.29161,-0.03508,0.0007
2.04217,-0.01836,0.00116
1.79366,0.00883,7e-05
1.54371,0.00396,0.00133
1.29388,-0.00508,5e-05
1.04388,-0.00479,0.00186
0.79527,0.02151,0.00093
0.55117,0.0755,0.00064
