"Points:0","Points:1","Points:2"
3.21363,0.14783,0.00159
3.45155,0.07108,0
3.70105,0.05523,0.00119
3.95104,0.05736,0
4.20099,0.05276,0.0011
4.44678,0.09843,0.00022
4.56975,-0.11924,0
4.75825,-0.28344,0.00274
5.00406,-0.23788,0.0019
5.23647,-0.14577,0.00121
5.16439,0.09361,0.00113
4.9251,0.16599,0.00117
4.67921,0.21066,0.00769
