"Points:0","Points:1","Points:2"
3.13043,0.24781,0.00044
3.34267,0.11572,0.00285
3.58991,0.07875,1e-05
3.83962,0.0667,0
4.08746,0.03391,0
4.30094,0.16401,1e-05
4.46367,-0.02578,1e-05
4.63049,-0.21198,0.00026
4.87361,-0.27019,0.00219
5.09271,-0.14981,0.00013
5.29276,0.00013,0.0005
5.06246,0.0974,0.0008
4.83682,0.20504,0.00202
