"Points:0","Points:1","Points:2"
2.91376,0.24966,0.00126
3.12585,0.1173,0.00138
3.37562,0.10649,0.00161
3.62539,0.09633,0.00478
3.87315,0.06329,0.00012
4.11986,0.10371,0.00135
4.36778,0.13591,0.00159
4.43965,-0.10353,0
4.6868,-0.1411,0.00256
4.93306,-0.18414,0.00072
5.17727,-0.13086,0.00531
5.19053,0.11877,0.00183
4.95611,0.20564,0.00211
