"Points:0","Points:1","Points:2"
3.55204,0.09182,0
3.65246,0.08169,0
3.5767,0.09189,0
3.7674,0.05502,0
3.86683,0.06443,0
3.86334,0.0525,0
3.99659,0.05011,0
4.04892,0.0785,0
4.07462,0.1125,0
4.17599,0.16556,0
4.19879,0.28355,0
4.27771,0.2644,0
4.2922,0.2356,0
4.4527,0.19864,0
4.56963,-0.05819,0
4.60697,0.18951,0
4.64425,0.20467,0
4.62438,-0.11852,0
4.63037,-0.11622,0
4.87915,-0.18351,0
4.68651,-0.1525,0
