"Points:0","Points:1","Points:2"
3.4909,0.3076,0
3.33662,0.14195,0
3.74705,0.0333,0
3.60605,0.3577,0
3.86683,0.06443,0
3.86334,0.0525,0
3.90665,0.06359,0
4.05503,0.04847,0
4.04892,0.0785,0
4.08902,0.04601,0
4.08788,0.04971,0
4.14777,0.00311,0
4.2477,0.00955,0
4.27209,0.02086,0
4.40943,0.06794,0
4.24107,0.35686,0
4.39289,0.07839,0
4.46845,0.30294,0
4.43624,0.087,0
4.48139,0.06774,0
4.53607,0.01131,0
4.64425,0.20467,0
