"Points:0","Points:1","Points:2"
1.30274,-0.01896,0
0.54597,0.02165,0
1.79876,-0.02251,0
2.97871,0.0254,0
0.63997,0.01777,0
0.66097,0.0169,0
0.2047,-0.02758,0
2.15581,-0.00934,0
1.21949,-0.0168,0
3.01987,0.04779,0
0.65566,0.01208,0
