"Points:0","Points:1","Points:2"
3.74705,0.0333,0
3.99659,0.05011,0
4.08788,0.04971,0
4.16707,0.0739,0
4.24079,0.07553,0
4.48139,0.06774,0
4.49244,0.01326,0
4.48076,0.04983,0
4.64425,0.20467,0
4.68609,-0.20743,0
4.88339,-0.27065,0
5.07091,-0.21801,0
5.11889,-0.20688,0
5.11997,0.07195,0
