"Points:0","Points:1","Points:2"
3.06064,0.16347,0
3.4909,0.3076,0
3.36825,0.28408,0
2.99732,0.08305,0
3.21555,0.26141,0
2.21485,0.0313,0
2.41239,-0.03407,0
2.67031,-0.15735,0
1.83173,0.07284,0
3.35997,0.30966,0
2.10208,0.05025,0
3.60153,0.33585,0
3.94001,0.39043,0
3.98992,0.3976,0
4.12151,0.37983,0
4.20442,0.33579,0
4.32587,0.1922,0
4.27771,0.2644,0
4.2922,0.2356,0
4.33185,0.21909,0
