"Points:0","Points:1","Points:2"
2.61225,0.45871,0
3.35681,0.12409,0
2.98063,0.24185,0
3.33662,0.14195,0
3.29336,0.11818,0
2.84191,0.29296,0
2.37438,0.74432,0
2.85025,0.31712,0
2.67075,0.40103,0
2.66951,0.40823,0
3.04601,0.2234,0
3.62609,0.15177,0
3.80403,0.31534,0
3.86666,0.31545,0
3.94831,0.26298,0
4.02417,0.16366,0
4.05503,0.04847,0
4.0675,0.02689,0
4.09619,-0.00142,0
4.04892,0.0785,0
4.03898,0.20692,0
4.39707,-0.10552,0
