"Points:0","Points:1","Points:2"
2.61225,0.45871,0
2.98434,0.20688,0
2.89077,0.22401,0
2.89939,0.22969,0
3.55204,0.09182,0
3.77456,0.20265,0
3.99274,0.17062,0
4.1021,0.11765,0
4.1386,0.11201,0
4.20298,0.10604,0
4.18415,0.08981,0
4.4108,0.01086,0
