"Points:0","Points:1","Points:2"
3.05635,-0.08236,0
2.9338,-0.25068,0
2.99051,-0.16527,0
2.62682,-0.22831,0
3.29605,0.31242,0
3.57968,0.4204,0
3.6724,0.42017,0
3.75582,0.42375,0
4.1386,0.11201,0
4.24221,0.14645,0
4.22006,0.5315,0
4.32587,0.1922,0
