"Points:0","Points:1","Points:2"
3.35681,0.12409,0
3.29336,0.11818,0
3.23696,0.10906,0
3.20923,0.11564,0
3.63547,0.05558,0
3.7674,0.05502,0
3.92899,0.0649,0
3.86334,0.0525,0
3.90665,0.06359,0
4.05503,0.04847,0
4.0675,0.02689,0
4.08902,0.04601,0
4.08788,0.04971,0
4.2886,0.0676,0
4.50311,-0.04217,0
4.63889,-0.21483,0
4.6206,-0.15904,0
4.68609,-0.20743,0
4.88339,-0.27065,0
5.11889,-0.20688,0
5.22343,-0.07161,0
