"Points:0","Points:1","Points:2"
0.32689,-0.10478,0
1.30274,-0.01896,0
1.36807,-0.02194,0
1.90413,-0.0601,0
0.9651,0.01889,0
1.08725,0.01034,0
3.13953,0.10185,0
1.32216,-0.00394,0
0.60181,-0.00092,0
0.9764,0.00474,0
0.65566,0.01208,0
1.63217,-0.00838,0
2.07064,-0.05728,0
3.20923,0.11564,0
