"Points:0","Points:1","Points:2"
3.03821,-0.09317,0
3.36825,0.28408,0
3.22043,0.17588,0
3.11555,-0.02389,0
3.7674,0.05502,0
3.86683,0.06443,0
3.92899,0.0649,0
3.86334,0.0525,0
3.90665,0.06359,0
4.05503,0.04847,0
4.08902,0.04601,0
4.08788,0.04971,0
4.14777,0.00311,0
4.2477,0.00955,0
4.27209,0.02086,0
4.40943,0.06794,0
4.39289,0.07839,0
4.52022,0.12641,0
4.60697,0.18951,0
4.64425,0.20467,0
