"Points:0","Points:1","Points:2"
0.32689,-0.10478,0
0.53458,-0.00516,0
1.78877,0.00934,0
2.34518,-0.07755,0
0.37817,-0.06565,0
2.8117,-0.00111,0
2.97871,0.0254,0
2.57253,-0.03073,0
1.53572,0.01047,0
0.66097,0.0169,0
1.4496,-0.00712,0
0.52623,-0.02635,0
1.21949,-0.0168,0
1.23684,-0.0004,0
1.49087,0.01301,0
0.60181,-0.00092,0
0.65566,0.01208,0
1.63217,-0.00838,0
0.74712,0.02171,0
2.07064,-0.05728,0
3.20923,0.11564,0
1.53822,0.01228,0
