"Points:0","Points:1","Points:2"
3.4909,0.3076,0
2.99051,-0.16527,0
2.91569,-0.23376,0
2.85611,-0.2562,0
3.01501,0.20489,0
3.58436,0.34765,0
3.60153,0.33585,0
3.60605,0.3577,0
3.63562,0.35013,0
3.78887,0.33967,0
3.70201,0.33828,0
3.98992,0.3976,0
4.12151,0.37983,0
4.27771,0.2644,0
4.24757,0.36271,0
4.2922,0.2356,0
4.29192,0.25493,0
