"Points:0","Points:1","Points:2"
2.454,-0.00791,0
1.75658,-0.06687,0
3.21555,0.26141,0
2.41239,-0.03407,0
3.17576,0.2106,0
3.58436,0.34765,0
3.60153,0.33585,0
3.70201,0.33828,0
3.80117,0.32477,0
3.93758,0.34564,0
4.12151,0.37983,0
