"Points:0","Points:1","Points:2"
3.06064,0.16347,0
2.2772,0.90994,0
2.37438,0.74432,0
2.30749,0.87908,0
2.73236,0.39326,0
2.74837,0.35891,0
2.2086,1.12105,0
3.20923,0.11564,0
3.10092,0.1476,0
3.55204,0.09182,0
3.65246,0.08169,0
3.76751,0.14877,0
3.81382,0.17831,0
3.95094,0.17139,0
4.42313,-0.21332,0
4.42844,-0.19193,0
