"Points:0","Points:1","Points:2"
3.10309,-0.03415,0
3.3475,0.291,0
3.13269,0.01067,0
3.17946,0.17592,0
3.01121,-0.17135,0
3.15747,0.06466,0
3.11555,-0.02389,0
3.1595,0.08657,0
3.50856,0.36492,0
3.86683,0.06443,0
3.92899,0.0649,0
3.86334,0.0525,0
3.90665,0.06359,0
3.99659,0.05011,0
4.05503,0.04847,0
4.08902,0.04601,0
4.2477,0.00955,0
4.27209,0.02086,0
4.40943,0.06794,0
4.43624,0.087,0
4.57007,0.31751,0
4.52902,0.21191,0
4.55467,0.23551,0
4.57377,0.25558,0
