"Points:0","Points:1","Points:2"
3.55204,0.09182,0
3.65246,0.08169,0
3.5767,0.09189,0
3.7674,0.05502,0
3.86683,0.06443,0
3.86334,0.0525,0
3.99659,0.05011,0
4.04892,0.0785,0
4.17599,0.16556,0
4.24221,0.14645,0
4.2922,0.2356,0
4.48139,0.06774,0
4.48076,0.04983,0
4.52902,0.21191,0
4.56963,-0.05819,0
4.62438,-0.11852,0
4.79027,-0.19727,0
4.83744,-0.17104,0
4.68651,-0.1525,0
4.85287,0.13164,0
5.00344,0.04922,0
