"Points:0","Points:1","Points:2"
2.61225,0.45871,0
3.06064,0.16347,0
2.69047,0.35119,0
2.98434,0.20688,0
2.89077,0.22401,0
3.33521,0.05482,0
2.67075,0.40103,0
2.66951,0.40823,0
3.1595,0.08657,0
3.10092,0.1476,0
3.55204,0.09182,0
3.5767,0.09189,0
3.74022,0.1504,0
3.95094,0.17139,0
4.02417,0.16366,0
3.99274,0.17062,0
4.07462,0.1125,0
4.1021,0.11765,0
4.1386,0.11201,0
4.16707,0.0739,0
4.18415,0.08981,0
4.2477,0.00955,0
4.42844,-0.19193,0
4.34568,-0.11566,0
4.4842,-0.26175,0
4.47851,-0.26607,0
