"Points:0","Points:1","Points:2"
3.06064,0.16347,0
3.40227,0.0898,0
2.98434,0.20688,0
2.37438,0.74432,0
2.14612,1.14073,0
2.3655,0.77943,0
2.67075,0.40103,0
2.89939,0.22969,0
2.66951,0.40823,0
3.20923,0.11564,0
3.99274,0.17062,0
4.1021,0.11765,0
4.1386,0.11201,0
4.20298,0.10604,0
4.18415,0.08981,0
4.24079,0.07553,0
4.4108,0.01086,0
4.44153,0.01164,0
