"Points:0","Points:1","Points:2"
3.06064,0.16347,0
1.79876,-0.02251,0
2.8117,-0.00111,0
1.93063,-0.00441,0
2.97871,0.0254,0
2.15581,-0.00934,0
3.17576,0.2106,0
3.78887,0.33967,0
