"Points:0","Points:1","Points:2"
3.33662,0.14195,0
3.10309,-0.03415,0
3.29336,0.11818,0
3.7674,0.05502,0
3.86683,0.06443,0
3.92899,0.0649,0
3.86334,0.0525,0
3.90665,0.06359,0
3.76632,0.41952,0
4.05503,0.04847,0
4.04892,0.0785,0
4.08902,0.04601,0
4.08788,0.04971,0
4.27209,0.02086,0
4.37991,0.11276,0
4.24107,0.35686,0
4.24757,0.36271,0
4.64425,0.20467,0
