"Points:0","Points:1","Points:2"
2.69047,0.35119,0
2.98063,0.24185,0
3.28651,0.17173,0
3.22043,0.17588,0
3.17946,0.17592,0
3.01501,0.20489,0
3.55204,0.09182,0
3.63547,0.05558,0
3.5767,0.09189,0
3.77415,-0.00903,0
3.87753,-0.02461,0
3.92899,0.0649,0
3.90665,0.06359,0
3.99274,0.17062,0
4.06411,0.19466,0
4.03898,0.20692,0
4.16707,0.0739,0
4.10909,0.22268,0
4.29565,-0.09355,0
4.34568,-0.11566,0
4.83744,-0.17104,0
4.87915,-0.18351,0
4.88124,-0.17372,0
