"Points:0","Points:1","Points:2"
2.61225,0.45871,0
3.35681,0.12409,0
2.92838,0.24788,0
2.48749,0.54245,0
2.84191,0.29296,0
3.50852,0.14583,0
3.62609,0.15177,0
3.78887,0.33967,0
3.80117,0.32477,0
3.86666,0.31545,0
3.94831,0.26298,0
4.02417,0.16366,0
4.0675,0.02689,0
4.12596,-0.01311,0
4.08902,0.04601,0
4.08788,0.04971,0
4.29565,-0.09355,0
4.6206,-0.15904,0
