"Points:0","Points:1","Points:2"
3.1506,0.15128,0
2.24291,0.0016,0
3.28651,0.17173,0
2.99732,0.08305,0
3.2576,0.19291,0
3.80403,0.31534,0
