"Points:0","Points:1","Points:2"
2.07841,1.24336,0
2.29914,0.87576,0
2.13918,1.14857,0
2.74497,0.28389,0
2.3655,0.77943,0
2.67075,0.40103,0
3.01501,0.20489,0
4.07462,0.1125,0
4.1021,0.11765,0
4.16707,0.0739,0
4.20298,0.10604,0
4.18415,0.08981,0
4.24079,0.07553,0
4.2886,0.0676,0
4.40943,0.06794,0
4.39289,0.07839,0
4.43624,0.087,0
