"Points:0","Points:1","Points:2"
3.1506,0.15128,0
3.05635,-0.08236,0
3.13269,0.01067,0
3.60153,0.33585,0
3.63562,0.35013,0
3.86683,0.06443,0
3.72458,0.38482,0
3.99659,0.05011,0
4.05503,0.04847,0
3.98992,0.3976,0
4.2477,0.00955,0
4.39289,0.07839,0
4.43624,0.087,0
4.57007,0.31751,0
4.52022,0.12641,0
4.52902,0.21191,0
4.55467,0.23551,0
4.57377,0.25558,0
