"Points:0","Points:1","Points:2"
2.76657,-0.28494,0
3.14841,0.25219,0
3.01596,-0.02714,0
2.82681,-0.27696,0
2.62682,-0.22831,0
3.0443,-0.00216,0
2.30729,-0.15456,0
2.85611,-0.2562,0
3.10092,0.1476,0
3.57968,0.4204,0
4.20302,0.18219,0
4.2922,0.2356,0
4.29192,0.25493,0
4.35963,0.50874,0
