"Points:0","Points:1","Points:2"
3.03821,-0.09317,0
3.37525,0.23473,0
3.13269,0.01067,0
3.15747,0.06466,0
3.20923,0.11564,0
3.58436,0.34765,0
3.60153,0.33585,0
3.60605,0.3577,0
3.7674,0.05502,0
3.86683,0.06443,0
3.92899,0.0649,0
3.71516,0.38507,0
3.86334,0.0525,0
3.90665,0.06359,0
3.77937,0.42767,0
4.05503,0.04847,0
4.08902,0.04601,0
4.08788,0.04971,0
4.2477,0.00955,0
4.27209,0.02086,0
4.40943,0.06794,0
4.39289,0.07839,0
4.29709,0.41653,0
4.43624,0.087,0
4.57007,0.31751,0
4.52022,0.12641,0
