"Points:0","Points:1","Points:2"
1.36807,-0.02194,0
2.70494,-0.0007,0
3.37525,0.23473,0
0.71767,0.02661,0
1.78877,0.00934,0
0.60203,0.0622,0
2.57253,-0.03073,0
1.53572,0.01047,0
1.32216,-0.00394,0
1.23684,-0.0004,0
1.69942,0.00341,0
1.49087,0.01301,0
0.60656,0.06343,0
0.9764,0.00474,0
2.07009,-0.01813,0
1.63217,-0.00838,0
1.53822,0.01228,0
