"Points:0","Points:1","Points:2"
3.92899,0.0649,0
3.86334,0.0525,0
3.90665,0.06359,0
3.99659,0.05011,0
4.08788,0.04971,0
4.16707,0.0739,0
4.19879,0.28355,0
4.40943,0.06794,0
4.48139,0.06774,0
4.48076,0.04983,0
4.5496,-0.02929,0
4.56314,0.04266,0
4.56963,-0.05819,0
4.79027,-0.19727,0
4.87915,-0.18351,0
4.77957,-0.20419,0
4.78649,-0.22445,0
4.88124,-0.17372,0
4.68609,-0.20743,0
4.92304,-0.11511,0
4.9495,0.05834,0
4.97325,0.00538,0
