"Points:0","Points:1","Points:2"
3.33662,0.14195,0
2.98434,0.20688,0
3.22043,0.17588,0
2.89939,0.22969,0
3.74705,0.0333,0
3.63547,0.05558,0
3.87753,-0.02461,0
3.90665,0.06359,0
3.99274,0.17062,0
4.00821,0.20646,0
4.06411,0.19466,0
4.03898,0.20692,0
4.20298,0.10604,0
4.18415,0.08981,0
4.10909,0.22268,0
4.88124,-0.17372,0
