"Points:0","Points:1","Points:2"
3.06064,0.16347,0
3.3475,0.291,0
2.21485,0.0313,0
1.83173,0.07284,0
3.35997,0.30966,0
2.10208,0.05025,0
3.60153,0.33585,0
3.60605,0.3577,0
3.98992,0.3976,0
4.12151,0.37983,0
4.20442,0.33579,0
4.32587,0.1922,0
4.27771,0.2644,0
4.2922,0.2356,0
4.33185,0.21909,0
