"Points:0","Points:1","Points:2"
3.35681,0.12409,0
2.92838,0.24788,0
3.40227,0.0898,0
3.29336,0.11818,0
2.84191,0.29296,0
3.01501,0.20489,0
3.55204,0.09182,0
3.65246,0.08169,0
3.5767,0.09189,0
3.7674,0.05502,0
3.86683,0.06443,0
3.92899,0.0649,0
3.90665,0.06359,0
3.99659,0.05011,0
4.03898,0.20692,0
4.05393,0.26569,0
4.07202,0.27523,0
4.17599,0.16556,0
4.34568,-0.11566,0
4.83744,-0.17104,0
4.68651,-0.1525,0
5.07914,-0.15752,0
5.19452,-0.18846,0
