"Points:0","Points:1","Points:2"
3.1506,0.15128,0
2.4218,0.63962,0
2.92838,0.24788,0
3.29336,0.11818,0
2.37438,0.74432,0
2.85025,0.31712,0
2.66951,0.40823,0
3.01501,0.20489,0
3.10092,0.1476,0
3.50852,0.14583,0
3.54471,0.16196,0
3.77722,0.31189,0
3.85536,0.28559,0
4.0675,0.02689,0
4.09619,-0.00142,0
4.12596,-0.01311,0
4.00821,0.20646,0
4.14777,0.00311,0
4.39707,-0.10552,0
4.68651,-0.1525,0
4.70509,-0.1403,0
