"Points:0","Points:1","Points:2"
8.97746,-1.31349,0.00077
8.90475,-1.07433,0.00499
8.82895,-0.83611,0.00295
8.737,-0.60365,0.00583
8.64012,-0.37325,0.00011
8.48588,-0.1765,2e-05
8.31233,0.00345,0
8.06882,0.06,0.0011
7.81924,0.04558,0.00173
7.58216,0.12492,0.00024
7.33426,0.15675,0.00584
7.08876,0.20359,0.00012
6.84203,0.24395,0.00067
