"Points:0","Points:1","Points:2"
3.99474,-0.04047,0.00228
3.75176,0.01831,2e-05
3.5019,0.00976,5e-05
3.25299,-0.01352,0
3.00305,-0.00801,0.00042
2.75347,0.00656,0.00053
2.50374,0.01807,0
2.25391,0.00867,8e-05
2.00398,0.00303,3e-05
1.7544,0.01751,0
1.50464,0.00644,6e-05
1.25493,0.01743,0.00471
1.00508,0.01007,5e-05
