"Points:0","Points:1","Points:2"
3.99433,-0.03883,0.0034
3.75337,0.02771,0.00059
3.50393,0.01096,0.00189
3.25419,-0.00036,0.00076
3.00423,0.00227,0.00434
2.75436,0.00893,0
2.50469,0.02186,0.00014
2.25492,0.0113,3e-05
2.00492,0.01025,0.00165
1.75512,0.02005,0.00126
1.50555,0.00537,0.00101
1.25583,0.01714,0.00049
1.00585,0.01363,0
