"Points:0","Points:1","Points:2"
4.0299,0.0068,0.00023
3.7878,-0.05554,1e-05
3.54001,-0.02237,2e-05
3.29181,0.00748,0.0026
3.04203,-0.00308,0.00319
2.79543,-0.04409,0.00528
2.54552,-0.0395,3e-05
2.29604,-0.05555,0.00019
2.05135,-0.00428,0
1.80294,0.0238,0.00031
1.55579,-0.01362,0.00472
1.30942,0.02853,0
1.10585,0.17364,0.00213
