"Points:0","Points:1","Points:2"
2.07349,-7.79798,0.04435
2.00603,-7.56136,0.00013
1.98578,-7.31218,0.00181
1.98193,-7.06221,0.0028
1.98836,-6.8123,0.00409
1.98776,-6.56234,0
1.91973,-6.3228,0.0222
1.83123,-6.08984,0.00222
1.9039,-5.85065,0
1.93662,-5.6028,0.00143
2.01779,-5.36635,0.00091
2.0382,-5.11718,0.00063
2.05031,-4.86747,0
