"Points:0","Points:1","Points:2"
3.99266,-0.03404,0.00127
3.75325,0.03795,0.00155
3.50422,0.01588,0.00153
3.25493,-0.00286,0.00237
3.00495,-0.00084,0
2.75517,0.00963,0
2.50518,0.01203,0.00039
2.25523,0.0173,6e-05
2.00525,0.01476,2e-05
1.75538,0.0228,0
1.50575,0.00908,9e-05
1.25628,0.02528,4e-05
1.00662,0.01229,0.00155
