"Points:0","Points:1","Points:2"
8.56946,-2.5907,0.07592
8.70194,-2.38426,0.02764
8.82804,-2.16979,0.0031
8.93537,-1.94402,0.00064
8.97531,-1.69724,0.00293
8.97684,-1.44726,0
9.0439,-1.20643,0.00119
9.02062,-0.95752,1e-05
8.98023,-0.7108,0
8.87226,-0.48538,0.00513
8.68876,-0.31567,0
8.48252,-0.17437,0
8.24668,-0.09144,0.00027
