"Points:0","Points:1","Points:2"
3.9951,-0.03789,0.0029
3.75449,0.02992,1e-05
3.50459,0.02274,0
3.25604,-0.0036,0.00511
3.00613,0.00218,0.00182
2.75632,0.01196,0.0021
2.50639,0.00601,0.00112
2.25649,0.01315,0
2.00651,0.01002,0.0001
1.7567,0.01973,4e-05
1.50721,0.0038,0.00023
1.2576,0.01772,0
1.00763,0.01382,0
