"Points:0","Points:1","Points:2"
4.01043,-0.03803,0
3.76396,0.00384,0.00012
3.52785,0.086,0
3.28585,0.0233,0.00248
3.05402,-0.07025,0.00219
2.80448,-0.08545,0.00068
2.55485,-0.07199,2e-05
2.30998,-0.02162,0.00125
2.06537,0.02993,0.00393
1.81708,0.05918,0.00315
1.5675,0.07328,0.00026
1.31758,0.06673,0
1.10545,-0.06555,8e-05
