"Points:0","Points:1","Points:2"
3.99406,-0.03218,0
3.75308,0.03438,0.00011
3.5038,0.01542,2e-05
3.2546,-0.00389,0.00506
3.00471,0.00243,0.00113
2.75474,0.00632,1e-05
2.50477,0.00996,6e-05
2.25481,0.00522,0
2.00501,0.0151,9e-05
1.75502,0.01676,0.00242
1.5052,0.00759,4e-05
1.25526,0.01294,0.00076
1.00526,0.01364,2e-05
