"Points:0","Points:1","Points:2"
2.77949,-2.54475,0.00123
2.97409,-2.38781,1e-05
2.78833,-2.2205,0.00016
2.87685,-1.98673,0.00426
3.10652,-2.08548,0.00273
3.32732,-2.20269,0.00533
3.55929,-2.29582,0.00098
3.6867,-2.08072,6e-05
3.503,-1.9113,0.00736
3.29296,-1.77591,0.00011
3.14251,-1.57625,0
3.23803,-1.34522,0.00104
3.42843,-1.18361,0.0125
