"Points:0","Points:1","Points:2"
6.24238,0.12563,0.00502
5.99309,0.10699,0.00735
5.74323,0.09922,0.00459
5.49689,0.05663,0.00239
5.28246,-0.07187,3e-05
5.08062,-0.21937,0.00187
4.84272,-0.29588,0.00905
4.59531,-0.33059,0
4.34532,-0.33252,0
4.1091,-0.25066,0
3.8907,-0.129,2e-05
3.64772,-0.07016,0.00026
3.40267,-0.02076,0.00313
