"Points:0","Points:1","Points:2"
2.82986,-9.47568,0.05345
2.77373,-9.23689,0.00521
2.67256,-9.00833,0.0001
2.60899,-8.76655,0.00072
2.56012,-8.52352,0.03315
2.48447,-8.28526,0.0307
2.36784,-8.06493,0.01191
2.22659,-7.85896,0.00075
2.08388,-7.6537,0
1.92776,-7.45848,0.00431
1.75937,-7.27375,0
1.625,-7.06293,2e-05
1.46688,-6.8693,0.00305
