"Points:0","Points:1","Points:2"
4.04786,0.01619,0
3.85175,-0.13884,0.00172
3.64193,-0.00292,3e-05
3.39531,0.03802,4e-05
3.15123,-0.01606,0.00028
2.91556,-0.09951,0
2.67353,-0.16208,0.00181
2.47747,-0.00707,0.00749
2.22797,-0.02096,4e-05
1.97821,-0.03201,0
1.73024,-0.06382,1e-05
1.48835,-0.12699,0
1.24293,-0.0794,0.00187
