"Points:0","Points:1","Points:2"
3.99366,-0.0359,5e-05
3.75305,0.03199,2e-05
3.50329,0.02105,0
3.25429,-0.00131,0
3.0043,-0.00277,0.00043
2.7547,0.01132,0
2.50479,0.01562,0.00512
2.25485,0.01311,0
2.00485,0.01161,2e-05
1.755,0.01997,8e-05
1.50519,0.0101,0
1.25519,0.0088,5e-05
1.00529,0.01577,0
