"Points:0","Points:1","Points:2"
3.99583,-0.03444,0.00253
3.75371,0.0278,0
3.50417,0.01268,0.00148
3.25457,-0.00128,0
3.00457,-0.00196,5e-05
2.75505,0.01355,1e-05
2.50508,0.01176,0.00313
2.2552,0.01905,0.00034
2.00532,0.01122,3e-05
1.75586,0.02729,0.00325
1.5064,0.01101,0.00131
1.25647,0.01696,2e-05
1.00653,0.01136,0
