"Points:0","Points:1","Points:2"
4.0119,-0.03426,7e-05
3.76389,-0.00275,1e-05
3.51777,0.0409,0.00418
3.2762,-0.02336,1e-05
3.0262,-0.02396,0
2.77729,-0.00081,0.00283
2.52827,-0.02273,0
2.2849,-0.07989,6e-05
2.04883,0.00241,2e-05
1.80657,0.06413,4e-05
1.55715,0.08081,0.00354
1.30914,0.04937,0.00281
1.09183,-0.07419,0
