"Points:0","Points:1","Points:2"
6.97039,0.13764,0.00345
6.74593,0.24766,6e-05
6.51176,0.33521,0
6.26326,0.36199,0.00568
6.01796,0.40995,0.00037
5.7754,0.34944,0.00256
5.55929,0.22378,0
5.36327,0.06864,0.00199
5.18422,-0.10584,0.0034
4.95427,-0.20388,0.006
4.71835,-0.28656,0.00317
4.49742,-0.40283,0.0162
4.30785,-0.56551,0.02603
