"Points:0","Points:1","Points:2"
3.99469,-0.03461,0.00064
3.75344,0.03095,0
3.50393,0.01564,0.00367
3.25461,-0.00249,0.00101
3.00461,-0.00277,0.00023
2.75473,0.0049,0.00212
2.50475,0.00731,0
2.25475,0.00769,0
2.00476,0.00666,1e-05
1.75504,0.01859,0.00036
1.50505,0.01593,0.00016
1.25506,0.01588,0
1.00522,0.00864,0.00537
