"Points:0","Points:1","Points:2"
3.99781,-3.12637,0.03333
4.24765,-3.12093,0.0262
4.49281,-3.07864,0.05082
4.73079,-3.01605,0.00668
4.97505,-2.96282,0.00439
5.22409,-2.98469,0.00474
5.46076,-3.06516,0.00148
5.67754,-3.18969,0.00241
5.92746,-3.19594,0.00086
6.16415,-3.11569,0.00701
6.4132,-3.13633,0
6.65446,-3.20184,0
6.87609,-3.31736,0.00608
