"Points:0","Points:1","Points:2"
4.01308,-0.03067,1e-05
3.7637,-0.01301,2e-05
3.51851,0.0357,0.00313
3.27226,-0.00733,6e-05
3.02374,-0.0345,9e-05
2.77795,0.01116,0
2.52953,-0.0169,0.00024
2.28739,-0.0791,0.00152
2.04629,-0.013,0.00165
1.8086,0.06446,0.00268
1.5591,0.08011,5e-05
1.31057,0.05305,0.002
1.09524,-0.07394,0
