"Points:0","Points:1","Points:2"
3.99677,-0.03707,0.00072
3.75669,0.03262,0.00296
3.50728,0.01578,0
3.25753,0.0046,1e-05
3.00755,0.00658,0.00296
2.75763,0.01188,0
2.50767,0.01633,0.00047
2.2577,0.01192,0.00014
2.00771,0.01418,0
1.75775,0.01854,0.00014
1.50803,0.00675,0
1.25818,0.01522,0
1.00831,0.00825,0.00448
