"Points:0","Points:1","Points:2"
3.9962,-0.03889,3e-05
3.75576,0.02956,0
3.50612,0.01612,0.00139
3.25663,0.00026,0.00113
3.00665,0.00348,0.00027
2.757,0.01667,0.0001
2.50709,0.00993,0
2.25709,0.01129,0
2.00711,0.01464,3e-05
1.75711,0.01452,0
1.50715,0.01109,0.00259
1.25734,0.02078,0.00095
1.00745,0.01364,0
