"Points:0","Points:1","Points:2"
2.72797,-17.6074,0.00503
2.5419,-17.4404,0.00327
2.35434,-17.2752,0.00062
2.20351,-17.0758,0.00398
2.07277,-16.8627,0.00101
1.93181,-16.6563,0.00612
1.90562,-16.4077,0.00163
1.95757,-16.1633,0.00759
1.99218,-15.9157,0.01331
2.10539,-15.6932,0
2.23145,-15.4774,7e-05
2.2952,-15.2357,0.00435
2.38305,-15.0016,0.00122
