"Points:0","Points:1","Points:2"
2.15565,-5.45552,0.00038
2.09744,-5.2125,0.00745
2.07395,-4.96367,0.00191
2.08623,-4.71397,0.001
2.18025,-4.48233,0.00301
2.38504,-4.33897,3e-05
2.60701,-4.22398,0.00217
2.82444,-4.10061,0
3.00448,-3.92715,6e-05
3.21215,-3.78796,0
3.44085,-3.68699,9e-05
3.62086,-3.51354,0.00374
3.80368,-3.34306,2e-05
