"Points:0","Points:1","Points:2"
6.28422,-3.23734,0.00188
6.53255,-3.20857,0.00032
6.78125,-3.23405,0.00014
7.01141,-3.13658,0.00503
7.26071,-3.11795,0.00322
7.5054,-3.06672,0.00236
7.74983,-3.11916,0
7.99514,-3.07101,0.00243
8.2432,-3.04803,0.02331
8.43518,-2.88936,0.00168
8.61478,-2.71546,0
8.82369,-2.57832,0.00694
9.04692,-2.46592,0.00103
