"Points:0","Points:1","Points:2"
4.00857,-0.03736,4e-05
3.76119,-0.00128,0
3.53763,0.11062,0.00069
3.29314,0.0584,4e-05
3.07652,-0.0664,0
2.83632,-0.1357,0.00019
2.62092,-0.00879,2e-05
2.38819,0.08245,0.00372
2.13914,0.10382,0
1.89099,0.13421,2e-05
1.64362,0.1704,0
1.3939,0.18182,0.00304
1.15687,0.10237,0.00145
