"Points:0","Points:1","Points:2"
2.84183,-2.42773,0.0289
2.96037,-2.20953,0
3.06691,-1.98337,0.00028
3.23548,-2.16798,0.00171
3.4796,-2.11407,0
3.38322,-1.88339,0
3.3411,-1.63696,2e-05
3.4713,-1.42356,0.00327
3.71827,-1.38489,4e-05
3.96824,-1.38187,0.00201
4.21723,-1.3595,0.00016
4.463,-1.31366,0.00032
4.70336,-1.24493,0.00148
