"Points:0","Points:1","Points:2"
3.99893,-0.03793,0
3.75554,0.01918,0
3.50564,0.01211,0
3.25662,-0.00986,0.00249
3.00678,-0.00126,0
2.75705,0.00973,0.00386
2.50713,0.01483,0
2.25716,0.01129,0.0001
2.0072,0.01586,0.00036
1.75723,0.0195,0.00012
1.50742,0.0096,0.00088
1.25768,0.02088,1e-05
1.00793,0.00957,0
