"Points:0","Points:1","Points:2"
3.99358,-0.03384,0
3.75227,0.03149,0.00092
3.5027,0.01683,1e-05
3.25343,-0.00229,0
3.00358,0.00614,0
2.75358,0.00768,0.00029
2.50369,0.01303,0.00541
2.25378,0.0171,1e-05
2.00381,0.01328,9e-05
1.75399,0.02267,0
1.50439,0.00853,0.00014
1.25457,0.01822,0.0005
1.0046,0.01493,2e-05
