"Points:0","Points:1","Points:2"
2.45271,-12.6628,0.00107
2.66156,-12.5254,2e-05
2.76775,-12.2991,0
2.84212,-12.0604,0.00374
2.96649,-11.8437,0.01223
3.07023,-11.6164,0.00305
3.22341,-11.4188,0.00342
3.2928,-11.1787,0.00032
3.30304,-10.9289,0.0032
3.30776,-10.679,0
3.35945,-10.4344,0
3.36207,-10.1844,0.00127
3.29604,-9.94333,0.00637
