"Points:0","Points:1","Points:2"
3.99076,-0.04058,2e-05
3.75222,0.03423,0
3.50296,0.01515,0.00242
3.25367,-0.00355,0
3.00367,-0.00211,0
2.75381,0.00626,0.0001
2.50384,0.00977,4e-05
2.25395,0.01715,0
2.00396,0.01433,0
1.75421,0.02479,0.00341
1.50452,0.01283,0
1.25452,0.01471,3e-05
1.00457,0.01045,0.00201
