"Points:0","Points:1","Points:2"
4.01132,-0.03269,0
3.76288,-0.00477,8e-05
3.51555,0.03167,0.00068
3.27043,-0.01746,2e-05
3.02109,-0.03548,0.00167
2.77477,0.00727,2e-05
2.52627,-0.01998,0.00087
2.28045,-0.0655,0.00038
2.03368,-0.02545,4e-05
1.79332,0.04333,3e-05
1.54645,0.08272,0
1.30123,0.03407,0
1.05753,-0.02146,0.00541
