"Points:0","Points:1","Points:2"
4.01079,-0.02953,1e-05
3.76259,0.00035,0.00182
3.51564,0.03926,7e-05
3.27183,-0.01587,0.00403
3.02243,-0.03268,0
2.775,0.00307,0.00176
2.52531,-0.00913,0
2.28612,-0.08187,1e-05
2.05211,0.00607,0.0025
1.80733,0.05683,0
1.55912,0.08671,0.0007
1.31293,0.04327,0
1.09117,-0.07216,2e-05
