"Points:0","Points:1","Points:2"
1.95901,-5.24308,0.01483
2.00342,-4.99709,0.01038
2.07222,-4.75691,0.00163
2.18624,-4.53442,0.00248
2.36246,-4.3571,0.00124
2.55688,-4.19993,6e-05
2.77544,-4.07857,0
2.9862,-3.94411,0.00177
3.19892,-3.81278,0.00192
3.42653,-3.70939,2e-05
3.6407,-3.58042,0
3.79931,-3.3872,0.0028
4.02947,-3.28964,0
