"Points:0","Points:1","Points:2"
3.99535,-0.03469,0
3.75426,0.03148,0.00019
3.50469,0.01684,5e-05
3.25606,-0.00923,0.0001
3.00614,-0.00287,0
2.75631,0.00625,0.00098
2.50636,0.01157,0
2.25641,0.01637,0.00087
2.00646,0.01164,0
1.75666,0.02172,0
1.50681,0.01311,1e-05
1.25683,0.01578,0.00206
1.00696,0.00783,0.00281
