"Points:0","Points:1","Points:2"
2.75664,-2.50287,0.00093
3.00615,-2.51837,0.00118
2.94571,-2.27579,0.00138
2.73022,-2.14904,0
2.86819,-1.94058,0.00271
3.10551,-1.862,0
3.32767,-1.97664,0.00185
3.28032,-2.22211,0.00057
3.40644,-2.43797,0
3.59438,-2.27311,0.00031
3.63533,-2.0265,0.00207
3.71656,-1.79007,0
3.78203,-1.54883,0.00394
