"Points:0","Points:1","Points:2"
2.4733,-2.71506,0.00485
2.52875,-2.4713,0.00272
2.77752,-2.44675,2e-05
2.96843,-2.60816,0.00045
3.21832,-2.61538,0
3.31503,-2.38486,0.00321
3.18002,-2.17447,0.00574
2.95319,-2.27945,0.00068
2.75912,-2.12187,0.00238
2.78321,-1.87303,0.00105
2.91753,-1.66219,0
3.09587,-1.48699,0
3.22069,-1.27041,0.00364
