"Points:0","Points:1","Points:2"
3.99435,-0.03262,0.00329
3.75231,0.02989,0.00024
3.5025,0.02025,0.00025
3.2542,-0.00891,0.0009
3.00456,0.00443,0.00184
2.75486,0.01658,0
2.505,0.00836,0.00123
2.25501,0.01036,0
2.00509,0.01424,0.00497
1.75522,0.02055,0
1.50535,0.01247,1e-05
1.25541,0.01775,2e-05
1.00552,0.01073,0.00259
