"Points:0","Points:1","Points:2"
8.29445,-2.57236,0.00095
8.52208,-2.469,3e-05
8.69837,-2.29174,0
8.88667,-2.12729,0
8.98186,-1.89632,0.00963
9.02236,-1.64981,0
9.1028,-1.4131,0
9.09517,-1.16322,0.00094
8.99507,-0.93414,0.0007
8.89652,-0.70451,0.00844
8.77606,-0.48548,0.00444
8.60689,-0.30142,0.00455
8.43849,-0.1167,0
