"Points:0","Points:1","Points:2"
3.99397,-0.03721,0
3.75338,0.03071,0.00125
3.50396,0.01376,0
3.25504,-0.00945,0
3.00527,0.00122,0.00074
2.75543,0.01021,0.00015
2.50543,0.00909,1e-05
2.25544,0.01067,2e-05
2.0055,0.01632,2e-05
1.75553,0.01998,0.0021
1.50585,0.00742,0.00324
1.25609,0.01807,0.00074
1.00612,0.01458,1e-05
