"Points:0","Points:1","Points:2"
2.97954,-2.28046,0.00097
3.10271,-2.06298,0.00664
3.34999,-2.02681,0.0001
3.40335,-1.78258,2e-05
3.6174,-1.65342,0.00032
3.84333,-1.54637,3e-05
4.08177,-1.47124,6e-05
4.24469,-1.28161,0
4.42798,-1.1116,3e-05
4.52448,-0.88098,0.00012
4.54932,-0.63221,0
4.41317,-0.42254,0.00044
4.28455,-0.20889,0.01812
