"Points:0","Points:1","Points:2"
3.99423,-0.0328,0.00014
3.75222,0.02992,0
3.50288,0.01177,0.00056
3.25347,-0.00536,0
3.00371,0.00537,0.00222
2.75372,0.00785,0.00289
2.50373,0.00915,0.00302
2.25375,0.00867,2e-05
2.00382,0.01468,0.00012
1.75383,0.01399,0.0025
1.50385,0.01555,0.00013
1.25387,0.01699,0.00294
1.00388,0.01526,0.00161
