"Points:0","Points:1","Points:2"
4.01079,-0.03344,0.0005
3.76292,-0.00087,0
3.51719,0.04516,0.001
3.27442,-0.01452,0.00187
3.02523,-0.03458,0.00109
2.77724,-0.00291,0.00096
2.52737,-0.01099,0
2.28747,-0.0813,0.00109
2.04936,-0.00511,0.0012
1.80819,0.06074,0
1.55973,0.0884,0.00122
1.31356,0.04481,0.00012
1.09478,-0.07615,0.00208
