"Points:0","Points:1","Points:2"
3.9915,-0.03513,3e-05
3.75179,0.03586,0
3.50247,0.0175,4e-05
3.25408,-0.0108,0.00111
3.00444,0.00242,0.00375
2.75455,0.00876,0
2.50483,0.02063,0
2.25509,0.00981,0.00352
2.00513,0.01248,1e-05
1.75518,0.01685,0.00198
1.50526,0.01049,0.00177
1.25538,0.01814,5e-05
1.00538,0.01784,0.00016
