"Points:0","Points:1","Points:2"
4.0387,-0.01655,0
3.79177,-0.05559,0.00081
3.54559,-0.01204,0.00149
3.29604,0.00284,0
3.04644,-0.01134,3e-05
2.79974,-0.05161,0.00432
2.54984,-0.04588,1e-05
2.30024,-0.05999,1e-05
2.05448,-0.01418,2e-05
1.80566,0.01012,0.00138
1.55628,-0.00736,1e-05
1.30928,0.03127,0.00056
1.09645,0.16243,2e-05
