"Points:0","Points:1","Points:2"
4.04214,-0.28225,0.00557
4.29139,-0.3008,3e-05
4.11301,-0.12564,0.00055
3.88251,-0.02886,1e-05
3.65124,0.0661,2e-05
3.53152,0.28556,0.00011
3.30198,0.18649,0
3.32089,-0.06279,0.00139
3.14089,-0.23628,0.00072
2.90666,-0.32365,0
2.67815,-0.22223,0.00095
2.44069,-0.14407,0.00225
2.19891,-0.08074,0.00789
