"Points:0","Points:1","Points:2"
4.23371,-0.32501,0
4.16379,-0.08498,4e-05
3.91408,-0.07298,4e-05
3.67458,-0.00133,0.00262
3.4463,0.10056,8e-05
3.21137,0.18605,1e-05
3.14282,-0.05432,0.00446
2.95886,-0.22361,0.00325
2.71103,-0.19074,0.00217
2.51255,-0.03875,0.00053
2.31191,0.11039,0.00171
2.06322,0.08481,0
1.8551,-0.05365,0.00338
