"Points:0","Points:1","Points:2"
4.05408,-0.05493,7e-05
3.80831,-0.00926,0.00358
3.55833,-0.01035,0.00154
3.30858,0.00094,0
3.05862,-0.00269,0.0016
2.81209,-0.04419,0
2.5622,-0.05163,5e-05
2.31222,-0.04866,0
2.06325,-0.02612,0.00276
1.81358,-0.01329,0.00262
1.56362,-0.00932,0
1.31862,0.04037,0.00151
1.10149,0.16428,0
