"Points:0","Points:1","Points:2"
3.90374,-1.38619,4e-05
3.70686,-1.23211,0
3.60796,-1.00251,2e-05
3.67174,-0.76078,9e-05
3.91074,-0.68743,0.00074
4.15073,-0.75746,0.00117
4.38087,-0.65982,0.00086
4.5024,-0.44135,2e-05
4.49738,-0.1914,0
4.40999,0.04283,0.00014
4.36424,0.28861,0
4.26648,0.51869,0.00298
4.16884,0.74881,0
