"Points:0","Points:1","Points:2"
2.48848,-2.97417,0
2.34973,-2.7662,0.00019
2.30342,-2.52055,0.00283
2.43998,-2.31115,6e-05
2.58041,-2.10433,0.00056
2.8291,-2.07882,0.00216
2.94785,-2.29882,0.00405
3.07138,-2.51616,0.00338
3.27775,-2.65723,0.00023
3.52711,-2.67502,0.00255
3.76758,-2.60664,0.00228
3.7231,-2.36064,0
3.60111,-2.14243,1e-05
