"Points:0","Points:1","Points:2"
4.01092,-0.02125,0.00351
3.76113,-0.01162,4e-05
3.51654,0.04011,4e-05
3.27377,-0.01957,2e-05
3.02411,-0.03266,0
2.77685,0.00416,0.00277
2.52766,-0.0158,0.00016
2.285,-0.07593,0.00018
2.04416,-0.00886,6e-05
1.80602,0.0672,0.00172
1.55613,0.07424,8e-05
1.30667,0.05819,0.00389
1.09135,-0.06879,0.00052
