"Points:0","Points:1","Points:2"
6.47322,-18.0282,0.02892
6.22727,-17.9938,0.00011
5.97978,-17.9586,0
5.73948,-17.8897,0.00377
5.50156,-17.813,0
5.25226,-17.8175,0.01807
5.00399,-17.7927,0.00218
4.75824,-17.7469,0.00195
4.50839,-17.7554,0.00048
4.29457,-17.8848,0.00666
4.08213,-18.0166,0.00227
3.84214,-18.0866,0.00357
3.59949,-18.1466,5e-05
