"Points:0","Points:1","Points:2"
1.69168,-6.81202,0.02548
1.8639,-6.63238,0.00159
1.98462,-6.41346,0.00184
2.05645,-6.17401,0.00235
2.09448,-5.92693,0
2.112,-5.67754,1e-05
2.08311,-5.42923,0.00224
2.07549,-5.17935,1e-05
2.04076,-4.93178,0.00193
2.11624,-4.69345,0.00263
2.25117,-4.48301,4e-05
2.44356,-4.32346,0.00555
2.64159,-4.17095,0.00025
