"Points:0","Points:1","Points:2"
3.99561,-0.0314,1e-05
3.75396,0.03269,0.00011
3.50494,0.01063,0.00099
3.25519,-0.00045,0
3.00524,0.00445,4e-05
2.75546,0.01478,0.0022
2.50555,0.0096,0.00642
2.25563,0.00928,0
2.00566,0.01311,0.0012
1.75603,0.02659,0
1.50665,0.00907,0.00145
1.25694,0.02117,0.0003
1.00697,0.01733,1e-05
