"Points:0","Points:1","Points:2"
4.01002,-0.04089,0.00168
3.76315,-0.00144,0.00032
3.51504,0.02924,6e-05
3.26843,-0.01154,0.00442
3.01932,-0.0324,0.00122
2.77113,-0.00237,0.0023
2.52126,-0.01045,0.00273
2.27219,-0.03176,0.00024
2.02266,-0.01639,0.00013
1.77618,0.02544,0.00078
1.5263,0.03315,0.00023
1.27704,0.01399,0
1.02936,-0.02,0.00163
