"Points:0","Points:1","Points:2"
4.01089,-0.02544,0
3.76105,-0.01649,0.0002
3.53217,0.08407,0.00082
3.28878,0.02696,0.00012
3.07388,-0.10078,0
2.82523,-0.12676,0.00042
2.58909,-0.0448,0.00483
2.35315,0.03773,0.00041
2.10716,0.08235,0.00111
1.85991,0.11933,0.00014
1.60997,0.1246,0.00095
1.36018,0.11442,0.00011
1.12003,0.04509,0.00499
