"Points:0","Points:1","Points:2"
3.99419,-0.03527,0
3.75252,0.02874,2e-05
3.50275,0.01815,2e-05
3.25349,-0.00108,0
3.00351,0.00219,0
2.75365,0.01067,0.00027
2.50373,0.0161,0.00308
2.25373,0.01689,0.00173
2.00375,0.01437,0.00076
1.75381,0.01979,0
1.50395,0.01155,0.00155
1.25428,0.02439,0
1.0044,0.0177,0.0036
