"Points:0","Points:1","Points:2"
1.8993,-7.60678,0.00395
1.85091,-7.36151,0.00581
1.87596,-7.11303,0.01722
1.91073,-6.86606,1e-05
1.89178,-6.61678,0.00139
1.87761,-6.36718,0.00051
1.89303,-6.11766,1e-05
1.88835,-5.8678,0.00689
1.88614,-5.6179,9e-05
2.00237,-5.39659,0.00378
2.11875,-5.17533,0.00355
2.21624,-4.94512,0.00371
2.40347,-4.77947,0.00444
