"Points:0","Points:1","Points:2"
5.74565,-3.18034,0.19886
5.97634,-3.14741,0.10832
6.21297,-3.17252,0.03167
6.4611,-3.17595,0.00133
6.71032,-3.19511,0.00575
6.9448,-3.28184,0.00447
7.19373,-3.30445,8e-05
7.42699,-3.2145,0.00114
7.6721,-3.16534,0
7.89231,-3.04698,0
8.13923,-3.00782,0.00015
8.38416,-2.95776,0
8.60223,-2.83557,0.00414
