"Points:0","Points:1","Points:2"
3.99427,-0.0479,0
3.75286,0.01705,0.00195
3.50294,0.01067,0.00201
3.25335,-0.00359,0.00185
3.00338,9e-05,3e-05
2.75358,0.01006,0.00013
2.50371,0.01804,0
2.25373,0.01443,7e-05
2.00374,0.01285,6e-05
1.75378,0.01737,0.00122
1.50385,0.0116,7e-05
1.25394,0.01809,1e-05
1.00394,0.01902,0.00129
