"Points:0","Points:1","Points:2"
4.00729,-0.02653,0
3.75883,0.00093,0.00308
3.51026,0.02745,0
3.26432,-0.01744,0
3.01477,-0.03239,3e-05
2.76662,-0.00204,0
2.5167,-0.00856,0.00149
2.26681,-0.00144,0
2.01681,-0.00011,0
1.76681,-0.00086,0
1.51702,0.00922,0.00012
1.26722,0.01931,0
1.0226,-0.03227,4e-05
