"Points:0","Points:1","Points:2"
4.00943,-0.0338,0.00041
3.76194,0.00157,0
3.51402,0.03353,0.00354
3.26844,-0.01313,7e-05
3.01893,-0.02886,0
2.77086,0.00212,0.00012
2.52104,-0.00744,0
2.27107,-0.00345,5e-05
2.02121,0.00468,0.00012
1.77153,0.01737,0.00124
1.52155,0.01446,0.00289
1.27163,0.0206,0.00241
1.02558,-0.02362,0
