"Points:0","Points:1","Points:2"
3.99723,-0.03646,0
3.75573,0.02815,0.00088
3.50615,0.01361,0
3.25662,-0.00159,0
3.0067,0.00508,0
2.75676,0.01042,9e-05
2.50682,0.01569,0.00115
2.25684,0.01871,0.00031
2.00687,0.01439,0.00034
1.75703,0.02316,0.00141
1.50734,0.01085,0
1.25734,0.0124,0.00032
1.00737,0.01591,0
