"Points:0","Points:1","Points:2"
4.01165,-0.03814,0.00173
3.76447,-0.00074,1e-05
3.53087,0.08832,0.00014
3.28787,0.02957,0
3.07151,-0.09566,0.00137
2.82357,-0.12768,3e-05
2.59031,-0.03773,0.00039
2.35375,0.04314,0
2.10625,0.07841,0.00066
1.85861,0.11268,0
1.60912,0.12852,0.00179
1.35968,0.11182,0.00252
1.1183,0.04692,0.00744
