"Points:0","Points:1","Points:2"
4.00821,-0.03101,1e-05
3.75983,-0.00255,0
3.51116,0.02307,0.00163
3.26369,-0.01241,8e-05
3.0145,-0.03257,3e-05
2.76562,-0.00921,0.00336
2.51567,-0.01301,0
2.26584,-0.00399,2e-05
2.01603,0.00573,0.00153
1.76626,-0.00491,0
1.5169,0.01273,0.0028
1.26696,0.01821,0.00269
1.01978,-0.01913,0
