"Points:0","Points:1","Points:2"
3.50911,-10.4605,0.00254
3.33416,-10.2819,4e-05
3.2282,-10.0555,0.00152
3.1122,-9.83403,0.00355
3.03146,-9.59745,0.00022
2.90299,-9.38299,0
2.76452,-9.17484,0.00077
2.60287,-8.98424,0.00734
2.46845,-8.77346,0.00619
2.36293,-8.54684,0.00307
2.26213,-8.31807,0.00143
2.25142,-8.0683,0.00187
2.24533,-7.81838,0.00238
