"Points:0","Points:1","Points:2"
3.55549,-1.55403,1e-05
3.79637,-1.48714,0.00144
4.02517,-1.38639,0.00167
4.19522,-1.20314,0.00028
4.13627,-0.96018,0
3.89336,-0.90108,0.00021
3.69041,-1.04703,0.00276
3.45881,-0.95294,0.00581
3.38508,-0.7141,0.00143
3.47974,-0.48272,0
3.64856,-0.29836,0.00276
3.84349,-0.14184,0
3.99203,0.05922,0.00282
