"Points:0","Points:1","Points:2"
3.71463,-1.42297,0
3.71224,-1.17298,5e-05
3.63603,-0.93487,0
3.82966,-0.77673,2e-05
4.07736,-0.74295,0
4.31142,-0.6551,8e-05
4.48739,-0.47759,0.00525
4.44994,-0.23042,0.00469
4.42755,0.01857,0.00302
4.31595,0.24228,0.00234
4.197,0.46215,0
4.04228,0.65853,2e-05
3.87441,0.84369,0.00571
