"Points:0","Points:1","Points:2"
3.24474,-10.1834,0.0059
3.2122,-9.9356,0.00262
3.11427,-9.70558,0.00168
3.05128,-9.46365,0
2.90299,-9.26238,5e-05
2.73545,-9.07702,0.00868
2.57061,-8.88921,0.00154
2.42208,-8.68812,0.00345
2.29592,-8.47231,9e-05
2.23769,-8.22921,0.00333
2.21065,-7.98124,0.02009
2.23467,-7.73292,0.00394
2.28104,-7.48729,1e-05
