"Points:0","Points:1","Points:2"
4.15496,-0.15278,0
3.90502,-0.15856,0
3.66248,-0.09796,7e-05
3.48213,0.07517,0
3.24372,-6e-05,0.00137
3.03303,-0.13462,4e-05
2.79672,-0.21613,0.00381
2.56036,-0.13475,1e-05
2.32829,-0.0418,0
2.11864,0.09439,0
1.88198,0.01384,0.00228
1.63706,-0.03627,0
1.39566,-0.10127,0.00042
