"Points:0","Points:1","Points:2"
3.80748,-1.19295,3e-05
3.9355,-0.97821,0
4.09673,-0.78716,0.00164
4.25445,-0.5932,0
4.29596,-0.34667,0.00081
4.27293,-0.09773,0
4.23826,0.14985,0.00154
4.19891,0.39671,0.00455
4.08477,0.61912,0.00179
3.83755,0.65627,0
3.58842,0.67708,0.00054
3.33885,0.66247,0
3.12463,0.53359,0.00123
