"Points:0","Points:1","Points:2"
4.00792,-0.0321,3e-05
3.75997,-0.00016,0.00081
3.5135,0.04167,0.00016
3.26927,-0.01177,0
3.0203,-0.03439,0.0002
2.77178,-0.00716,0
2.5218,-0.01023,0.00012
2.27234,-0.02654,0.002
2.02332,-0.00454,0.00021
1.77657,0.03563,0.00195
1.52662,0.03069,0.00267
1.27774,0.00726,0
1.02952,-0.02249,0.00133
