"Points:0","Points:1","Points:2"
2.00839,-7.88987,0.02128
2.02461,-7.64107,0.00299
1.99478,-7.39286,0.00354
1.98109,-7.14323,0.0044
1.95923,-6.89419,0.00491
1.95233,-6.64432,0.00093
1.96129,-6.3945,0.0037
1.88942,-6.15505,0.00308
1.87471,-5.90548,0.00292
1.90047,-5.65683,8e-05
2.01997,-5.43724,0.00017
2.08231,-5.19518,0.00511
2.07177,-4.94546,9e-05
