"Points:0","Points:1","Points:2"
7.55836,-3.18588,0.00351
7.77728,-3.06522,2e-05
7.99437,-2.94123,0.00029
8.22454,-2.84366,4e-05
8.42189,-2.69018,0.00092
8.61348,-2.5296,0.00369
8.76904,-2.3339,0.00426
8.95513,-2.16698,0.0074
9.08038,-1.95065,0.00392
9.118,-1.70349,0.0043
9.15598,-1.45642,0.00076
9.19997,-1.21032,0.0017
9.14929,-0.96564,0.00965
