"Points:0","Points:1","Points:2"
3.99576,-0.03706,2e-05
3.7534,0.02428,0.00091
3.50372,0.0117,0.00011
3.25461,-0.00925,0.00258
3.00486,0.00175,0.00173
2.75496,0.00866,0
2.50518,0.01928,0.00104
2.25533,0.0109,2e-05
2.00535,0.01412,0.00057
1.75536,0.01643,0.00196
1.50575,0.00244,0.0028
1.25602,0.01369,0
1.00602,0.01292,0
