"Points:0","Points:1","Points:2"
2.76178,-2.46566,0.00159
2.99238,-2.5622,3e-05
3.00277,-2.31242,0
2.80529,-2.15911,0.00074
2.78733,-1.90975,2e-05
3.02337,-1.82787,0.00895
3.23466,-1.96123,0.0007
3.33137,-2.19176,0
3.37695,-2.43757,0.00192
3.62015,-2.37969,0.00031
3.72604,-2.15322,0
3.7931,-1.91238,2e-05
3.79299,-1.66242,0.00397
