"Points:0","Points:1","Points:2"
4.012,-0.03101,0.002
3.76409,0.00119,3e-05
3.54135,0.1147,1e-05
3.29875,0.0543,0
3.0826,-0.07131,0
2.83987,-0.13118,0.00065
2.62507,-0.00329,0.00101
2.3906,0.08346,0
2.14361,0.12216,2e-05
1.89472,0.14554,0.00265
1.64727,0.18107,0.00058
1.39731,0.18549,4e-05
1.16564,0.09157,0.00279
