"Points:0","Points:1","Points:2"
2.45614,-2.71129,0
2.54887,-2.47913,2e-05
2.79831,-2.49574,0
3.01621,-2.61831,0
3.26003,-2.56307,3e-05
3.21289,-2.31755,0
3.01721,-2.16197,0.00179
2.79161,-2.05426,0.0008
2.80327,-1.80461,0.0072
3.00229,-1.65332,0.0059
3.25018,-1.68528,0.00036
3.4668,-1.81008,0.0014
3.71543,-1.83615,0
