"Points:0","Points:1","Points:2"
2.50117,-2.81742,3e-05
2.39409,-2.59151,1e-05
2.41563,-2.34244,0
2.6656,-2.34514,0.00267
2.83823,-2.52597,0.00064
3.05771,-2.64565,0
3.3066,-2.62212,1e-05
3.54983,-2.56463,0.00583
3.54912,-2.3147,0
3.31285,-2.23298,0.00027
3.06286,-2.23231,0.00045
2.84417,-2.11117,0.00159
2.68005,-1.92258,0.00143
