"Points:0","Points:1","Points:2"
3.84474,-1.43434,1e-05
3.80388,-1.18772,0.0031
3.57663,-1.08357,2e-05
3.52552,-0.83885,0
3.58327,-0.59561,0
3.82198,-0.52132,1e-05
3.97165,-0.7215,0.0052
4.21989,-0.69237,0.00011
4.38891,-0.50843,0.00991
4.54862,-0.31634,8e-05
4.58136,-0.06849,0
4.48262,0.16114,0.00413
4.50521,0.41012,0.00259
