"Points:0","Points:1","Points:2"
3.733,-1.41514,0
3.95145,-1.29361,0.00327
3.79619,-1.09768,0.00077
3.57627,-0.97879,0
3.60506,-0.73048,0.00386
3.55563,-0.48543,0.00128
3.80451,-0.50905,0.00012
3.84401,-0.75591,0.00025
4.08733,-0.81329,0
4.3199,-0.72156,1e-05
4.51251,-0.56241,0.00846
4.60006,-0.32839,0
4.68371,-0.09282,0.00302
