"Points:0","Points:1","Points:2"
3.99327,-0.03655,2e-05
3.75125,0.02609,0.00035
3.50133,0.01943,0.00033
3.25261,-0.0058,2e-05
3.00261,-0.00679,3e-05
2.75324,0.01088,0
2.50326,0.01397,2e-05
2.25326,0.01491,0
2.00326,0.01639,5e-05
1.75327,0.01865,0.00102
1.50339,0.01101,0.00046
1.2535,0.01818,0.00109
1.00364,0.0265,0.00292
