"Points:0","Points:1","Points:2"
8.70839,-0.64295,0.01095
8.53167,-0.46645,0.0001
8.34935,-0.2954,2e-05
8.17403,-0.11718,3e-05
7.95604,0.00522,0
7.72569,0.10237,6e-05
7.5169,0.23988,0
7.26836,0.26681,0
7.0233,0.29229,0.04238
6.77639,0.33035,0.03313
6.54082,0.40862,0.00344
6.32062,0.52699,0.00257
6.10486,0.65231,0.01813
