"Points:0","Points:1","Points:2"
3.99457,-0.0334,0.00144
3.75285,0.0304,1e-05
3.50327,0.01594,0.00037
3.25385,-0.00079,0.00348
3.00388,0.00106,6e-05
2.75392,0.00518,0.00231
2.504,0.00851,0.00731
2.25417,0.01426,0
2.00421,0.00965,0.00071
1.75442,0.01942,0.00324
1.50478,0.00601,0.00155
1.25495,0.01498,2e-05
1.00498,0.01093,0
