"Points:0","Points:1","Points:2"
5.15582,-0.32807,0.01019
4.90642,-0.34222,8e-05
4.65678,-0.33015,0.00591
4.43711,-0.21095,0
4.20016,-0.13139,0.00486
3.96502,-0.04661,0
3.71899,-0.00224,4e-05
3.47042,-0.02863,0.00439
3.22047,-0.0244,0.0063
2.97803,0.03645,0.00161
2.73344,-0.0153,0.00251
2.49073,0.04463,0.00261
2.24458,0.08832,0.00161
