"Points:0","Points:1","Points:2"
3.99548,-0.03191,0.00242
3.75193,0.02445,0
3.50193,0.02315,0.00075
3.25402,-0.00902,0.00234
3.00423,0.00101,0
2.75442,0.01079,0
2.50442,0.01214,5e-05
2.25443,0.01351,0
2.00447,0.00957,0.00216
1.75472,0.02063,0.00016
1.50504,0.00842,0.00307
1.25524,0.01821,0.00057
1.00528,0.01403,0.0021
