"Points:0","Points:1","Points:2"
3.99215,-0.03693,0
3.75213,0.03297,1e-05
3.50267,0.01649,0
3.25318,0.00049,2e-05
3.00322,-0.00363,0
2.75362,0.01052,0.00024
2.50367,0.01488,0.00268
2.25376,0.02112,0
2.00408,0.00856,0.00186
1.7545,0.02294,0.00035
1.50512,0.00544,0
1.25549,0.01901,0.0021
1.00558,0.01258,0.00149
