"Points:0","Points:1","Points:2"
4.00678,-0.03281,0.00035
3.75737,-0.01558,0
3.54185,0.11111,0
3.29565,0.06767,0
3.07741,-0.05428,9e-05
2.83957,-0.13115,0.00481
2.62295,-0.00643,3e-05
2.38804,0.07913,0
2.14389,0.13281,0.00224
1.89402,0.14106,0.00228
1.64797,0.18526,0
1.39797,0.18499,4e-05
1.16652,0.09049,1e-05
