"Points:0","Points:1","Points:2"
3.99656,-0.03504,0.00405
3.7546,0.02773,0
3.50474,0.01939,0.00181
3.25596,-0.00524,0.00324
3.00618,0.00502,0.00142
2.75619,0.00665,3e-05
2.50633,0.0149,0
2.25633,0.01291,0
2.00634,0.01085,1e-05
1.7565,0.01971,4e-05
1.50684,0.00669,0.00129
1.25716,0.01926,5e-05
1.00719,0.0154,0
