"Points:0","Points:1","Points:2"
4.01756,-0.0294,0
3.76913,-0.00202,0.00581
3.53596,0.08798,1e-05
3.29168,0.03481,0
3.07339,-0.08703,0
2.82516,-0.11677,1e-05
2.58678,-0.04146,0.00134
2.34867,0.03472,0.00047
2.10383,0.08526,0.00155
1.85628,0.12014,8e-05
1.60649,0.1304,0
1.35693,0.11568,9e-05
1.11584,0.04952,0.00076
