"Points:0","Points:1","Points:2"
2.5021,-2.73289,1e-05
2.42544,-2.49493,0
2.61686,-2.33412,9e-05
2.83156,-2.46219,3e-05
3.0422,-2.59685,0.00098
3.29114,-2.61967,0.00305
3.50261,-2.48634,0.00153
3.3506,-2.28786,0.00125
3.10114,-2.27142,0.00055
2.86405,-2.19213,3e-05
2.9176,-1.94793,0.00181
2.94622,-1.69961,0.006
3.02651,-1.46286,0.00663
