"Points:0","Points:1","Points:2"
3.99139,-0.03735,0
3.75146,0.03289,0
3.50195,0.01725,0
3.25247,0.00118,7e-05
3.00252,0.00582,0.00158
2.75265,0.01381,7e-05
2.50267,0.01698,0
2.25267,0.01608,0
2.00267,0.0148,0.00067
1.75268,0.01542,0
1.50269,0.01258,3e-05
1.25274,0.01745,0
1.00282,0.01102,1e-05
