"Points:0","Points:1","Points:2"
2.99647,-2.29046,1e-05
3.09996,-2.06289,0
3.34986,-2.05566,1e-05
3.36968,-1.80644,0
3.59223,-1.69254,4e-05
3.8203,-1.59019,0.00257
4.04976,-1.49097,0
4.21305,-1.30167,0.00201
4.39318,-1.12833,0
4.54151,-0.92716,0.00542
4.59348,-0.68265,0.00161
4.4557,-0.47405,0.00286
4.31311,-0.26872,0
