"Points:0","Points:1","Points:2"
3.99385,-0.03825,0.00039
3.7508,0.02019,0.00416
3.50089,0.02528,0
3.25282,-0.0057,0
3.00305,0.00497,0.00121
2.75307,0.00773,0
2.50313,0.01321,0.00021
2.25316,0.01699,0
2.00318,0.01453,0.00217
1.75323,0.0194,0
1.50349,0.00809,0.00012
1.25372,0.01851,0.00284
1.00383,0.01159,0
