"Points:0","Points:1","Points:2"
6.92013,0.21087,0
6.67598,0.26461,0.00103
6.44559,0.36166,0
6.19582,0.35102,0.00174
5.94588,0.35603,0
5.69948,0.31381,0.0013
5.5092,0.15165,0.00166
5.33005,-0.02272,0
5.1191,-0.1566,0.00864
4.88349,-0.23975,0
4.63618,-0.27601,0.00461
4.40276,-0.36541,0
4.16458,-0.44137,0.00164
