"Points:0","Points:1","Points:2"
4.00396,-0.04085,0.00257
3.76007,0.01405,0.00039
3.51014,0.00844,0.00249
3.26019,0.00448,3e-05
3.01042,0.01511,0.00122
2.76054,0.00734,4e-05
2.51138,-0.01315,3e-05
2.26182,0.00163,0
2.01182,0.00147,0.00151
1.7619,-0.00443,0
1.51213,0.00643,1e-05
1.26265,0.02257,4e-05
1.01798,-0.02878,0
