"Points:0","Points:1","Points:2"
4.00845,-0.04086,0
3.76288,0.00596,0.00197
3.51521,0.04,0
3.27242,-0.01942,0.00432
3.0226,-0.02871,0.00196
2.77604,0.01258,1e-05
2.52776,-0.01672,2e-05
2.28473,-0.07534,0
2.04578,-0.00186,0.00158
1.80322,0.05867,8e-05
1.55482,0.08692,0
1.30741,0.05105,0
1.09099,-0.07411,0
