"Points:0","Points:1","Points:2"
2.94756,-9.58566,4e-05
2.85374,-9.35394,0.0018
2.74599,-9.12835,0.00026
2.64973,-8.89763,0
2.5388,-8.67363,0.00412
2.48437,-8.42966,1e-05
2.40767,-8.19171,0.00028
2.29893,-7.96661,0
2.1587,-7.75964,0.00148
2.01829,-7.55285,0.0063
1.87138,-7.35058,0.00844
1.72442,-7.14847,0.00123
1.54273,-6.97674,0.00093
