"Points:0","Points:1","Points:2"
3.99101,-0.04089,0.00201
3.75177,0.03162,0
3.50205,0.01975,0
3.25299,-0.00172,0.0025
3.00304,0.00308,0.00057
2.75315,0.01031,0.00239
2.50317,0.01225,0.00042
2.25321,0.01277,0.00522
2.00327,0.01339,0.00014
1.75374,0.02845,0.00344
1.50453,0.00883,0.00046
1.25536,0.02918,1e-05
1.00544,0.0231,0.00103
