"Points:0","Points:1","Points:2"
3.99599,-0.03463,0.00025
3.75363,0.02669,1e-05
3.50371,0.0203,0
3.25524,-0.00731,5e-05
3.00531,-0.00146,0.0001
2.75551,0.00867,0.00114
2.50561,0.01559,0.00018
2.25565,0.0112,0.00117
2.00569,0.00678,9e-05
1.75595,0.01802,4e-05
1.5063,0.00497,0.00251
1.25647,0.01388,5e-05
1.00653,0.00869,0.00215
