"Points:0","Points:1","Points:2"
7.32515,0.38599,0.00418
7.08716,0.30945,0.00251
6.84632,0.24245,0
6.60135,0.29235,0
6.36974,0.38646,1e-05
6.12968,0.45625,0.00123
5.88479,0.40597,0
5.67557,0.26913,0.00081
5.46145,0.14008,0.00066
5.27507,-0.02651,0.00374
5.08539,-0.18932,0
4.92283,-0.37921,0.00414
4.80408,-0.59916,0
