"Points:0","Points:1","Points:2"
4.00495,-0.03116,0.00466
3.75786,0.0068,0.00196
3.50981,0.0379,0.00014
3.26385,-0.00687,0
3.01515,-0.03229,9e-05
2.76724,2e-05,0
2.5178,-0.01672,0.0002
2.26835,-0.00019,8e-05
2.01837,-0.00345,0
1.7685,0.00319,0.00451
1.5187,0.01216,0
1.26878,0.01827,0.00013
1.02179,-0.02046,0
