"Points:0","Points:1","Points:2"
3.79622,-1.08477,0.01219
3.95681,-0.89341,0.0027
4.09891,-0.68774,0
4.19468,-0.45681,0.00013
4.27872,-0.22139,0.00404
4.33809,0.02143,0
4.28133,0.2649,0.00012
4.16571,0.48656,1e-05
3.96154,0.63082,7e-05
3.71162,0.63582,0.00368
3.46667,0.58594,3e-05
3.22707,0.5146,0.00076
3.01661,0.37966,0.00076
