"Points:0","Points:1","Points:2"
2.32511,-12.4361,0.00683
2.48392,-12.2453,0.03618
2.66598,-12.0774,0.00209
2.84256,-11.9004,0.00042
3.01707,-11.7216,0.0082
3.09745,-11.485,0
3.23548,-11.2766,0.00244
3.31236,-11.0387,0.00063
3.40442,-10.8063,0.00406
3.37939,-10.5576,0.00012
3.38407,-10.3077,0.00596
3.34106,-10.0615,0.002
3.26233,-9.82419,0.00071
