"Points:0","Points:1","Points:2"
2.17474,-17.231,0.02775
2.06621,-17.0074,0.00092
1.96693,-16.778,0.00156
1.89015,-16.5401,0.00212
1.93001,-16.2933,5e-05
2.00434,-16.0546,0.0001
2.07757,-15.8156,0.00498
2.13015,-15.5712,0.00639
2.09783,-15.3233,0.0056
2.1424,-15.0773,0.00544
2.14848,-14.8274,0
2.12822,-14.5782,0.00099
2.11423,-14.3288,0.01017
