"Points:0","Points:1","Points:2"
4.10001,-0.33012,0.00374
4.24363,-0.12553,1e-05
3.99541,-0.09574,0
3.76134,-0.00791,4e-05
3.55279,0.12993,0.00198
3.32261,0.22748,0.00109
3.14208,0.05453,3e-05
3.0215,-0.16447,1e-05
2.77188,-0.15064,0.00183
2.5619,-0.01497,3e-05
2.3275,0.07194,0.0019
2.08138,0.11576,0.00119
1.83138,0.11607,4e-05
