"Points:0","Points:1","Points:2"
3.99632,-0.03655,0
3.75429,0.02608,0.00112
3.5045,0.01594,0
3.25499,0.00038,0.00055
3.00499,0.00185,0.00168
2.75515,0.01071,0.00308
2.50516,0.01265,0.00326
2.25518,0.01277,0
2.00519,0.01104,0.00014
1.75525,0.01677,0
1.50546,0.00661,0
1.25569,0.01737,0
1.00573,0.013,0
