"Points:0","Points:1","Points:2"
4.01046,-0.04093,0
3.7645,0.00384,3e-05
3.5238,0.07138,0.00011
3.2869,-0.00842,0.0036
3.04027,-0.04917,4e-05
2.79043,-0.05798,0.00209
2.5405,-0.06333,0.00015
2.29084,-0.07632,0
2.0518,-0.00311,0.00034
1.80921,0.05731,0
1.56051,0.08278,9e-05
1.31131,0.06282,0.00049
1.10058,-0.0717,1e-05
