"Points:0","Points:1","Points:2"
3.99717,-0.03714,0
3.75562,0.02732,6e-05
3.50571,0.02072,1e-05
3.25649,0.00097,0
3.00652,0.0052,0
2.75664,0.0129,0.00112
2.50665,0.01406,0.00168
2.25673,0.02028,0.00056
2.00681,0.01389,0
1.75696,0.02263,1e-05
1.5073,0.0097,4e-05
1.25744,0.0183,0
1.00748,0.01383,0
