"Points:0","Points:1","Points:2"
3.99605,-0.03527,0
3.75305,0.02345,0
3.50325,0.01341,0.00052
3.25376,-0.00256,1e-05
3.0038,0.00056,0.00238
2.75388,0.00649,0
2.50395,0.01255,8e-05
2.25402,0.01853,0
2.00406,0.01412,3e-05
1.75416,0.02119,0
1.50427,0.01395,0
1.25436,0.01879,0.00455
1.00449,0.01198,0
