"Points:0","Points:1","Points:2"
3.99306,-0.03286,0
3.75236,0.03468,0
3.50271,0.02144,0
3.25409,-0.00486,5e-05
3.00413,-0.00089,0
2.75424,0.00668,0.00144
2.50426,0.00916,0.00105
2.25429,0.01301,0
2.00431,0.01006,6e-05
1.75444,0.01839,0
1.50451,0.01262,8e-05
1.25453,0.01541,0
1.00464,0.00913,0.00405
