"Points:0","Points:1","Points:2"
4.00761,-0.03127,1e-05
3.75893,-0.0056,0.00118
3.50992,0.01664,2e-05
3.26055,-0.00088,0.00244
3.01296,-0.03543,0
2.76473,-0.00573,3e-05
2.51478,-0.01051,0.00102
2.26483,-0.00556,0
2.0152,0.00816,0.00028
1.76538,0.01763,1e-05
1.51566,0.00597,0.00056
1.26616,0.02176,2e-05
1.02219,-0.03284,0
