"Points:0","Points:1","Points:2"
4.01069,-0.03367,0.00546
3.7636,0.00395,0
3.5257,0.08077,1e-05
3.28228,0.02381,0.00154
3.05232,-0.07425,0
2.80304,-0.09322,0.00015
2.55373,-0.07457,0
2.30638,-0.03831,0.00018
2.06088,0.00891,0
1.81456,0.05167,8e-05
1.56643,0.08216,4e-05
1.31767,0.05725,0.00147
1.10259,-0.07017,8e-05
