"Points:0","Points:1","Points:2"
3.69955,-1.4448,0.00609
3.92275,-1.33225,0.00229
3.94589,-1.08334,0
3.69642,-1.06711,0
3.56553,-0.85413,0.00281
3.55406,-0.60439,0.00276
3.69956,-0.40112,0
3.92725,-0.50337,0.01421
3.91855,-0.75281,0
4.13881,-0.87086,0.00707
4.33984,-0.72238,0.00044
4.48782,-0.52089,0.00114
4.66815,-0.34774,0
