"Points:0","Points:1","Points:2"
2.9923,-2.26418,1e-05
3.14744,-2.06815,0.00259
3.36062,-1.93758,0.00521
3.4877,-1.72235,0
3.71682,-1.62234,6e-05
3.9265,-1.48624,0.00408
4.14891,-1.37211,0.0019
4.31351,-1.18394,0.00249
4.50062,-1.01815,0.00076
4.46787,-0.77031,0
4.29809,-0.58797,0.02067
4.0543,-0.53646,0.00025
3.8246,-0.43779,0
