"Points:0","Points:1","Points:2"
7.73431,0.26937,0
7.49354,0.33667,0.00057
7.25239,0.40257,0.00269
7.00295,0.38593,0.00434
6.75449,0.41337,0.00024
6.50554,0.39069,0.00286
6.25653,0.41279,0.00579
6.00707,0.4286,0.00128
5.75722,0.43714,0
5.56514,0.27724,0.00595
5.43882,0.06153,0.00281
5.25157,-0.1041,0.0005
5.06165,-0.26667,0.00049
