"Points:0","Points:1","Points:2"
4.01092,-0.02573,0.00216
3.76227,0.00013,0
3.51529,0.03866,0.00418
3.27037,-0.01136,0.00059
3.0217,-0.03705,0
2.77646,0.01152,7e-05
2.52881,-0.0227,0.00072
2.28506,-0.07825,0.00113
2.0463,-0.00416,0
1.80541,0.06272,0.00017
1.55815,0.0996,6e-05
1.31283,0.05145,0.00079
1.09565,-0.07237,5e-05
