"Points:0","Points:1","Points:2"
4.25069,-17.9327,0
4.00345,-17.9697,0.00062
3.75449,-17.9471,0.00323
3.50459,-17.9429,0.00871
3.25702,-17.9083,0.00644
3.01767,-17.8362,0.00186
2.80206,-17.7097,0.00093
2.60754,-17.5526,1e-05
2.45419,-17.3552,0.00266
2.33361,-17.1362,0.00043
2.19638,-16.9272,0
2.10565,-16.6943,0.00404
2.03538,-16.4544,0.00221
