"Points:0","Points:1","Points:2"
4.04164,-0.71289,0
4.02521,-0.46349,0.00582
4.27499,-0.45458,2e-05
4.42389,-0.25378,0.00296
4.35094,-0.01467,0.00056
4.23948,0.2091,0.00258
4.05319,0.37579,0
3.83678,0.50096,0.00041
3.60305,0.58955,0.00517
3.36858,0.50291,0.00083
3.22812,0.2961,1e-05
3.14473,0.06061,0.00964
3.12644,-0.1886,0.00192
