"Points:0","Points:1","Points:2"
3.40358,-10.9438,0.00181
3.40029,-10.6939,1e-05
3.38798,-10.4442,0.00033
3.29976,-10.2103,0.00147
3.22904,-9.97048,0.00255
3.0927,-9.76094,0.00085
2.93515,-9.56684,0.0031
2.74524,-9.40429,1e-05
2.62896,-9.18299,0.00249
2.50992,-8.96317,2e-05
2.40372,-8.73685,0.00135
2.31656,-8.50254,2e-05
2.2554,-8.26014,0.00142
