"Points:0","Points:1","Points:2"
4.22997,-0.32388,0.00123
4.12043,-0.09943,0.01243
3.88047,-0.03039,0.00012
3.63226,-0.00073,0.00377
3.41276,0.11888,0
3.17,0.17858,0.00065
3.13171,-0.06847,0
2.94251,-0.23188,0
2.69498,-0.19679,4e-05
2.51228,-0.02614,0
2.30092,0.10737,0
2.05938,0.04324,0.00669
1.82124,-0.03285,0.00711
