"Points:0","Points:1","Points:2"
5.16716,-17.9541,0.00355
4.91832,-17.9304,3e-05
4.66944,-17.9067,0
4.4199,-17.9218,0
4.17914,-17.9892,8e-05
3.93143,-18.0228,0.0028
3.68238,-18.0444,0.00015
3.46764,-17.9165,0.00529
3.25133,-17.7913,4e-05
3.05977,-17.6307,0.00529
2.84966,-17.4953,0.00106
2.62561,-17.3844,0.00183
2.4034,-17.2698,0.00377
