"Points:0","Points:1","Points:2"
3.99447,-0.03314,0.00174
3.75255,0.02991,2e-05
3.50285,0.0179,0.00184
3.25419,-0.00795,0
3.00429,-0.00098,0
2.7544,0.00607,0.00241
2.50441,0.00811,0.00122
2.25455,0.01622,0
2.00472,0.00802,0.0044
1.755,0.01917,0.00073
1.50537,0.00554,1e-05
1.25558,0.01583,0
1.00559,0.01822,1e-05
