"Points:0","Points:1","Points:2"
4.00989,-0.03337,0.00305
3.76406,0.01197,1e-05
3.52463,0.08391,0.0001
3.28357,0.01765,0
3.05117,-0.07449,0.00131
2.80117,-0.07497,0.001
2.55123,-0.07935,0.00402
2.30229,-0.05673,0
2.05826,-0.00242,0
1.81585,0.05873,0.00037
1.56666,0.07877,0.00097
1.31752,0.05807,0.00053
1.09993,-0.06504,0
