"Points:0","Points:1","Points:2"
4.02555,0.0074,0
3.78354,-0.05527,0.00189
3.53822,-0.00715,0
3.28852,0.00511,0.00098
3.03952,-0.01723,0
2.78962,-0.02441,0
2.54055,-0.04586,1e-05
2.29111,-0.06268,0
2.04658,-0.01069,0
1.79808,0.01626,0.00485
1.55031,-0.01671,0
1.30999,0.05214,0.00234
1.09627,0.18183,0
