"Points:0","Points:1","Points:2"
3.82056,-17.937,0.00246
3.5793,-17.8716,5e-05
3.33081,-17.8452,0.00741
3.08181,-17.8231,0.00326
2.85186,-17.7251,0
2.67945,-17.5441,0.00012
2.49076,-17.3801,0.00329
2.3374,-17.1827,0
2.15998,-17.0065,0
2.06254,-16.7763,0.00079
1.94931,-16.5534,0.00424
1.86421,-16.3184,9e-05
1.73556,-16.104,0.00012
