"Points:0","Points:1","Points:2"
2.60653,-2.54564,0.00123
2.85399,-2.58114,0
3.0936,-2.50982,4e-05
3.0739,-2.2606,0.00026
2.84751,-2.15459,0.00345
2.7699,-1.91695,0.00489
2.92497,-1.7209,0.00031
3.17215,-1.73609,0.0345
3.2589,-1.96855,0.00393
3.3854,-2.18415,0
3.60895,-2.29606,0.00051
3.85865,-2.28449,0.00465
4.10811,-2.26855,0.00072
