"Points:0","Points:1","Points:2"
4.00882,-0.03723,0
3.76219,0.00363,0.00055
3.53561,0.10928,0.00133
3.28916,0.0673,0.00102
3.0711,-0.05497,0.00055
2.83599,-0.13996,0
2.62109,-0.01223,5e-05
2.39079,0.08506,0.0008
2.14463,0.12867,0.00121
1.89507,0.14357,0.00169
1.64752,0.17844,0.00018
1.39767,0.18666,0.00288
1.16382,0.0983,1e-05
