"Points:0","Points:1","Points:2"
3.8589,-1.45154,0
3.84515,-1.20192,1e-05
3.61478,-1.10487,0.00349
3.56233,-0.86043,0.00321
3.58748,-0.61172,0.00011
3.79566,-0.47329,1e-05
3.93245,-0.68255,0.00012
4.18224,-0.69274,8e-05
4.38762,-0.5502,0
4.50594,-0.32997,0.00071
4.59181,-0.09518,0
4.51621,0.1431,0.00222
4.49738,0.39238,0.00031
