"Points:0","Points:1","Points:2"
4.01644,-0.27908,0
4.2363,-0.39808,0
4.28582,-0.15327,0.01052
4.06457,-0.03724,0.00118
3.91617,0.16385,0.00753
3.75175,0.35207,0.00153
3.50175,0.35181,0
3.3176,0.18272,0.00011
3.19029,-0.03243,8e-05
3.0225,-0.21776,0.00018
2.78977,-0.30905,1e-05
2.53981,-0.30449,1e-05
2.32897,-0.17019,0.00364
