"Points:0","Points:1","Points:2"
4.01004,-0.03939,2e-05
3.76281,-0.00228,7e-05
3.51788,0.0478,0
3.27631,-0.01657,8e-05
3.02668,-0.02976,0.00342
2.77895,0.00367,4e-05
2.52978,-0.01665,0
2.28829,-0.08132,2e-05
2.05147,-0.00121,0
1.80829,0.05681,1e-05
1.5606,0.09066,0
1.31474,0.04545,0.00335
1.0944,-0.07261,0
