"Points:0","Points:1","Points:2"
4.01165,-0.02616,0.00101
3.7621,-0.01112,7e-05
3.51463,0.02438,1e-05
3.26631,-0.00414,0.00462
3.01781,-0.03133,0.00149
2.7695,-0.00232,4e-05
2.51955,-0.00722,0.00133
2.2699,0.00586,2e-05
2.02091,-0.01653,0.00133
1.77511,0.02908,2e-05
1.52531,0.01943,0.00267
1.27533,0.02113,2e-05
1.02911,-0.02219,0
