"Points:0","Points:1","Points:2"
3.99203,-0.03752,2e-05
3.75124,0.02939,0.00637
3.50191,0.01211,0.00011
3.25221,-9e-05,0
3.00223,-0.0023,0.00227
2.7529,0.0159,0.00142
2.50292,0.0132,0
2.25292,0.0146,6e-05
2.00325,0.00179,1e-05
1.75372,0.01719,0
1.50409,0.00384,0.00176
1.25444,0.01705,1e-05
1.00452,0.01097,1e-05
