"Points:0","Points:1","Points:2"
4.00924,-0.03738,6e-05
3.76251,0.00291,0
3.52309,0.07487,0.00013
3.27638,0.03445,0.00201
3.05158,-0.07492,0
2.8016,-0.0778,7e-05
2.55162,-0.07432,8e-05
2.30495,-0.03364,4e-05
2.05596,-0.01119,0
1.81651,0.06064,0.00013
1.5671,0.07793,0
1.31876,0.04922,5e-05
1.09632,-0.0649,1e-05
