"Points:0","Points:1","Points:2"
2.49175,-2.98533,0
2.35356,-2.77699,4e-05
2.25092,-2.54904,0
2.42131,-2.3661,0
2.51101,-2.13275,6e-05
2.72759,-2.00787,0
2.92336,-2.16336,5e-05
3.05403,-2.37649,4e-05
3.1437,-2.60985,0
3.36411,-2.72778,0.0038
3.60363,-2.65627,0
3.8203,-2.53156,0
4.05715,-2.45153,3e-05
