"Points:0","Points:1","Points:2"
4.01418,-0.03488,0
3.7665,-0.00092,0
3.52032,0.04259,1e-05
3.27733,-0.01621,2e-05
3.02767,-0.02935,2e-05
2.77972,0.00252,0.00073
2.53089,-0.02165,0
2.28601,-0.07198,4e-05
2.04714,0.00179,0.00121
1.8062,0.06847,5e-05
1.55639,0.07823,0
1.30782,0.05152,0
1.09262,-0.07571,1e-05
