"Points:0","Points:1","Points:2"
2.78411,-2.55433,0.00266
2.96319,-2.37989,0.0012
2.78311,-2.20648,0
2.96079,-2.03062,0.00039
3.11584,-2.22672,4e-05
3.34459,-2.32754,0.00348
3.58911,-2.27557,0
3.61616,-2.02705,0.00254
3.42795,-1.86252,5e-05
3.20426,-1.75089,0.00135
3.18808,-1.50141,1e-05
3.33198,-1.29698,0
3.56465,-1.20551,0
