"Points:0","Points:1","Points:2"
4.01383,-0.034,0
3.76649,0.00237,1e-05
3.53023,0.08409,4e-05
3.28776,0.02317,0
3.0572,-0.07347,8e-05
2.80724,-0.07802,2e-05
2.55725,-0.07749,0.00199
2.3106,-0.03672,0
2.06496,0.00965,0.00308
1.81912,0.05505,0.00121
1.57075,0.08353,0
1.32183,0.06037,0.00087
1.10766,-0.06853,0.00476
