"Points:0","Points:1","Points:2"
3.99488,-0.03572,0
3.75252,0.02559,0
3.50267,0.01699,0.0016
3.25352,-0.00357,0.00338
3.00356,0.00069,0.00223
2.75366,0.00733,0
2.50372,0.01254,2e-05
2.25374,0.01233,0.00328
2.00381,0.00641,0.00131
1.75441,0.02362,0.00127
1.50495,0.00736,0.0033
1.25507,0.01433,0
1.00513,0.01216,0.00519
