"Points:0","Points:1","Points:2"
3.56633,-1.55465,0.004
3.80475,-1.47956,1e-05
4.03598,-1.3845,0
4.15913,-1.16694,3e-05
3.96841,-1.00531,2e-05
3.71846,-1.00133,0.00296
3.47624,-0.93945,0.00385
3.42774,-0.6942,0.00215
3.55819,-0.48094,8e-05
3.78325,-0.3721,0
4.01664,-0.28252,0.00272
4.15836,-0.48845,0
4.21242,-0.73241,0.00786
