"Points:0","Points:1","Points:2"
4.20992,-0.09494,0.00227
3.96303,-0.13423,0.00103
3.71334,-0.1219,0
3.55603,0.07241,2e-05
3.31754,0.14738,0
3.08329,0.06005,0.00096
3.0146,-0.18032,0
2.76539,-0.16035,1e-05
2.54104,-0.05011,0.00338
2.30436,0.03034,1e-05
2.05474,0.01661,8e-05
1.80683,0.04883,0.0016
1.56565,0.11462,1e-05
