"Points:0","Points:1","Points:2"
4.01212,-0.0357,0
3.76432,-0.00265,0.00132
3.52727,0.07677,0
3.28222,0.02735,0.00201
3.05559,-0.07818,0
2.80563,-0.07336,2e-05
2.55563,-0.0737,4e-05
2.3127,-0.01469,2e-05
2.06921,0.04201,4e-05
1.81964,0.05632,0.00274
1.57167,0.08813,0.00142
1.32554,0.04435,2e-05
1.09491,-0.05214,1e-05
