"Points:0","Points:1","Points:2"
3.79279,-1.17736,0.00283
3.94504,-0.97907,0.00246
4.10732,-0.78891,0.00039
4.24993,-0.58358,0.00081
4.25254,-0.33361,0.00423
4.24529,-0.08375,0.00035
4.24228,0.16621,0.00365
4.20542,0.41348,0.00476
4.0516,0.61055,0.00327
3.81002,0.67485,0.00078
3.56163,0.64658,0
3.31382,0.61352,0
3.08794,0.5064,0
