"Points:0","Points:1","Points:2"
3.83205,-0.91266,0.00196
3.99719,-0.72497,0.00212
4.17164,-0.54591,0
4.32008,-0.34475,0.00066
4.4012,-0.10828,0.0013
4.36749,0.13943,0.00354
4.26751,0.36853,1e-05
4.05298,0.4968,0.00498
3.81527,0.57408,4e-05
3.56923,0.61837,0
3.38788,0.44628,0
3.21675,0.26403,0
3.02213,0.10712,0
