"Points:0","Points:1","Points:2"
3.99276,-0.04198,0.00165
3.75252,0.02717,0.00095
3.50266,0.01878,0.00018
3.25395,-0.00661,2e-05
3.00433,0.00706,0
2.75433,0.00619,1e-05
2.50433,0.0075,0
2.25455,0.01797,0.00013
2.00456,0.01552,0
1.75478,0.02586,0
1.50498,0.01581,9e-05
1.25501,0.01955,0
1.00501,0.02013,0
