"Points:0","Points:1","Points:2"
4.01145,-0.02758,0.00697
3.76241,-0.00662,0.00073
3.52708,0.07777,3e-05
3.28105,0.03346,0.00258
3.05543,-0.07421,0.00196
2.80565,-0.08474,0.00012
2.55599,-0.07248,0.00401
2.3118,-0.01902,0
2.06832,0.03749,0.00479
1.81905,0.05649,0.00262
1.57165,0.09245,0.00141
1.32388,0.05916,0.00211
1.0987,-0.04942,2e-05
