"Points:0","Points:1","Points:2"
2.98339,-2.28637,0.00025
3.10386,-2.06731,0.00151
3.35328,-2.05037,0.00314
3.40153,-1.80508,0.00037
3.59784,-1.65033,0.0037
3.83766,-1.57976,0.00124
4.06808,-1.48276,0
4.22183,-1.28563,0
4.40249,-1.11282,0.00024
4.54605,-0.90815,0
4.56311,-0.65873,0
4.43633,-0.44328,0.00203
4.30702,-0.22932,0.00238
