"Points:0","Points:1","Points:2"
3.01257,-2.30222,0
3.08197,-2.06205,2e-05
3.3042,-2.17645,0.00493
3.46169,-1.98233,0.00128
3.32391,-1.77372,0
3.48752,-1.58469,0.00091
3.72694,-1.51274,0.00177
3.96301,-1.43066,0.00752
4.21144,-1.4037,0
4.44735,-1.32096,2e-05
4.541,-1.08917,0.00013
4.59612,-0.84535,0.0043
4.58526,-0.5956,0.00272
