"Points:0","Points:1","Points:2"
3.18998,-10.3232,0.01345
3.19403,-10.0735,0.00264
3.20031,-9.8236,0.00311
3.1118,-9.5898,0.00081
2.94604,-9.40268,0.0035
2.84069,-9.17596,0.00261
2.68741,-8.97847,0.00199
2.53217,-8.78256,0.00685
2.383,-8.58206,0
2.26854,-8.3598,0
2.19123,-8.12206,0.0019
2.12172,-7.88193,0
2.1082,-7.6323,6e-05
