"Points:0","Points:1","Points:2"
2.48626,-2.77681,0.00077
2.37496,-2.55295,0.00033
2.48884,-2.33039,2e-05
2.73583,-2.36775,0.00998
2.94168,-2.50927,0.0001
3.13554,-2.66713,0
3.37381,-2.59146,0.00065
3.58925,-2.46463,0.00178
3.40612,-2.29444,0.00219
3.15715,-2.31697,0.00524
2.93405,-2.20426,0.00051
2.79716,-1.99507,2e-05
2.68329,-1.77253,0.00313
