"Points:0","Points:1","Points:2"
4.01135,-0.0383,1e-05
3.76418,-0.00114,0.00537
3.51728,0.038,0.00275
3.27481,-0.02291,0.0016
3.0252,-0.03671,0
2.77805,0.00039,0.00644
2.52901,-0.0209,0.00137
2.28671,-0.08245,0.00302
2.05243,0.00472,0
1.8102,0.06653,0.00246
1.56036,0.07509,0
1.31084,0.05962,0.00134
1.09971,-0.07426,0
