"Points:0","Points:1","Points:2"
4.0121,-0.02518,0
3.76262,-0.00915,0.00271
3.51771,0.04096,0.0004
3.27266,-0.00857,0
3.0239,-0.03343,0.00035
2.77608,-0.00063,0.00362
2.52656,-0.01568,0
2.28379,-0.07509,0.00579
2.04247,-0.01008,0
1.80299,0.06168,0
1.55373,0.08097,0
1.30502,0.05566,0
1.09298,-0.07678,0
