"Points:0","Points:1","Points:2"
4.00458,-0.03931,0.00022
3.75858,0.00524,5e-05
3.5086,0.00315,0.00254
3.25861,0.00459,0.0007
3.00914,0.02079,0
2.75937,0.00991,2e-05
2.51105,-0.01898,0.00017
2.26219,0.0049,2e-05
2.01219,0.00396,0.00073
1.76235,-0.00488,0
1.51244,0.00175,4e-05
1.26329,0.02231,0
1.01854,-0.02869,0
