"Points:0","Points:1","Points:2"
4.01207,-0.04129,0
3.76567,0.00093,0.00152
3.51734,0.02979,0
3.27056,-0.01018,0
3.0218,-0.03505,0.0001
2.77409,-0.00128,0
2.52507,-0.02316,0.00341
2.28211,-0.08195,0
2.04332,-0.00792,0
1.80382,0.06379,0
1.55478,0.08561,0
1.30716,0.05153,0.00478
1.09231,-0.07622,0.00018
