"Points:0","Points:1","Points:2"
3.99337,-0.03248,0
3.75208,0.03294,9e-05
3.50236,0.0211,0.00015
3.25387,-0.00634,0
3.00387,-0.00513,2e-05
2.75425,0.00847,0.00244
2.50428,0.01129,4e-05
2.25431,0.01497,0
2.00433,0.01127,7e-05
1.75453,0.02113,0
1.50507,0.00479,0.00192
1.25532,0.01576,0
1.00534,0.01249,0
