"Points:0","Points:1","Points:2"
3.63504,-1.52268,0
3.85804,-1.40967,5e-05
4.07924,-1.29319,0
4.01843,-1.0507,0
3.77883,-0.97937,0.0007
3.5459,-0.88865,0.00456
3.40662,-0.68109,0
3.52916,-0.46318,0.00161
3.70341,-0.28392,1e-05
3.87331,-0.4673,0.00179
3.96666,-0.69921,0
4.09015,-0.91657,0.0018
4.25277,-1.10645,1e-05
