"Points:0","Points:1","Points:2"
6.67173,-17.9848,0.00095
6.42326,-17.9571,0.00123
6.17519,-17.988,0.00304
5.92634,-17.9642,2e-05
5.67942,-17.9251,0
5.44064,-17.851,5e-05
5.19197,-17.8257,0.00521
4.94985,-17.7635,0.00822
4.70157,-17.7354,0
4.45158,-17.7351,0.00233
4.22463,-17.8399,0.00284
4.01038,-17.9687,2e-05
3.79223,-18.0908,0.00222
