"Points:0","Points:1","Points:2"
4.01134,-0.02846,0.00455
3.76257,-0.00419,7e-05
3.51728,0.04397,0.00388
3.2736,-0.01178,8e-05
3.02441,-0.03193,0.00017
2.77846,0.01285,0
2.53249,-0.03186,0.0003
2.2869,-0.07864,1e-05
2.0507,0.00324,0.00163
1.80677,0.058,0.00189
1.55785,0.08117,5e-05
1.30822,0.06755,0
1.09898,-0.06925,0.00245
