"Points:0","Points:1","Points:2"
4.00624,-0.03642,1e-05
3.76116,0.0129,0
3.51117,0.01139,0.00181
3.26133,0.00254,0
3.01355,-0.03069,0
2.76475,-0.00619,0.00131
2.51476,-0.00762,0
2.26547,0.01117,5e-05
2.01564,0.00232,0.00289
1.76566,0.00075,0
1.51568,0.00404,1e-05
1.26624,0.02064,0.00167
1.01997,-0.02234,0.00012
