"Points:0","Points:1","Points:2"
4.51647,-17.7613,1e-05
4.28325,-17.8514,0.00226
4.03993,-17.9087,1e-05
3.7939,-17.9527,0.00607
3.54486,-17.931,0.00288
3.29521,-17.9428,0.00876
3.07379,-17.8269,0.0031
2.88827,-17.6593,0.00537
2.68106,-17.5196,0.00037
2.50176,-17.3456,0.00905
2.33463,-17.1596,0.00859
2.19333,-16.9535,0.00181
2.0811,-16.7305,0.01468
