"Points:0","Points:1","Points:2"
5.00332,-0.31311,0.00641
4.75584,-0.27817,0.00067
4.50747,-0.24969,0.00145
4.26876,-0.17542,0.00033
4.04833,-0.05749,5e-05
3.80064,-0.02355,5e-05
3.55326,0.01234,0.00419
3.30327,0.01248,0.00508
3.05419,-0.00865,0.00093
2.80467,0.00677,0.0004
2.55752,0.04441,6e-05
2.30939,0.07491,0
2.06059,0.0505,0.00221
