"Points:0","Points:1","Points:2"
2.46663,-2.71362,0.00077
2.53273,-2.47252,1e-05
2.7804,-2.43841,0.00092
2.97856,-2.59083,0.00129
3.22648,-2.62295,0.00138
3.30855,-2.38681,5e-05
3.1509,-2.19279,0.00118
2.90999,-2.2596,0.00097
2.73906,-2.07717,4e-05
2.82541,-1.8426,0.00432
3.01665,-1.68163,3e-05
3.23072,-1.55255,0.00322
3.45534,-1.44285,3e-05
