"Points:0","Points:1","Points:2"
3.99326,-0.03418,0.00356
3.75174,0.03028,0
3.50223,0.01459,0
3.25358,-0.01132,0.00013
3.00372,-0.00293,0
2.75424,0.01312,0.00072
2.50424,0.01339,0
2.25426,0.00993,5e-05
2.00427,0.01178,7e-05
1.75452,0.02229,0.00342
1.5049,0.0089,0
1.25506,0.01799,6e-05
1.00521,0.00944,0
