"Points:0","Points:1","Points:2"
2.57047,-3.11054,0.00097
2.42154,-2.90974,0.00105
2.31609,-2.6831,0.00468
2.2773,-2.43617,3e-05
2.25854,-2.18688,0.00044
2.41058,-1.98842,1e-05
2.63305,-1.87439,0.00121
2.87968,-1.91532,0.00236
3.095,-2.04233,3e-05
3.23575,-2.24895,0.00015
3.35052,-2.47105,8e-05
3.42351,-2.71005,0.00719
3.47236,-2.95512,3e-05
