"Points:0","Points:1","Points:2"
4.01345,-0.03247,0
3.76529,-0.00231,0.00263
3.53956,0.10515,0.0034
3.29183,0.0717,1e-05
3.08339,-0.06633,1e-05
2.83978,-0.12247,6e-05
2.60766,-0.02963,2e-05
2.39067,0.09454,0
2.1446,0.13867,3e-05
1.89461,0.14037,0.00014
1.64748,0.17818,0
1.39756,0.18442,0.00083
1.16161,0.10178,0
