"Points:0","Points:1","Points:2"
4.01668,-0.03251,0
3.76733,-0.0146,0.00155
3.5221,0.03397,1e-05
3.2768,-0.01426,0.00112
3.02746,-0.03237,3e-05
2.78215,0.01586,0
2.53513,-0.02261,2e-05
2.28997,-0.07158,0.0001
2.05079,0.00115,8e-05
1.80942,0.06628,0
1.55962,0.07627,1e-05
1.31068,0.0533,0
1.09375,-0.07096,2e-05
