"Points:0","Points:1","Points:2"
3.85693,-1.4317,0.00029
3.75328,-1.2042,1e-05
3.54139,-1.07152,0.00068
3.53153,-0.82171,0.00035
3.6339,-0.59367,0.00439
3.88232,-0.56592,0.00057
4.0723,-0.72843,0.00161
4.31549,-0.67052,0
4.53298,-0.5473,0.00398
4.58241,-0.30227,0.0001
4.53317,-0.05716,0
4.48331,0.18781,0.00017
4.46414,0.43708,0
