"Points:0","Points:1","Points:2"
2.99095,-2.28347,0.0037
3.10496,-2.06101,2e-05
3.33906,-2.14873,0
3.40039,-1.90639,0.00305
3.39072,-1.6566,0
3.598,-1.51687,0.00338
3.84562,-1.55114,0.00021
4.09069,-1.50175,1e-05
4.28295,-1.34194,0.00012
4.47146,-1.17774,0
4.59531,-0.96057,0.00096
4.62052,-0.71185,0.00088
4.63833,-0.46248,6e-05
