"Points:0","Points:1","Points:2"
3.99719,-0.03499,0.00033
3.75518,0.02773,0.00095
3.50538,0.01804,0.00222
3.25665,-0.00703,0
3.00698,0.00584,0.00143
2.75705,0.01175,0.00103
2.50724,0.02141,0.00096
2.25726,0.02437,0.00011
2.00743,0.01513,0.0009
1.75746,0.01845,1e-05
1.50787,0.00402,5e-05
1.25834,0.01934,8e-05
1.00859,0.00817,0
