"Points:0","Points:1","Points:2"
2.29608,-4.79747,0.00478
2.39207,-4.56664,0.00225
2.49802,-4.34021,0.00314
2.5994,-4.11179,0.01003
2.78045,-3.93986,0.02282
3.01699,-3.86222,0
3.25144,-3.77542,0
3.43855,-3.60962,6e-05
3.6667,-3.50742,0.00085
3.91483,-3.47692,0.00046
4.14109,-3.37059,0
4.37512,-3.28267,0.00193
4.61617,-3.22874,0.04046
