"Points:0","Points:1","Points:2"
2.4942,-2.9763,0.00116
2.35975,-2.76554,0
2.2869,-2.52639,8e-05
2.43458,-2.32469,0.00334
2.52625,-2.09211,0.00202
2.77607,-2.08281,7e-05
2.93523,-2.27559,0.00129
3.06447,-2.4896,0.0004
3.22541,-2.68091,2e-05
3.47536,-2.67609,0.00014
3.72044,-2.62674,2e-05
3.91909,-2.47497,0.00175
4.12321,-2.33062,0.00221
