"Points:0","Points:1","Points:2"
2.48009,-2.72173,2e-05
2.48213,-2.47173,0
2.72994,-2.4387,0.00026
2.92265,-2.59795,0.00162
3.17249,-2.60579,0.00593
3.30781,-2.39563,0.00123
3.31628,-2.14577,0
3.08843,-2.24862,0.00246
2.84615,-2.18696,0.00242
2.80168,-1.94095,0.00297
2.91885,-1.72012,2e-05
3.07213,-1.52263,0.00065
3.15797,-1.28788,0.00595
