"Points:0","Points:1","Points:2"
3.99262,-0.03795,0
3.75237,0.03116,0.0021
3.50274,0.01788,0
3.2542,-0.0091,0.00111
3.00425,-0.00413,6e-05
2.75466,0.01025,0
2.5047,0.0059,0
2.25496,0.01727,0.00011
2.00519,0.00657,0.00123
1.75543,0.01736,0.00042
1.50585,0.00288,0
1.25594,0.00956,0
1.00597,0.01341,0.00095
