"Points:0","Points:1","Points:2"
3.75112,-17.8873,0.00068
3.50618,-17.8372,0.00289
3.25618,-17.8374,0.00277
3.00996,-17.7942,0
2.78006,-17.696,0.00283
2.62103,-17.5031,0.00433
2.42589,-17.3469,0.0001
2.2966,-17.1329,0.00097
2.12884,-16.9476,0
2.02788,-16.7189,1e-05
1.90475,-16.5013,4e-05
1.86215,-16.255,0.00417
1.82471,-16.0078,0.00116
