"Points:0","Points:1","Points:2"
1.87595,-13.7341,0.0097
1.97533,-13.5048,0.00484
2.08836,-13.2818,0.00019
2.2223,-13.0707,0
2.40842,-12.904,0.00708
2.60546,-12.7503,0
2.77902,-12.5703,0
2.91194,-12.3586,0.00238
2.96177,-12.1136,0
2.99617,-11.866,5e-05
3.03511,-11.6191,0.0031
3.1229,-11.385,0.00178
3.16997,-11.1395,8e-05
