"Points:0","Points:1","Points:2"
3.47994,-1.80583,0.00555
3.6989,-1.68521,0.00205
3.86783,-1.50094,0.00352
4.06138,-1.34274,7e-05
4.24518,-1.17327,0
4.36429,-0.95347,0
4.29738,-0.7126,0.00226
4.0598,-0.79043,0.00067
3.86205,-0.94338,0.00138
3.6255,-1.02421,0.00438
3.37621,-1.04264,3e-05
3.16328,-0.91165,0.00186
2.9555,-0.77264,0
