"Points:0","Points:1","Points:2"
3.75482,-0.92806,0
3.99821,-0.87099,0.00049
4.11952,-0.65249,0.00689
4.20845,-0.41894,0
4.28305,-0.18033,0
4.35937,0.05772,0.00266
4.33299,0.30633,0.00228
4.14709,0.47347,3e-05
3.9539,0.63212,0.00296
3.70399,0.63864,0.00293
3.4651,0.56498,0.00049
3.21951,0.51823,0
3.01114,0.3801,0.00055
