"Points:0","Points:1","Points:2"
4.02265,0.00643,0.00227
3.78363,-0.06679,0.00463
3.53905,-0.01522,0
3.29047,0.0114,0.00136
3.04093,-0.00368,0.00011
2.79437,-0.04497,0.00159
2.54478,-0.03074,0.00013
2.29504,-0.04215,0
2.04964,0.00558,7e-05
1.80025,0.02307,0
1.55329,-0.0158,0
1.30908,0.03765,0.00229
1.10106,0.1763,0
