"Points:0","Points:1","Points:2"
3.99267,-0.03529,0.00032
3.75159,0.03089,0.00056
3.50177,0.02156,0.00148
3.25368,-0.00923,0
3.00378,-0.00204,6e-05
2.75389,0.00534,0.00117
2.50402,0.01331,0
2.25402,0.01278,0.00034
2.00407,0.01785,0
1.75433,0.0068,0.0026
1.5045,0.0155,0
1.2545,0.01409,0
1.0045,0.01437,0.00102
