"Points:0","Points:1","Points:2"
3.99364,-0.03578,0.0023
3.75279,0.03118,6e-05
3.50338,0.014,0
3.25352,0.00545,0
3.00355,0.00222,0.00095
2.75383,0.01405,0.00012
2.50384,0.01138,0
2.25384,0.01157,0.00013
2.00384,0.01253,0
1.75392,0.01871,0.00107
1.50398,0.01332,2e-05
1.25411,0.02098,0.00262
1.00426,0.01245,0.00158
