"Points:0","Points:1","Points:2"
3.99272,-0.03365,0.00364
3.75128,0.03111,0
3.50161,0.01849,0.00161
3.25318,-0.00938,0.0041
3.00344,0.00206,0.00572
2.75386,0.01527,0
2.50403,0.01068,0.00794
2.25416,0.01269,0
2.00417,0.01516,0
1.75433,0.0239,4e-05
1.50509,0.00437,0.00101
1.25536,0.01586,0.0007
1.00543,0.01053,0.00382
