"Points:0","Points:1","Points:2"
4.01481,-0.02282,9e-05
3.76497,-0.01388,0.00075
3.52077,0.03963,2e-05
3.2769,-0.01538,0
3.02726,-0.02883,0.00073
2.78078,0.01299,2e-05
2.53319,-0.02164,0
2.28912,-0.07574,3e-05
2.0558,0.01405,0
1.81045,0.06207,1e-05
1.5609,0.07694,0.00057
1.31198,0.05367,0.00056
1.09645,-0.07301,0
