"Points:0","Points:1","Points:2"
3.99319,-0.03011,0.00169
3.7513,0.03301,2e-05
3.50197,0.01474,3e-05
3.25268,-0.00421,0
3.00278,0.00278,0.00013
2.75303,0.01394,0
2.50314,0.00863,0.00499
2.25316,0.01011,0.00226
2.00319,0.01404,0.00155
1.75338,0.02364,1e-05
1.50378,0.00954,2e-05
1.25387,0.01563,0.00268
1.00421,0.00275,0.00033
