"Points:0","Points:1","Points:2"
4.01136,-0.03382,1e-05
3.7628,-0.00702,0.0002
3.51761,0.04182,4e-05
3.27543,-0.01965,0.00836
3.0257,-0.02928,0.00187
2.77851,0.00808,0.00057
2.52987,-0.01796,2e-05
2.28692,-0.07692,1e-05
2.04874,-0.00099,0
1.80687,0.06225,0.00065
1.55805,0.08655,0
1.3129,0.03756,3e-05
1.09078,-0.07715,0.00246
