"Points:0","Points:1","Points:2"
2.50667,-12.7986,0.00416
2.62822,-12.5801,0.00319
2.73764,-12.3554,0.00131
2.82679,-12.1219,0.00719
2.92465,-11.8919,3e-05
3.01085,-11.6573,0.00143
3.16799,-11.4628,0.00244
3.30219,-11.2522,0.01283
3.3358,-11.0048,0
3.3355,-10.7548,0
3.35927,-10.5059,0.00063
3.32511,-10.2583,2e-05
3.29805,-10.0098,0.00479
