"Points:0","Points:1","Points:2"
4.01205,-0.02975,0
3.7642,0.00296,0.00085
3.51725,0.04185,5e-05
3.27395,-0.01567,0
3.02445,-0.03138,0.00017
2.77509,-0.01345,0
2.52509,-0.01283,0
2.2832,-0.07598,0.0005
2.04245,-0.0086,0
1.80532,0.07057,0.00106
1.55609,0.09018,0
1.30912,0.05138,2e-05
1.09404,-0.07605,0.00101
