"Points:0","Points:1","Points:2"
4.01132,-0.03118,0.00019
3.7631,-0.00151,0.00318
3.51611,0.03711,0.00152
3.2725,-0.01904,0.00016
3.02298,-0.03448,7e-05
2.77513,-0.00176,0.00039
2.52577,-0.01964,2e-05
2.28544,-0.08851,3e-05
2.05211,0.00125,6e-05
1.80916,0.06021,0
1.56099,0.09038,0
1.31478,0.04703,0
1.09703,-0.0758,0.00083
