"Points:0","Points:1","Points:2"
4.00969,-0.03443,0
3.76185,-0.00165,0.0002
3.51657,0.04672,0.00063
3.27655,-0.02318,0
3.02664,-0.0298,0.00148
2.7795,0.00786,2e-05
2.53158,-0.02437,0.00025
2.28738,-0.0779,3e-05
2.0485,-0.00418,1e-05
1.81001,0.0707,0.00401
1.56008,0.07615,0.00157
1.31098,0.05507,0
1.09741,-0.07489,0
