"Points:0","Points:1","Points:2"
3.99089,-0.03734,0.00407
3.75088,0.0326,0.00181
3.50092,0.02847,3e-05
3.25355,-0.0077,0.00126
3.00368,0.00012,4e-05
2.75389,0.01043,0.00058
2.5039,0.01156,0
2.25395,0.01698,0
2.004,0.01216,1e-05
1.7542,0.02211,0
1.50445,0.01092,1e-05
1.25453,0.01715,0.0002
1.00462,0.01072,0.00195
