"Points:0","Points:1","Points:2"
4.00982,-0.03224,0
3.76188,-0.00026,0.00199
3.53797,0.11092,0.00111
3.29173,0.06773,0
3.07751,-0.06115,0.00039
2.83874,-0.13525,0.00029
2.62505,-0.0055,0
2.38974,0.07892,5e-05
2.14517,0.13066,0.00281
1.89542,0.14164,5e-05
1.64917,0.18461,0.00335
1.3992,0.18181,3e-05
1.16296,0.10001,0
