"Points:0","Points:1","Points:2"
3.56814,-1.59804,4e-05
3.8016,-1.50865,0.00064
4.01559,-1.37938,0
4.19743,-1.20782,0
4.19518,-0.95783,0.00139
4.01561,-0.78389,0
3.88056,-0.99427,0.00201
3.63481,-1.04012,0
3.46836,-0.85359,1e-05
3.48718,-0.60432,0.00341
3.53067,-0.35816,0
3.72324,-0.19873,0
3.94554,-0.08651,0.02207
