"Points:0","Points:1","Points:2"
3.56768,-1.55623,0.00341
3.80396,-1.4746,0
4.03215,-1.3725,0.00053
4.11764,-1.13757,0
3.92103,-0.9834,0.00874
3.67303,-1.01413,0.00128
3.44839,-0.90443,0.00154
3.46895,-0.65528,0.00179
3.57906,-0.43083,0.00112
3.79873,-0.31148,0.00164
4.04865,-0.31772,3e-05
4.13443,-0.55255,0
4.19633,-0.79476,0.00133
