"Points:0","Points:1","Points:2"
2.4901,-2.76129,1e-05
2.38326,-2.53528,0.00164
2.53534,-2.33686,2e-05
2.78509,-2.34811,0.00058
2.96477,-2.52193,0
3.17166,-2.66222,0.00411
3.41126,-2.59098,0
3.58142,-2.40787,0.00413
3.35487,-2.30224,1e-05
3.10577,-2.32352,2e-05
2.91541,-2.16155,0.00538
2.75173,-1.97258,0.00444
2.62591,-1.75656,0.00227
