"Points:0","Points:1","Points:2"
7.3145,-18.1213,0.04554
7.07554,-18.0528,0.01902
6.83059,-18.006,0.00112
6.58258,-17.9746,0.00045
6.33279,-17.9643,0
6.09831,-18.051,3e-05
5.84835,-18.0504,0.00442
5.62092,-17.9467,6e-05
5.45748,-17.7575,0.0023
5.24392,-17.6275,0.00113
4.9953,-17.6013,0.00218
4.74998,-17.5533,4e-05
4.50312,-17.514,0.00484
