"Points:0","Points:1","Points:2"
4.01473,-0.03071,0.00051
3.76548,-0.0113,0.0001
3.53297,0.08058,1e-05
3.28949,0.02386,0.00041
3.07393,-0.10276,0.00049
2.82463,-0.12153,0
2.59116,-0.03214,0.00012
2.35119,0.03796,4e-05
2.10431,0.07733,0
1.8568,0.11251,0.00024
1.60808,0.13781,0
1.35914,0.1148,0.00011
1.11675,0.0536,6e-05
