"Points:0","Points:1","Points:2"
4.01212,-0.02567,0.00071
3.76313,-0.00325,0.00137
3.51803,0.04605,0.00142
3.27557,-0.01486,0
3.02653,-0.03676,2e-05
2.77908,-0.00131,0.00321
2.52955,-0.01641,0.00012
2.28783,-0.08022,0.0001
2.04793,-0.00991,0.00197
1.80994,0.06662,7e-05
1.5602,0.0779,0.00128
1.31119,0.0557,0.00242
1.09832,-0.07538,0
