"Points:0","Points:1","Points:2"
8.55134,-0.42264,0.01142
8.34729,-0.27856,0.00114
8.14077,-0.13768,0.00034
7.92672,-0.00852,0
7.69971,0.09596,0.00695
7.48827,0.22934,0.00499
7.24745,0.29637,0.00156
6.99952,0.26439,0.00488
6.75245,0.30255,0.00428
6.51443,0.37891,0.00077
6.27807,0.46024,0.00524
6.03593,0.5222,0
5.79845,0.60033,0
