"Points:0","Points:1","Points:2"
3.06751,-17.7803,0.00051
2.82569,-17.7169,0.00139
2.61383,-17.5842,0
2.50457,-17.3593,4e-05
2.41094,-17.1275,0
2.25418,-16.933,0.00914
2.10063,-16.7359,0.00029
1.96805,-16.524,0
1.83355,-16.3132,0.00058
1.91587,-16.0772,0.00224
2.08054,-15.8891,0
2.22884,-15.6878,0.00096
2.32882,-15.4587,0
