"Points:0","Points:1","Points:2"
3.76962,-1.20093,0.00233
3.9509,-1.02879,1e-05
4.09849,-0.82701,0
4.21528,-0.60597,0
4.38985,-0.427,0.00043
4.29601,-0.19528,1e-05
4.2181,0.04226,0.00066
4.20063,0.29165,5e-05
4.10205,0.5214,0
3.9089,0.68011,0.00016
3.66057,0.709,0
3.41096,0.69503,0.00022
3.16507,0.6499,0.00047
