"Points:0","Points:1","Points:2"
4.01309,-0.03031,0
3.76368,-0.01317,0.00145
3.54249,0.10331,1e-05
3.29746,0.0537,2e-05
3.08024,-0.07006,0.00074
2.8396,-0.13773,0.00418
2.62018,-0.01799,0
2.39434,0.08924,6e-05
2.14756,0.12922,0
1.8977,0.13771,0
1.65237,0.18578,0
1.40237,0.18743,0
1.16746,0.10189,0
