"Points:0","Points:1","Points:2"
4.00612,-0.04126,2e-05
3.75868,-0.0056,0.00149
3.51013,0.02131,0.00227
3.26313,-0.01727,0
3.01438,-0.04216,2e-05
2.76674,-0.00789,0.00073
2.51678,-0.01231,0.00201
2.26694,-0.00354,0.00032
2.01699,-0.0084,0
1.76717,0.00126,0.00037
1.51721,-0.00311,0.00019
1.26821,0.0192,0
1.02208,-0.02461,8e-05
