"Points:0","Points:1","Points:2"
2.43472,-8.33298,0.03847
2.28857,-8.13364,0.00105
2.17659,-7.91012,2e-05
2.07924,-7.67986,0.00017
2.01478,-7.43847,0.00911
1.9509,-7.1968,0.0056
1.88006,-6.95707,0.00181
1.81788,-6.71493,0.00025
1.81946,-6.46495,0.00248
1.88256,-6.22305,0.00127
1.88244,-5.97309,0.0057
1.8634,-5.72387,0.00049
1.96644,-5.49609,0
