"Points:0","Points:1","Points:2"
3.99429,-0.03537,0
3.75345,0.0317,0
3.50365,0.02188,0.00119
3.25522,-0.00601,0.00298
3.00538,0.0025,0
2.75566,0.01395,0.00338
2.50572,0.01802,0.00037
2.25573,0.01544,0
2.00576,0.01168,0
1.75606,0.02398,7e-05
1.50648,0.00957,0
1.25673,0.02073,6e-05
1.00702,0.00862,0
