"Points:0","Points:1","Points:2"
3.99516,-0.03313,1e-05
3.75271,0.02784,0
3.50274,0.02648,0.00375
3.2549,-0.00613,1e-05
3.00511,0.00414,0
2.75528,0.01318,0.00133
2.50532,0.00924,1e-05
2.25534,0.01302,0
2.00542,0.00699,0.00128
1.75557,0.01542,0.00268
1.50565,0.00942,0
1.25569,0.01351,0.00096
1.00569,0.01234,0
