"Points:0","Points:1","Points:2"
3.99363,-0.04078,0
3.75296,0.02688,0
3.50375,0.00702,0
3.25425,-0.00884,0.0001
3.00433,-0.00247,6e-05
2.75473,0.01163,0.00019
2.5048,0.00615,0.00126
2.25525,0.02116,4e-05
2.00537,0.01339,0
1.75559,0.02395,0
1.50593,0.01094,0.00031
1.25607,0.0191,3e-05
1.00617,0.01209,0.00178
