"Points:0","Points:1","Points:2"
4.46151,-17.8586,0.00382
4.21551,-17.903,0.0001
3.97794,-17.9808,0.00036
3.72804,-17.9879,0
3.48277,-17.9395,0.00011
3.23429,-17.9121,0.00291
3.00821,-17.8054,0.00089
2.80608,-17.6584,0.0045
2.63818,-17.4732,0
2.45747,-17.3005,0.00296
2.30584,-17.1017,0.00157
2.17207,-16.8905,0
2.13345,-16.6436,0.00495
