"Points:0","Points:1","Points:2"
6.58295,0.18124,0.0034
6.33345,0.19667,1e-05
6.08752,0.24151,0.00268
5.84006,0.20636,0.00802
5.6087,0.11188,0.00125
5.38624,-0.00219,8e-05
5.1621,-0.11287,0.00305
4.94929,-0.24394,0.00878
4.70505,-0.29696,0.00304
4.45597,-0.27556,0.00061
4.20685,-0.25462,0
3.95779,-0.23298,0
3.71189,-0.278,0.00227
