"Points:0","Points:1","Points:2"
4.03989,-0.71106,0.00161
4.04595,-0.46113,0.00111
4.29224,-0.41822,0.00015
4.38757,-0.18711,0
4.27122,0.03417,9e-05
4.16676,0.2613,0.00035
3.98236,0.43011,0.00128
3.73664,0.47615,0
3.48795,0.50073,0.00702
3.29033,0.34776,0.00031
3.21427,0.10961,0
3.11176,-0.11841,2e-05
2.95904,-0.31631,0.00343
