"Points:0","Points:1","Points:2"
3.78177,-0.88409,1e-05
4.02621,-0.83165,0.00061
4.13689,-0.60749,3e-05
4.27182,-0.39704,0.00262
4.32015,-0.15177,0
4.34915,0.0965,0.00435
4.32291,0.34512,0.00239
4.09795,0.45416,0.00359
3.92466,0.63433,0.00092
3.67915,0.58715,0.00157
3.43342,0.54115,0
3.1879,0.49402,9e-05
3.01251,0.31597,0.00598
