"Points:0","Points:1","Points:2"
4.00406,-0.03986,0
3.7575,0.00133,0.00352
3.50765,0.00937,0.00023
3.25776,0.00214,0
3.00829,0.01825,0.00276
2.75847,0.00921,0.00021
2.50966,-0.01516,0
2.26088,0.00955,0.00017
2.01088,0.00989,0
1.76107,0.00011,0
1.51123,0.00628,0.00628
1.26159,0.01819,2e-05
1.01536,-0.02506,0
