"Points:0","Points:1","Points:2"
4.01608,-0.03203,0.00319
3.76805,-0.00086,0
3.52143,0.04009,0.00105
3.27711,-0.01288,0
3.02818,-0.03601,0
2.78279,0.01181,7e-05
2.53443,-0.01677,5e-05
2.2912,-0.07451,0.00164
2.05462,0.0063,0.00257
1.81053,0.06034,0.00166
1.56072,0.07002,0.00032
1.31126,0.05385,0.00262
1.09857,-0.07751,0
