"Points:0","Points:1","Points:2"
3.99138,-0.03682,3e-05
3.75007,0.02851,0
3.50022,0.01984,0.00112
3.25175,-0.00777,0
3.00203,0.00351,0.00288
2.75211,0.01008,0.00393
2.50217,0.00614,7e-05
2.25254,0.01947,0.00177
2.00275,0.00915,0.00322
1.75317,0.02317,0
1.50367,0.00761,0.00309
1.25381,0.01518,0
1.00388,0.00907,1e-05
