"Points:0","Points:1","Points:2"
4.01129,-0.02906,0.00086
3.76271,-0.00252,0
3.51616,0.03886,0
3.27393,-0.02298,0.00152
3.02423,-0.03517,6e-05
2.7765,-0.00158,0
2.52664,-0.01005,9e-05
2.28609,-0.07813,0
2.04637,-0.00717,0
1.80737,0.06616,0
1.55799,0.08386,0
1.31014,0.05112,0
1.0935,-0.07359,0.00344
