"Points:0","Points:1","Points:2"
4.00894,-0.02894,1e-05
3.76001,-0.00583,0
3.52997,0.09186,0.00624
3.28679,0.03424,0
3.07246,-0.09446,0
2.82454,-0.12661,1e-05
2.58926,-0.04208,1e-05
2.35269,0.03875,0.00035
2.10655,0.08253,0
1.85935,0.1198,0.00213
1.60994,0.13685,0.00082
1.36079,0.11625,0.0001
1.11866,0.05404,0.00074
