"Points:0","Points:1","Points:2"
3.46157,-17.7239,0.00593
3.21753,-17.7779,0.00052
2.97029,-17.7409,4e-05
2.72922,-17.6752,0.00886
2.53028,-17.5239,0.00364
2.34999,-17.3507,0.00387
2.24015,-17.1262,0.00017
2.14746,-16.894,0.00017
2.02652,-16.6753,0.00538
1.86366,-16.4856,9e-05
1.84067,-16.2367,0.00412
1.99828,-16.0427,3e-05
2.17131,-15.8623,0.00217
