"Points:0","Points:1","Points:2"
4.0046,-0.04249,0
3.76131,0.01494,0.0032
3.52135,0.08504,0.0013
3.27687,0.03279,0
3.0515,-0.07541,0
2.8015,-0.07696,7e-05
2.55151,-0.0755,0.00101
2.30564,-0.03025,0.00203
2.05694,-0.00489,6e-05
1.8138,0.05326,0
1.56537,0.08127,2e-05
1.31672,0.05534,0.00011
1.10107,-0.07114,0
