"Points:0","Points:1","Points:2"
4.0114,-0.02871,0
3.76179,-0.01468,0
3.5178,0.03979,0.00012
3.27493,-0.01948,0
3.02543,-0.03531,1e-05
2.77805,0.0008,0.00096
2.52913,-0.0224,0
2.28598,-0.08051,1e-05
2.0429,-0.02232,0.00477
1.80704,0.06052,0.00157
1.55827,0.08522,0
1.31062,0.05106,0
1.09408,-0.07389,0.00016
