"Points:0","Points:1","Points:2"
3.89664,-1.38646,0.0015
3.6992,-1.23312,0
3.63931,-0.99039,5e-05
3.73579,-0.75976,0.00012
3.98358,-0.72661,3e-05
4.23334,-0.73765,0
4.45402,-0.62021,0.00212
4.55593,-0.39194,0.00507
4.47307,-0.15611,0.00052
4.38421,0.07756,0
4.30014,0.313,0.00146
4.21884,0.54941,0
4.14908,0.78947,0.00077
