"Points:0","Points:1","Points:2"
4.00605,-0.03601,0
3.75882,0.0011,0
3.51062,0.03101,7e-05
3.26378,-0.00861,1e-05
3.01496,-0.03294,0
2.76787,0.0049,0.00388
2.5185,-0.0124,9e-05
2.26861,-0.00492,0
2.01871,-0.01185,7e-05
1.76942,0.00697,0.00013
1.51942,0.00529,0
1.27027,0.02589,0.00025
1.02512,-0.023,0.00326
