"Points:0","Points:1","Points:2"
4.15218,-0.1416,0
3.90225,-0.14771,0
3.65544,-0.10792,0
3.50688,0.09312,0.00342
3.26624,0.02545,0
3.05839,-0.11343,0.00356
2.82496,-0.20286,1e-05
2.58215,-0.14335,0
2.36003,-0.02868,0.00397
2.13633,0.08286,0
1.88843,0.05051,0
1.64425,-0.00279,0.00575
1.41146,-0.09377,0
