"Points:0","Points:1","Points:2"
4.12617,-0.34713,0.00857
4.22889,-0.11931,0.00192
3.98051,-0.09094,0.00284
3.74349,-0.01148,0
3.54282,0.13744,0.00741
3.30319,0.20865,0.00475
3.13634,0.02253,3e-05
3.01139,-0.194,0.00071
2.76462,-0.15393,0.00014
2.54694,-0.03099,0
2.32875,0.09105,1e-05
2.0789,0.09964,1e-05
1.83038,0.12683,3e-05
