"Points:0","Points:1","Points:2"
3.99513,-0.0341,0.00142
3.7524,0.02575,1e-05
3.50246,0.02074,0.00072
3.25375,-0.00469,0.00081
3.00382,0.00109,0.00121
2.75395,0.00919,4e-05
2.50405,0.01616,0
2.25406,0.01843,0.00131
2.00407,0.01826,9e-05
1.75407,0.02036,0
1.50419,0.01284,0.00063
1.25421,0.01595,0.00045
1.00425,0.01123,2e-05
