"Points:0","Points:1","Points:2"
4.00936,-0.03913,0
3.76198,-0.00305,0.00218
3.5272,0.0828,0.00418
3.28564,0.0185,4e-05
3.05252,-0.07174,0.00339
2.80264,-0.07934,0.00115
2.55265,-0.08054,3e-05
2.3096,-0.02199,0
2.06065,0.00087,5e-05
1.81676,0.05575,0.00265
1.56778,0.07833,0.00336
1.31882,0.05566,0.00221
1.10394,-0.07212,0.00267
