"Points:0","Points:1","Points:2"
3.99544,-0.03409,2e-05
3.75351,0.0289,1e-05
3.50384,0.01602,1e-05
3.25468,-0.00416,0.00316
3.00474,0.00132,0.00332
2.75486,0.00899,0.00128
2.50489,0.01227,4e-05
2.2549,0.01015,0.00108
2.00502,0.00236,0.00014
1.75576,0.02164,0
1.50622,0.00658,0.0001
1.2565,0.01834,0
1.00661,0.01081,0.00141
