"Points:0","Points:1","Points:2"
4.01474,-0.03574,0.00076
3.76666,-0.00481,0
3.54347,0.10779,0.00254
3.29661,0.06829,0.00368
3.07911,-0.05496,0.00393
2.84086,-0.13063,1e-05
2.61418,-0.02521,0
2.39202,0.08945,0
2.14653,0.1367,0.00013
1.89661,0.14305,0.00046
1.64902,0.17743,0.0046
1.39924,0.18681,0
1.16534,0.09855,0
