"Points:0","Points:1","Points:2"
2.56576,-3.16922,0.00397
2.44176,-2.95214,0.00356
2.32306,-2.73213,0.00116
2.23971,-2.49645,0.00401
2.2582,-2.24713,0.00501
2.35829,-2.0181,0
2.5653,-1.87793,0
2.81353,-1.90761,0.0009
3.06092,-1.9435,0.00381
3.16424,-2.17112,1e-05
3.24572,-2.40747,0
3.3284,-2.6434,0.00094
3.46584,-2.85223,0
