"Points:0","Points:1","Points:2"
4.01367,-0.03217,0
3.76545,-0.00243,0
3.51954,0.04256,0.00244
3.27721,-0.0189,0.00272
3.02754,-0.03126,2e-05
2.77959,0.00077,0
2.52985,-0.01056,0.0013
2.28862,-0.07618,0.00176
2.04883,-0.00548,0.00041
1.81002,0.06848,3e-05
1.56047,0.08344,6e-05
1.31245,0.05203,0
1.09857,-0.07741,0.0001
