"Points:0","Points:1","Points:2"
3.99311,-0.04294,3e-05
3.75382,0.02945,0
3.50415,0.01665,5e-05
3.25559,-0.01023,0.00012
3.00562,-0.00653,0
2.75588,0.00485,9e-05
2.50601,0.01277,0.00052
2.25601,0.0127,4e-05
2.00601,0.01307,0
1.75602,0.016,0.00012
1.50629,0.00457,0
1.25665,0.01802,0.0001
1.00673,0.01165,0
