"Points:0","Points:1","Points:2"
3.35281,-11.0509,0
3.40637,-10.8068,0.00302
3.43169,-10.5581,0
3.41796,-10.3084,0
3.30879,-10.0836,0.00227
3.14544,-9.89431,4e-05
2.96113,-9.72545,0.00434
2.78066,-9.5525,6e-05
2.64848,-9.34033,0.0036
2.56327,-9.10532,0.00659
2.46169,-8.87698,7e-05
2.39828,-8.63516,1e-05
2.33468,-8.39338,0
