"Points:0","Points:1","Points:2"
3.90232,-1.38953,0.00771
3.70966,-1.23039,0
3.59946,-1.006,0.00039
3.67315,-0.76711,0
3.90016,-0.66238,0
4.13504,-0.74801,1e-05
4.3755,-0.67961,0
4.50631,-0.46657,0.00085
4.47366,-0.21871,0
4.4245,0.0264,0.00265
4.37828,0.27207,0.00015
4.28839,0.50536,0
4.17241,0.72682,7e-05
