"Points:0","Points:1","Points:2"
3.6915,-1.48194,0.00173
3.91556,-1.37105,0.00173
4.01122,-1.14008,0
3.7723,-1.06666,0.00483
3.56795,-0.92271,0
3.48394,-0.68728,0.00409
3.62801,-0.48299,0.00126
3.85221,-0.37238,0.00215
3.85321,-0.62238,0.00199
3.82561,-0.87085,0.00093
4.07482,-0.85128,0.00416
4.29604,-0.73491,0
4.5335,-0.66088,0.02514
