"Points:0","Points:1","Points:2"
4.00964,-0.03096,0
3.76093,-0.00561,0
3.52147,0.06615,0.00313
3.28429,-0.01281,0
3.03601,-0.04207,0.00082
2.78613,-0.04969,0.00055
2.53621,-0.04308,0
2.28845,-0.07642,0.0002
2.0472,-0.01085,0
1.80816,0.06234,0.00144
1.5586,0.07717,0.00315
1.30958,0.05529,4e-05
1.09086,-0.06578,0.00137
