"Points:0","Points:1","Points:2"
3.99388,-0.03566,0.00455
3.75219,0.02816,0.00146
3.50233,0.01994,0
3.25391,-0.00798,0.00353
3.00405,-0.00045,0
2.75412,0.00518,0.0007
2.5044,0.0171,0.00053
2.25441,0.01497,2e-05
2.00445,0.01063,0.0003
1.75446,0.01294,2e-05
1.50447,0.0101,0
1.25459,0.0176,1e-05
1.00481,0.00725,0.00225
