"Points:0","Points:1","Points:2"
4.01061,-0.04417,0.00266
3.76638,0.00917,0
3.53675,0.10801,0
3.29702,0.03708,1e-05
3.07934,-0.08585,0.0018
2.83256,-0.12583,0.00049
2.59539,-0.04677,0
2.36298,0.04529,0.00339
2.11497,0.07667,0.00493
1.86718,0.10987,0.00449
1.63078,0.19109,0
1.38907,0.12728,0.00077
1.1852,-0.01731,0.00651
