"Points:0","Points:1","Points:2"
3.81145,-1.21294,0
3.93154,-0.99367,0
4.08711,-0.79805,0.0053
4.26121,-0.61869,0.00116
4.35243,-0.38593,0.00363
4.27434,-0.14847,0
4.19921,0.08997,0.00128
4.21063,0.3397,0
4.09968,0.5637,0.00398
3.88763,0.69611,0.00263
3.63881,0.67225,0.0067
3.3893,0.68772,0.0044
3.14176,0.6527,0.0055
