"Points:0","Points:1","Points:2"
4.01091,-0.03138,3e-05
3.76267,-0.00176,0.00143
3.51456,0.02889,6e-05
3.26764,-0.01021,0
3.01913,-0.03738,0.00272
2.77226,0.00196,0
2.52276,-0.01381,0
2.28227,-0.08209,0
2.04282,-0.01031,0.00335
1.80499,0.06669,0
1.55624,0.09166,0.00021
1.30919,0.05339,2e-05
1.09212,-0.07062,0
