"Points:0","Points:1","Points:2"
4.01138,-0.03228,0.00026
3.7632,-0.00217,0.00078
3.53904,0.10853,0.00024
3.3035,0.02474,0
3.07792,-0.08303,1e-05
2.83285,-0.13242,0
2.60085,-0.03928,0
2.36994,0.05653,0.0019
2.12051,0.07324,3e-05
1.87295,0.1081,0.00036
1.63485,0.1843,4e-05
1.38641,0.15636,0.0001
1.18906,0.00289,0
