"Points:0","Points:1","Points:2"
4.03909,-0.27063,0.00148
4.28644,-0.30692,0
4.12864,-0.11302,0
3.88684,-0.04966,0.00476
3.65222,0.03661,0.00173
3.55266,0.26592,0
3.31284,0.1953,3e-05
3.32634,-0.0543,0.00374
3.14533,-0.22671,9e-05
2.91633,-0.32698,0.00146
2.67476,-0.26259,4e-05
2.45213,-0.14889,0.00259
2.20945,-0.08888,0
