"Points:0","Points:1","Points:2"
3.99197,-0.03566,0
3.75334,0.03886,0.00053
3.5042,0.01812,6e-05
3.25511,-0.00321,0
3.00512,-0.00532,7e-05
2.75588,0.01409,0.00179
2.50589,0.01297,0
2.25591,0.01621,0.00022
2.00592,0.01379,2e-05
1.75596,0.01831,0
1.50612,0.0097,0.00164
1.25616,0.01378,0.00024
1.00626,0.00678,0.0017
