"Points:0","Points:1","Points:2"
1.95738,-7.48211,0.0063
1.93874,-7.23286,0.00124
1.976,-6.98565,0.00274
1.9406,-6.73818,0.00385
1.9324,-6.48831,0.00297
1.89383,-6.24131,0.00255
1.88943,-5.99207,0.02163
1.91822,-5.74468,0
1.9785,-5.50206,2e-05
2.03605,-5.25877,0.00044
2.18442,-5.05762,0.00539
2.27698,-4.82545,0
2.41751,-4.61869,2e-05
