"Points:0","Points:1","Points:2"
2.40081,-2.66445,0.00155
2.58165,-2.49184,4e-05
2.82361,-2.55469,0.00164
3.06971,-2.59867,0
3.25026,-2.42576,0
3.12179,-2.21131,0.00174
2.90096,-2.09411,0.00221
2.78693,-1.87164,0.00014
2.899,-1.64817,0.00051
3.14525,-1.60517,0.00409
3.36136,-1.73079,5e-05
3.57337,-1.86293,0.00949
3.80349,-1.9602,8e-05
