"Points:0","Points:1","Points:2"
3.99258,-0.0397,0.00976
3.75329,0.03204,0
3.50369,0.01791,6e-05
3.25486,-0.00622,0.00025
3.00503,0.00308,0
2.75514,0.00985,0.00259
2.50515,0.01091,0.00091
2.25521,0.00522,0.00016
2.00532,0.01252,0
1.75537,0.01769,5e-05
1.50559,0.00728,2e-05
1.25563,0.0114,0.00013
1.00563,0.0122,1e-05
