"Points:0","Points:1","Points:2"
3.73255,-1.40663,0.00209
3.69926,-1.15886,0
3.72277,-0.90999,0.00318
3.94636,-0.7982,3e-05
4.15162,-0.65547,0
4.37263,-0.53863,0
4.48096,-0.31332,0.00129
4.4209,-0.07065,0.00252
4.29218,0.14366,0
4.14698,0.34716,0.00096
3.94409,0.49286,0.01136
3.74671,0.64626,0.00832
3.57662,0.82682,0.03947
