"Points:0","Points:1","Points:2"
3.99393,-0.03938,0.00382
3.75217,0.02417,0
3.50238,0.01406,1e-05
3.25329,-0.00726,0.00049
3.00329,-0.00717,0.00112
2.75387,0.00985,0.0022
2.50391,0.0135,0.00367
2.25393,0.01427,4e-05
2.00394,0.01246,0
1.75423,0.02443,0
1.50478,0.00782,1e-05
1.2551,0.02033,0.00121
1.0051,0.02064,0
