"Points:0","Points:1","Points:2"
4.01423,-0.03287,1e-05
3.76518,-0.01101,0.00064
3.53356,0.08306,2e-05
3.28839,0.03414,4e-05
3.078,-0.10089,3e-05
2.82944,-0.12775,4e-05
2.59422,-0.04307,0.0001
2.3582,0.03936,0
2.1114,0.07921,0.00022
1.86378,0.11365,2e-05
1.61389,0.1211,9e-05
1.36394,0.11657,0
1.12234,0.05228,6e-05
