"Points:0","Points:1","Points:2"
6.84445,-18.0959,0.0649
6.60494,-18.0484,0.01125
6.35987,-17.9993,0.00551
6.11473,-18.0481,0.00012
5.86496,-18.0373,0
5.61818,-17.9974,0.00139
5.39161,-17.8917,0.00017
5.14766,-17.8371,0.0001
4.90647,-17.7713,0.00046
4.66195,-17.8228,0.00789
4.41809,-17.8778,0.00554
4.16897,-17.8576,0
3.92747,-17.7929,0
