"Points:0","Points:1","Points:2"
3.99612,-0.03434,0.00213
3.75388,0.02745,0.00299
3.50402,0.0197,0
3.25521,-0.00464,3e-05
3.00532,0.00293,0
2.75559,0.01443,0
2.50559,0.01379,0
2.2556,0.01611,0.00086
2.00563,0.01219,0.00031
1.7557,0.01777,0
1.50596,0.00635,0.00017
1.25632,0.01979,0
1.00645,0.01295,0.0041
