"Points:0","Points:1","Points:2"
4.00793,-0.04855,2e-05
3.76379,0.00522,0.00197
3.51514,0.03107,0
3.26836,-0.00885,0.00276
3.0195,-0.03259,0.00016
2.77073,-0.00784,0.00025
2.52076,-0.01136,0.00138
2.27089,-0.00315,0.00162
2.02153,-0.02097,0.00021
1.77706,0.0313,0
1.52767,0.01394,0.00183
1.27775,0.01986,0
1.03124,-0.02179,4e-05
