"Points:0","Points:1","Points:2"
4.01121,-0.02942,2e-05
3.76308,0.00108,3e-05
3.51369,0.01815,0.00394
3.26556,-0.01213,8e-05
3.01712,-0.04003,0
2.7695,-0.0056,7e-05
2.5197,-0.01542,0
2.26991,-0.00537,0.00235
2.02006,-0.01406,0.00257
1.77316,0.02512,0.00017
1.52342,0.01379,0
1.27359,0.02269,0.00291
1.02876,-0.02778,0
