"Points:0","Points:1","Points:2"
8.23819,-2.72566,0.0286
8.41783,-2.55341,0.00494
8.59446,-2.37655,0.00012
8.82144,-2.27175,0
8.93809,-2.05064,2e-05
8.97052,-1.80275,0.00077
9.0369,-1.56173,0.00031
9.06392,-1.31319,2e-05
9.06547,-1.06319,0.0005
8.99884,-0.82224,0.00132
8.84312,-0.62666,0.00068
8.6574,-0.45933,0.00352
8.53407,-0.24187,0.00492
