"Points:0","Points:1","Points:2"
2.62541,-8.92161,0
2.48825,-8.7126,2e-05
2.40587,-8.47659,0.00379
2.4039,-8.22662,0.00678
2.34873,-7.98289,0.01417
2.21245,-7.77356,0.0039
2.05525,-7.5792,2e-05
1.93119,-7.36216,0.00207
1.84647,-7.12696,0.00025
1.80666,-6.88017,0.00308
1.83991,-6.63241,4e-05
1.79577,-6.38634,0
1.70737,-6.15249,4e-05
