"Points:0","Points:1","Points:2"
3.99239,-0.03649,0
3.75123,0.02939,0
3.50182,0.01226,0
3.25204,0.002,0.00267
3.00206,-0.00134,0.00164
2.75209,0.00154,0.00409
2.5023,0.01089,0
2.25234,0.00671,6e-05
2.00238,0.00205,2e-05
1.75277,0.01589,0
1.50301,0.00483,2e-05
1.25315,0.01327,0
1.00317,0.01011,2e-05
