"Points:0","Points:1","Points:2"
3.99259,-0.04182,0.00117
3.75267,0.02834,0.005
3.50288,0.01928,0
3.25411,-0.00547,0
3.0043,0.00435,0.00016
2.75442,0.01224,0.00043
2.50443,0.01156,0.00264
2.25453,0.01815,7e-05
2.00471,0.00885,0
1.75478,0.01483,0.00064
1.50492,0.00771,0.00484
1.2552,0.01852,3e-05
1.0052,0.018,0.00024
