"Points:0","Points:1","Points:2"
3.09551,-2.33423,0.00423
2.99453,-2.10555,0.00159
3.23758,-2.04705,6e-05
3.48751,-2.05304,1e-05
3.30219,-1.88527,0.00298
3.29987,-1.63529,0.00208
3.48936,-1.47224,0.0046
3.73919,-1.46308,0.00228
3.98804,-1.4392,0.00387
4.22553,-1.36122,0
4.40775,-1.19005,0.00027
4.60811,-1.04054,0.00189
4.74131,-0.82899,0.00055
