"Points:0","Points:1","Points:2"
1.80194,-5.94127,0.00029
1.94604,-5.73698,0.00237
1.97412,-5.48858,0
2.04101,-5.24771,0.00321
2.07761,-5.00041,0.00159
2.10852,-4.75233,0.00187
2.19414,-4.51745,0
2.31858,-4.30063,0.00013
2.54426,-4.19305,0
2.78993,-4.14675,0.00097
3.01977,-4.04841,0.00304
3.26079,-3.98208,0.00041
3.50598,-3.93334,0.00328
