"Points:0","Points:1","Points:2"
8.93472,-1.26093,0.01855
8.85247,-1.02542,0.00204
8.77957,-0.78638,0.00891
8.68468,-0.55526,0
8.6277,-0.31184,0.00046
8.44942,-0.13687,0.01058
8.23821,-0.0035,0.00057
7.99009,0.02715,0
7.74045,0.02088,0.01169
7.49922,0.08652,0.01128
7.26844,0.18252,0.00618
7.02557,0.24147,0
6.77809,0.27688,0
