"Points:0","Points:1","Points:2"
3.99434,-0.03487,0.00101
3.75354,0.03229,1e-05
3.50385,0.01989,1e-05
3.25541,-0.00806,0
3.00546,-0.00341,0
2.75579,0.00954,0
2.50592,0.01337,0.00695
2.25602,0.01063,0.00027
2.00605,0.00723,0.00019
1.75622,0.01597,0.00307
1.50626,0.01229,6e-05
1.25638,0.01992,0.00113
1.0064,0.01657,0.0008
