"Points:0","Points:1","Points:2"
3.56485,-1.6037,0.00131
3.79494,-1.50595,0
4.01367,-1.38489,0
4.19138,-1.20905,0
4.19081,-0.95905,0.00011
3.99758,-0.80051,0.00516
3.8525,-1.00404,5e-05
3.60347,-1.02405,0.00917
3.45874,-0.82041,6e-05
3.48814,-0.57217,0.00363
3.54375,-0.32846,0
3.76474,-0.21159,0.00215
3.98981,-0.10276,0.0018
