"Points:0","Points:1","Points:2"
4.01122,-0.03813,0.00059
3.7627,-0.01097,0.0008
3.54312,0.10855,0
3.29644,0.06804,0.00234
3.07527,-0.04852,0.00336
2.84098,-0.13566,1e-05
2.62517,-0.00946,0
2.39324,0.08383,0.00238
2.14578,0.11935,1e-05
1.8973,0.1468,0.00011
1.6489,0.17505,0
1.39912,0.18548,0.00013
1.1664,0.09414,0
