"Points:0","Points:1","Points:2"
1.8981,-6.6957,0.01083
1.93207,-6.44812,0.00374
1.95612,-6.19929,0.00129
2.00073,-5.95331,0.00339
2.03916,-5.70631,9e-05
2.02763,-5.45662,0.00517
2.02112,-5.20672,0.00285
2.04782,-4.95815,0.00319
2.05338,-4.70822,0.00125
2.18456,-4.4954,0.00127
2.35614,-4.31358,0.00296
2.5379,-4.14196,0.00055
2.72114,-3.97193,0.00449
