"Points:0","Points:1","Points:2"
3.99492,-0.03487,0.00138
3.75307,0.0284,0
3.50331,0.01736,1e-05
3.25426,-0.00444,3e-05
3.00443,0.0047,0
2.75444,0.00692,0.0001
2.50451,0.01288,0.00051
2.25452,0.01105,0
2.00453,0.01386,0
1.75454,0.01602,0.0013
1.50469,0.00757,0.00056
1.25475,0.013,3e-05
1.00485,0.00704,0.00404
