"Points:0","Points:1","Points:2"
2.47312,-2.8474,0
2.43386,-2.60051,0.00238
2.382,-2.35596,1e-05
2.63021,-2.32613,0.00133
2.83547,-2.46885,0.00134
3.03446,-2.62019,0.00021
3.26664,-2.71288,0
3.50018,-2.62366,2e-05
3.61618,-2.40224,0.00394
3.38352,-2.31074,0.00466
3.16907,-2.18224,0.00477
2.92937,-2.11138,1e-05
2.67963,-2.12274,0
