"Points:0","Points:1","Points:2"
3.99269,-0.03793,1e-05
3.7533,0.03415,8e-05
3.50404,0.01493,0
3.25496,-0.00613,0.00362
3.00522,0.00475,4e-05
2.75525,0.00852,0.00032
2.50526,0.0063,0
2.25537,0.01376,0.00011
2.00538,0.01528,0
1.75538,0.01651,2e-05
1.50543,0.01146,1e-05
1.25546,0.01542,5e-05
1.00548,0.0124,0
