"Points:0","Points:1","Points:2"
2.49711,-2.91911,0.0043
2.36112,-2.70937,0
2.36612,-2.45942,5e-05
2.44095,-2.22089,0.0004
2.68611,-2.17192,0
2.87261,-2.3384,0.00016
2.99321,-2.55739,0
3.21311,-2.67629,0.00231
3.45941,-2.71912,0
3.70202,-2.65886,0.00318
3.62338,-2.42157,0
3.46189,-2.23073,0
3.23309,-2.13166,0.01827
