"Points:0","Points:1","Points:2"
3.99239,-0.03157,0.00363
3.75151,0.03524,0
3.50199,0.01972,0
3.25325,-0.00521,0.00181
3.00325,-0.00491,1e-05
2.75387,0.01234,0.00295
2.50388,0.0125,1e-05
2.25389,0.01106,1e-05
2.0039,0.00856,0
1.75427,0.02218,0
1.50461,0.00912,0
1.25482,0.01921,0.00069
1.00486,0.01432,0.00152
