"Points:0","Points:1","Points:2"
4.01179,-0.03115,0.0022
3.76263,-0.01073,0.0001
3.53092,0.0831,0.00247
3.28774,0.02511,0.00103
3.06178,-0.08185,0.00014
2.81183,-0.08659,0
2.56198,-0.07796,0.00207
2.34053,0.03805,0.00093
2.09307,0.07359,0.00138
1.84903,0.12781,0
1.59915,0.13568,2e-05
1.34985,0.11703,0.00097
1.10792,0.05405,2e-05
