"Points:0","Points:1","Points:2"
2.4997,-12.8558,0.06012
2.62627,-12.6487,0.00043
2.76379,-12.4399,0.00462
2.81653,-12.1956,0
2.93052,-11.9731,0.00231
3.01181,-11.7367,0.00157
3.10199,-11.5035,0
3.27271,-11.3209,0.00445
3.35078,-11.0835,0
3.39596,-10.8376,1e-05
3.33095,-10.5963,0.00456
3.35426,-10.3474,0.0061
3.38073,-10.0988,0.00148
