"Points:0","Points:1","Points:2"
4.01299,-0.0325,5e-05
3.76381,-0.01227,0
3.51791,0.03286,0.00057
3.2733,-0.01869,0.00343
3.02428,-0.04052,2e-05
2.77845,0.00494,3e-05
2.5297,-0.0201,0
2.28692,-0.07973,9e-05
2.05014,0.0005,0
1.80877,0.06563,0.0002
1.55908,0.07686,0.00537
1.30986,0.05739,0.00212
1.09577,-0.07169,0.00163
