"Points:0","Points:1","Points:2"
4.00778,-0.04073,2e-05
3.76224,0.00616,0.0033
3.52444,0.08324,0.0001
3.28331,0.01728,0.00239
3.05256,-0.07891,0
2.80281,-0.0901,0.0002
2.55372,-0.0688,9e-05
2.30898,-0.01796,0.0042
2.05975,0.00156,0.00338
1.81623,0.05806,0.00053
1.56756,0.08377,0
1.31963,0.05164,8e-05
1.1007,-0.06907,2e-05
