"Points:0","Points:1","Points:2"
2.59075,-2.57354,0.0004
2.83044,-2.50252,0.00136
3.0766,-2.54618,0
3.22169,-2.3426,0
3.06203,-2.15023,7e-05
2.8306,-2.05567,0.00141
2.76058,-1.81567,0.00201
2.89303,-1.60364,0.00375
3.10051,-1.74306,0
3.29438,-1.89406,0.04595
3.47016,-2.06806,0.00951
3.68004,-2.20356,0
3.89142,-2.33704,0.00141
