"Points:0","Points:1","Points:2"
4.00882,-0.02743,0.00069
3.75914,-0.01474,0
3.51251,0.02616,0.00147
3.26561,-0.01304,0.00014
3.0168,-0.03743,0
2.76884,-0.00555,0.00059
2.51893,-0.01198,0.00022
2.26901,-0.00665,0.00379
2.01903,-0.00371,0.00234
1.77051,0.02343,0.00174
1.52118,0.00512,0.00164
1.27148,0.01735,0.0002
1.02572,-0.02847,0
