"Points:0","Points:1","Points:2"
4.01088,-0.02417,0
3.76147,-0.00722,0.00279
3.51651,0.04262,0
3.27243,-0.01147,2e-05
3.02379,-0.03754,7e-05
2.77704,0.00251,0.00306
2.52782,-0.01694,0.0001
2.28575,-0.07942,5e-05
2.04907,0.00103,0.00332
1.80711,0.06387,0.00157
1.55817,0.08686,0
1.31084,0.0504,0.00087
1.09481,-0.07541,1e-05
