"Points:0","Points:1","Points:2"
4.05015,-0.72262,0.00152
3.97649,-0.48373,3e-05
4.22633,-0.49254,0.00087
4.4066,-0.31933,0
4.38198,-0.07055,9e-05
4.29712,0.16459,0.00358
4.18454,0.38777,0
3.96225,0.50218,7e-05
3.7215,0.56955,0.00015
3.48354,0.64616,0.00182
3.29117,0.48651,0
3.1664,0.26987,0.00044
3.00867,0.07591,0.00192
