"Points:0","Points:1","Points:2"
4.04058,-0.70576,0
4.02815,-0.45611,0.00427
4.27772,-0.44223,0.0001
4.40164,-0.2251,0.00172
4.28509,-0.00394,5e-05
4.17756,0.22162,0.008
4.03391,0.42607,4e-05
3.79116,0.48582,0.00155
3.54452,0.52603,0.00843
3.30762,0.44659,0
3.23511,0.20737,0.0039
3.11174,-0.01003,0
2.99378,-0.23029,0.00857
