"Points:0","Points:1","Points:2"
3.57334,-3.81081,0.20164
3.72408,-3.64149,0.09625
3.88787,-3.46337,0.03341
4.08702,-3.31544,0.00249
4.29175,-3.17198,0.00178
4.50046,-3.0344,0.00578
4.72229,-2.91924,0.00064
4.9717,-2.90207,0.0001
5.217,-2.95034,0
5.43785,-3.06749,2e-05
5.66517,-3.17149,0.00336
5.90317,-3.24799,0.00383
6.15304,-3.25611,0.00247
