"Points:0","Points:1","Points:2"
2.21842,-13.0931,0.01536
2.3891,-12.9104,0.01834
2.55199,-12.7209,0.01139
2.71128,-12.5284,0.00222
2.79818,-12.294,0
2.85548,-12.0507,1e-05
2.95233,-11.8202,4e-05
3.08084,-11.6058,0
3.20206,-11.3872,0.00588
3.30595,-11.1598,0.00178
3.33781,-10.9119,0.00188
3.3294,-10.662,0.00065
3.29718,-10.4141,0.00033
