"Points:0","Points:1","Points:2"
4.16112,-0.14817,0
3.91126,-0.13982,2e-05
3.66218,-0.11841,1e-05
3.53511,0.09689,0
3.28511,0.09861,0
3.11032,-0.0801,0.00311
2.86273,-0.1146,4e-05
2.61276,-0.11086,0
2.37789,-0.0252,0.00106
2.14512,0.06598,0
1.89515,0.06176,0.00121
1.65928,-0.02108,1e-05
1.41306,-0.06437,8e-05
