"Points:0","Points:1","Points:2"
2.05328,-15.1456,1e-05
2.0132,-14.8993,0.01421
2.0634,-14.6546,0.0022
2.11309,-14.4096,0.00092
2.13004,-14.1602,3e-05
2.0686,-13.918,0.00713
2.04757,-13.669,9e-05
2.12079,-13.4299,0.00071
2.22151,-13.2011,0.00358
2.31882,-12.9709,4e-05
2.51186,-12.813,0.01737
2.72815,-12.6885,0.0025
2.85234,-12.4715,0.00182
