"Points:0","Points:1","Points:2"
4.00966,-0.03919,0.00101
3.76319,0.00265,0.00179
3.51691,0.04558,0
3.27969,-0.03335,6e-05
3.03012,-0.0187,0.00121
2.78058,-0.00358,0.0002
2.53123,-0.02153,8e-05
2.28826,-0.08041,0
2.04732,-0.01374,3e-05
1.80767,0.05747,0
1.55933,0.08619,2e-05
1.31081,0.0591,0.00237
1.09747,-0.07121,3e-05
