"Points:0","Points:1","Points:2"
7.22652,-3.28562,0.00372
7.40019,-3.10583,0
7.64079,-3.03818,0.00619
7.88411,-2.9811,0.00028
8.1286,-2.92916,0.00551
8.3773,-2.90419,0.00036
8.61191,-2.81783,5e-05
8.74369,-2.60539,0
8.84888,-2.3786,0.00162
8.95969,-2.1545,0.00159
9.04899,-1.921,0.0001
9.13252,-1.68537,0.00136
9.17137,-1.43843,0.00516
