"Points:0","Points:1","Points:2"
2.09291,-5.59582,0.00966
2.0794,-5.34619,0.01005
2.06955,-5.09648,0.00322
2.06285,-4.84657,0.00129
2.11097,-4.60125,0.00021
2.29226,-4.42988,0.01651
2.52012,-4.32836,1e-05
2.75361,-4.23905,0.00269
2.93795,-4.07018,0.00254
3.12458,-3.90385,0.00066
3.31924,-3.7471,0.00693
3.55142,-3.65448,0.01025
3.77585,-3.55283,0.05269
