"Points:0","Points:1","Points:2"
4.01562,-0.03886,3e-05
3.76865,-6e-05,0
3.53434,0.08713,0.00113
3.29058,0.03165,1e-05
3.07403,-0.09291,0.00951
2.82716,-0.13127,0.00025
2.59198,-0.04649,5e-05
2.35953,0.04553,0.00018
2.11177,0.0789,0.00232
1.86554,0.12205,6e-05
1.61556,0.12509,0.00102
1.3665,0.10334,0.0001
1.11942,0.06528,0
