"Points:0","Points:1","Points:2"
4.02771,-0.28811,0.00134
4.27222,-0.34019,0
4.26678,-0.09025,0.00012
4.02055,-0.04698,0
3.84354,0.12956,4e-05
3.68338,0.32146,0.00495
3.44686,0.24046,0.00524
3.32567,0.02186,0.00012
3.16258,-0.16762,0
2.98047,-0.33889,1e-05
2.73451,-0.29408,0
2.50031,-0.20664,0.00177
2.27159,-0.1057,0.00224
