"Points:0","Points:1","Points:2"
3.99304,-0.03699,5e-05
3.75113,0.02604,0.00197
3.50154,0.01188,0.00387
3.25231,-0.00739,1e-05
3.00255,0.00355,0.00145
2.75259,0.00785,0.00018
2.50272,0.01483,0.00384
2.25277,0.01781,0
2.00294,0.00869,0.00101
1.75322,0.02058,0.00201
1.50379,0.00379,0.00122
1.25392,0.01185,0
1.00397,0.00682,0
