"Points:0","Points:1","Points:2"
4.01142,-0.02985,0.00066
3.76185,-0.01527,0.00162
3.53206,0.08321,0.00105
3.28872,0.02589,2e-05
3.06825,-0.09197,0
2.82074,-0.12718,0.00039
2.59435,-0.02113,3e-05
2.35268,0.04284,0.00182
2.1057,0.08156,0.00192
1.85913,0.1228,0
1.60925,0.11522,0.00011
1.35925,0.11303,0
1.11678,0.05216,0
