"Points:0","Points:1","Points:2"
3.99275,-0.03696,3e-05
3.75155,0.02877,4e-05
3.50162,0.02259,0.00074
3.25293,-0.00277,0.00313
3.00302,0.00382,0.00201
2.7533,0.01553,0
2.50331,0.01417,0.0025
2.25343,0.00695,0.00018
2.00344,0.00951,0
1.75362,0.01881,3e-05
1.50396,0.00596,0.00295
1.25423,0.01711,0
1.00432,0.01137,0.00335
