"Points:0","Points:1","Points:2"
3.99347,-0.03114,0
3.7518,0.03288,4e-05
3.50199,0.02334,0.00125
3.25362,-0.00517,0
3.00373,0.00237,1e-05
2.75373,0.00224,0.00095
2.504,0.01379,3e-05
2.25406,0.00848,6e-05
2.00413,0.01439,0
1.75421,0.02084,6e-05
1.5048,0.00372,0
1.25532,0.01982,0
1.00545,0.01185,0.00176
