"Points:0","Points:1","Points:2"
6.30661,0.12166,0.00148
6.05812,0.14904,0.00133
5.80857,0.13412,0.00082
5.55935,0.11503,0.0062
5.32766,0.02132,0
5.09692,-0.07478,0.00466
4.91619,-0.24745,0
4.67292,-0.30508,0.00091
4.42437,-0.27822,0.00168
4.17437,-0.27853,0.0015
3.95309,-0.16221,0.00058
3.70635,-0.12195,0
3.46874,-0.04425,0.00248
