"Points:0","Points:1","Points:2"
2.49166,-2.92063,0.00276
2.36515,-2.70501,0.00131
2.36657,-2.45502,2e-05
2.44441,-2.21745,0.00062
2.69372,-2.19892,0
2.88105,-2.36424,0.00897
3.00616,-2.58049,1e-05
3.23384,-2.68338,0.00897
3.48376,-2.68882,0.00608
3.71964,-2.60622,0
3.59477,-2.38965,0.00083
3.39342,-2.24146,3e-05
3.19764,-2.08603,0.00345
