"Points:0","Points:1","Points:2"
2.98537,-2.27544,0
3.10455,-2.05567,0.0001
3.35199,-2.02012,0.00258
3.44898,-1.7897,0.00249
3.62217,-1.60943,0
3.87098,-1.58549,0.00471
4.08422,-1.45501,0.00281
4.25122,-1.26898,0.00346
4.4226,-1.08697,0.00519
4.51019,-0.85288,5e-05
4.53507,-0.60413,0.00271
4.36058,-0.42512,3e-05
4.19001,-0.24237,0.00314
