"Points:0","Points:1","Points:2"
4.01235,-0.03299,0.00013
3.76435,-0.00149,0.00091
3.51758,0.03858,0.00158
3.27478,-0.02097,2e-05
3.02485,-0.02667,0.00115
2.77648,0.00185,0
2.52745,-0.02004,0.00127
2.2858,-0.08411,9e-05
2.04825,-0.0062,0
1.80928,0.06726,0.00015
1.55947,0.07699,0
1.3107,0.05222,1e-05
1.09491,-0.074,0.00209
