"Points:0","Points:1","Points:2"
3.99517,-0.03384,0
3.75386,0.03151,2e-05
3.50442,0.01509,0.00244
3.25507,-0.00297,0.00357
3.00526,0.00616,0
2.75531,0.01101,0.00094
2.50544,0.01897,5e-05
2.25546,0.02209,0.00054
2.00609,0.00477,0.00383
1.75683,0.02364,0
1.50754,0.00511,0.00359
1.25783,0.01666,0
1.00787,0.01314,0.00269
