"Points:0","Points:1","Points:2"
2.0068,-7.33983,0
2.00022,-7.08992,0.00142
2.00499,-6.83997,0
1.99596,-6.59014,0.00182
1.93562,-6.34753,0
1.87756,-6.10438,0.00263
1.92297,-5.85855,0.00132
1.95502,-5.61066,0.00625
1.97818,-5.36181,0
2.01359,-5.11448,0.00863
2.13512,-4.89618,0
2.2448,-4.67152,5e-05
2.34996,-4.44473,0.00291
