"Points:0","Points:1","Points:2"
4.70525,-2.70443,0.00276
4.90123,-2.85957,0.00727
5.1303,-2.95959,0.01221
5.37071,-3.02728,0.00116
5.61445,-3.08286,0
5.85993,-3.03558,0.00218
6.10786,-3.0035,0.00068
6.3553,-3.03623,0.01478
6.60285,-3.06984,0.00534
6.81744,-3.198,0
7.05957,-3.26025,0
7.30957,-3.25962,0.00034
7.55881,-3.24872,0.01638
