"Points:0","Points:1","Points:2"
3.99165,-0.04218,0.00051
3.75191,0.02872,4e-05
3.50197,0.02336,0
3.25422,-0.01011,1e-05
3.00457,0.00282,0.00223
2.75494,0.01636,6e-05
2.505,0.01101,0
2.25505,0.01587,6e-05
2.00517,0.00788,2e-05
1.75553,0.0212,0.00068
1.50616,0.00344,0.00037
1.25639,0.01413,0.00035
1.00642,0.01097,0.00252
