"Points:0","Points:1","Points:2"
4.0143,-0.03373,0.00405
3.76556,-0.00901,0
3.53238,0.08115,0.00012
3.2868,0.03437,0.00014
3.07354,-0.09609,0.00174
2.82442,-0.117,0
2.58801,-0.03577,0.00317
2.35143,0.04501,0.00066
2.10356,0.07762,0.00116
1.85697,0.11869,0.00383
1.60705,0.12351,0.0002
1.3571,0.11852,0.00076
1.1162,0.05168,0.00133
