"Points:0","Points:1","Points:2"
2.48184,-2.96504,0.00783
2.3778,-2.73782,0.00076
2.37198,-2.48789,0
2.43075,-2.2449,0
2.66034,-2.14598,0
2.87777,-2.26936,0
2.95533,-2.50702,4e-05
3.15888,-2.65217,0
3.40457,-2.69843,0
3.65452,-2.69381,2e-05
3.72289,-2.45333,0
3.60848,-2.2311,0.0049
3.35964,-2.2071,0.0062
