"Points:0","Points:1","Points:2"
4.00719,-0.02691,0.00305
3.75749,-0.01499,4e-05
3.51359,0.0399,0
3.26789,-0.00622,0.00089
3.01915,-0.03134,3e-05
2.77104,-0.00071,0.0016
2.52145,-0.01495,0.00145
2.28046,-0.08147,0.00011
2.03889,-0.01724,0.00399
1.80335,0.06647,0
1.55455,0.0909,0.00029
1.30702,0.05593,0.00322
1.09468,-0.07598,0
