"Points:0","Points:1","Points:2"
2.48773,-2.7551,0
2.41083,-2.51722,0.00035
2.56195,-2.31806,1e-05
2.79439,-2.40974,0.00831
2.96834,-2.5891,1e-05
3.21454,-2.63254,0.00141
3.46098,-2.59057,0
3.55159,-2.35756,0.00027
3.31543,-2.27554,0.00051
3.06767,-2.30892,0.00079
2.87556,-2.14893,0
2.7606,-1.92712,0.00919
2.6756,-1.69203,0.00711
