"Points:0","Points:1","Points:2"
5.83074,-17.9875,7e-05
5.58454,-17.9443,0.00507
5.34124,-17.887,0.00011
5.09301,-17.8574,0
4.84301,-17.8589,2e-05
4.60608,-17.7792,7e-05
4.35792,-17.8095,7e-05
4.1543,-17.9543,0.00717
3.90584,-17.9813,0.00063
3.65603,-17.9729,0.00553
3.41575,-17.904,0.00223
3.19011,-17.7964,0.00262
2.98982,-17.6467,0.00223
