"Points:0","Points:1","Points:2"
2.76543,-2.52869,0.00238
3.0056,-2.45927,0.00052
2.83659,-2.27505,0
2.73062,-2.04864,0.00243
2.90527,-1.86977,1e-05
3.15395,-1.89543,0.00061
3.24358,-2.12881,0.00014
3.35757,-2.35131,0
3.60289,-2.30316,0
3.71813,-2.08131,0
3.73395,-1.83181,0
3.82491,-1.59894,0.00012
3.90342,-1.36159,0
