"Points:0","Points:1","Points:2"
3.5465,-17.8158,0.00617
3.30197,-17.7642,0.00012
3.05313,-17.7401,0
2.81778,-17.6558,0
2.5853,-17.5639,0.00274
2.39914,-17.397,0.00346
2.2532,-17.194,0.00201
2.17004,-16.9583,0.00071
2.03612,-16.7472,0.00015
1.86534,-16.5647,0.00738
1.84174,-16.316,3e-05
1.98916,-16.1141,0.0022
2.16195,-15.9334,0
