"Points:0","Points:1","Points:2"
4.01017,-0.02697,0.00107
3.7613,-0.00314,0.00164
3.51468,0.03777,0
3.27026,-0.01474,0.00146
3.02122,-0.03659,0
2.77405,0.00092,0.00035
2.52485,-0.01911,0.00035
2.28217,-0.07914,1e-05
2.04223,-0.00891,0.00039
1.80483,0.06943,0.00015
1.55553,0.08814,0.00209
1.30957,0.04339,0.00248
1.09109,-0.07811,0
