"Points:0","Points:1","Points:2"
5.70538,-2.87469,0.01441
5.94766,-2.93472,0.0284
6.1863,-3.00631,0.00771
6.42793,-3.07032,0.00382
6.63836,-3.20524,0
6.88256,-3.25878,0
7.12425,-3.32257,0.00416
7.36908,-3.27204,0.00126
7.60202,-3.18129,0.00045
7.84255,-3.11312,1e-05
8.07789,-3.02884,0.00313
8.32107,-2.97109,0.00839
8.54747,-2.86537,5e-05
