"Points:0","Points:1","Points:2"
3.5648,-1.55275,0
3.804,-1.48007,0
4.03513,-1.3848,1e-05
4.16975,-1.17419,0.0047
3.99232,-0.99808,0.00281
3.74454,-1.03118,2e-05
3.50253,-0.96848,0
3.45136,-0.72381,0.00409
3.53374,-0.4878,1e-05
3.76635,-0.39622,0.00135
3.98839,-0.28146,0.00695
4.16049,-0.46277,0.00407
4.18246,-0.7118,0.00338
