"Points:0","Points:1","Points:2"
3.99597,-0.03674,0.00272
3.75456,0.0282,0.00089
3.50486,0.016,0.00081
3.25562,-0.00345,0.00245
3.00563,-0.00371,0
2.75575,0.00389,6e-05
2.50591,0.01283,0.00015
2.25594,0.01693,0
2.00597,0.01302,8e-05
1.75633,0.02639,0
1.50664,0.01404,8e-05
1.25664,0.01291,0.00162
1.00665,0.01176,0.00168
