"Points:0","Points:1","Points:2"
3.84222,-1.45098,0.0014
3.86645,-1.20216,0
3.63022,-1.12053,0.00547
3.58262,-0.87512,0.00313
3.59718,-0.62556,1e-05
3.78678,-0.46261,0
3.92616,-0.67014,0.0021
4.17397,-0.70309,9e-05
4.37808,-0.55877,0.00292
4.51409,-0.34902,0.0003
4.58379,-0.10893,0
4.52474,0.13398,0.00245
4.50083,0.38283,1e-05
