"Points:0","Points:1","Points:2"
4.00927,-0.03678,0
3.76216,0.00116,0
3.51669,0.04855,0
3.27545,-0.01702,0.00108
3.02555,-0.0239,0
2.77694,0.00242,0.00181
2.52775,-0.01757,0.0001
2.286,-0.08126,6e-05
2.05149,0.00538,0.00135
1.80845,0.06391,0
1.55943,0.08611,5e-05
1.31168,0.05266,0.00044
1.09572,-0.07328,0
