"Points:0","Points:1","Points:2"
3.99413,-0.03641,0
3.75222,0.02646,0.00535
3.50232,0.02027,0.00264
3.25397,-0.00841,0.00163
3.00431,0.00455,0
2.75453,0.0151,1e-05
2.50474,0.00487,3e-05
2.25485,0.01206,1e-05
2.00485,0.01273,9e-05
1.755,0.02153,0.00077
1.50522,0.01116,0
1.25525,0.0151,0
1.00525,0.01459,0
