"Points:0","Points:1","Points:2"
3.99405,-0.04076,0
3.7531,0.02589,0.00034
3.50322,0.01796,0
3.25443,-0.0066,0.00048
3.00455,0.00117,0
2.75476,0.01136,0
2.50479,0.01492,0.00018
2.25479,0.01583,0
2.00483,0.01133,0.00011
1.75489,0.01693,0.00091
1.50507,0.00886,0.00542
1.25538,0.02088,0.0022
1.00577,0.00708,3e-05
