"Points:0","Points:1","Points:2"
3.25585,-17.8491,0.00429
3.02678,-17.7489,0.00498
2.803,-17.6375,0.00448
2.57998,-17.5246,0
2.3901,-17.362,0
2.29485,-17.1314,0.01587
2.18264,-16.9085,0
2.06946,-16.6856,5e-05
1.89537,-16.5062,0.00337
1.86914,-16.2576,0.00225
1.91278,-16.0115,3e-05
2.06363,-15.8121,0.00324
2.23562,-15.6307,0
