"Points:0","Points:1","Points:2"
3.9904,-0.02982,2e-05
3.7493,0.0363,7e-05
3.50001,0.01751,0
3.2509,-0.00359,3e-05
3.00092,-0.00297,0.00271
2.75139,0.01237,0.00203
2.50144,0.00817,0
2.25147,0.01192,0.00178
2.00148,0.00979,0.00063
1.75177,0.02168,0
1.50207,0.00944,0
1.25228,0.01883,0.00416
1.00232,0.01742,0
