"Points:0","Points:1","Points:2"
2.59699,-2.56452,0
2.83813,-2.49854,5e-05
3.08282,-2.5498,0
3.21623,-2.33838,0
3.05039,-2.15135,0.00425
2.82355,-2.04631,0.00117
2.7484,-1.80787,0
2.93555,-1.64213,0
3.15387,-1.76394,3e-05
3.28489,-1.97685,0.00037
3.46699,-2.14814,0
3.70679,-2.21881,0
3.95515,-2.24547,0.01049
