"Points:0","Points:1","Points:2"
4.00981,-0.03161,3e-05
3.76011,-0.01923,3e-05
3.51736,0.04051,0.00136
3.27703,-0.02835,3e-05
3.02703,-0.02834,4e-05
2.77897,0.00275,0.00122
2.52954,-0.01401,2e-05
2.28715,-0.07524,3e-05
2.04922,0.0015,7e-05
1.8079,0.06679,5e-05
1.5583,0.08095,0.00111
1.31047,0.04809,8e-05
1.09327,-0.07567,0.00225
