"Points:0","Points:1","Points:2"
5.07082,-0.30486,0.00409
4.82099,-0.29655,6e-05
4.57157,-0.27967,0
4.3706,-0.13107,0.00549
4.1329,-0.05376,0.01038
3.88357,-0.07017,0.01854
3.63534,-0.04068,0.02178
3.38557,-0.05137,0.0237
3.13865,-0.01982,0.00066
2.89121,0.01586,0.00017
2.64177,0.03272,0
2.39234,0.01685,0.0054
2.14317,0.03716,0.00655
