"Points:0","Points:1","Points:2"
4.01046,-0.03602,0.00231
3.76232,-0.00565,0
3.51621,0.03824,6e-05
3.27136,-0.01225,4e-05
3.02313,-0.042,0
2.77654,-0.00088,0.00013
2.52732,-0.02072,0.00069
2.28492,-0.08187,0.00135
2.04312,-0.01836,0.00117
1.80614,0.06125,0.00203
1.55728,0.08506,0.00074
1.31031,0.04624,0
1.09177,-0.07516,0
