"Points:0","Points:1","Points:2"
3.99386,-0.02977,0
3.7523,0.03464,6e-05
3.50318,0.01369,0
3.25378,-0.00366,0
3.00382,0.00034,0
2.75392,0.00765,0.0003
2.50394,0.00976,0.00213
2.25397,0.00621,3e-05
2.0044,0.02073,0
1.75442,0.0182,0.00229
1.50471,0.0063,0
1.25487,0.01507,0
1.0049,0.01652,0.00394
