"Points:0","Points:1","Points:2"
4.01121,-0.03579,0.00336
3.76232,-0.01229,0.00213
3.51816,0.0414,0.00012
3.27545,-0.01854,0
3.02599,-0.03487,0.0009
2.77931,0.00578,0.00054
2.53103,-0.02345,0
2.28717,-0.07849,0.00188
2.04952,-0.00089,0
1.80663,0.05828,0.00019
1.55729,0.07646,0
1.30773,0.06157,0.0002
1.09753,-0.07376,0
