"Points:0","Points:1","Points:2"
4.00801,-0.03698,0.00081
3.76031,-0.00312,0.00091
3.51131,0.01916,0.00014
3.26493,-0.02323,0.00134
3.01523,-0.03549,0.00187
2.76689,-0.00678,0.00011
2.51716,-0.01845,0
2.26776,-0.00141,0.00309
2.01788,0.00603,0.00137
1.7679,0.00853,0
1.51792,0.00659,0.00288
1.26833,0.02084,0.00128
1.02302,-0.02731,3e-05
