"Points:0","Points:1","Points:2"
4.0154,-0.02853,0
3.76576,-0.01513,0.00107
3.53737,0.08654,0
3.29349,0.03168,0.0037
3.07138,-0.08301,3e-05
2.82559,-0.12873,0
2.59377,-0.03515,0.00087
2.35776,0.0473,0.00035
2.10969,0.07832,0.00019
1.86528,0.13091,0
1.61553,0.11967,1e-05
1.36554,0.11809,0.00013
1.12349,0.05555,1e-05
