"Points:0","Points:1","Points:2"
2.76958,-2.46449,0
2.94637,-2.28772,1e-05
2.88617,-2.04508,5e-05
3.13483,-2.07095,0
3.24143,-2.29708,2e-05
3.48051,-2.22402,0
3.61196,-2.01136,3e-05
3.45654,-1.81554,0
3.25923,-1.66207,0.00374
3.33693,-1.42448,0
3.53381,-1.27042,0.00024
3.73534,-1.12248,0.00166
3.98251,-1.085,0
