"Points:0","Points:1","Points:2"
8.85817,-2.11113,0
8.9652,-1.8852,4e-05
8.95394,-1.63553,0.0063
8.89281,-1.39319,0.00049
8.87451,-1.14386,0
8.86135,-0.89421,0.00144
8.85673,-0.64426,0.00412
8.74278,-0.42179,1e-05
8.57149,-0.23968,2e-05
8.37075,-0.0907,0.00263
8.1513,0.02892,0.00855
7.923,0.13044,0.00012
7.67998,0.18907,0.0019
