"Points:0","Points:1","Points:2"
4.013,-0.03167,4e-05
3.76437,-0.00554,1e-05
3.52808,0.0761,0.00236
3.2851,0.01731,0
3.05115,-0.07081,0.0008
2.80181,-0.08888,0.00065
2.55286,-0.06588,0.00062
2.30573,-0.02817,6e-05
2.05681,-0.0049,0.00021
1.8152,0.05932,0.00101
1.5663,0.08273,0.00078
1.31918,0.0449,0
1.09803,-0.07166,0.00281
