"Points:0","Points:1","Points:2"
3.99606,-0.03553,0
3.75398,0.02693,1e-05
3.50408,0.02008,0
3.25482,0.00091,0.0012
3.00483,0.00302,0.00148
2.75515,0.01572,0
2.50516,0.01778,0.00028
2.25516,0.01674,5e-05
2.00518,0.01841,0.00186
1.75518,0.01834,0.00054
1.50527,0.0117,0
1.2553,0.01534,0.00204
1.00531,0.0138,0.00326
