"Points:0","Points:1","Points:2"
3.99625,-0.03286,0
3.7537,0.02766,0.00217
3.50374,0.02368,3e-05
3.25522,-0.00326,0.00309
3.00534,0.00386,0
2.75549,0.01238,0.00197
2.50551,0.01462,0
2.25565,0.00639,0.00172
2.00566,0.00882,0.00085
1.75586,0.01867,0.00113
1.50601,0.01013,5e-05
1.25605,0.01386,0.00261
1.00605,0.0148,0.00211
