"Points:0","Points:1","Points:2"
4.05162,-0.72409,0.00115
3.9677,-0.4886,0.00108
4.21758,-0.49655,1e-05
4.39806,-0.32357,0.00159
4.36899,-0.07529,0.0048
4.29601,0.16377,0
4.20015,0.39466,9e-05
3.97599,0.5053,0.0032
3.73307,0.56438,0.0026
3.49627,0.64449,1e-05
3.31662,0.47063,6e-05
3.16571,0.27133,0.00206
3.00517,0.0797,0.00015
