"Points:0","Points:1","Points:2"
9.08304,-1.35954,0.01425
8.93976,-1.15507,0.00138
8.84025,-0.92573,0.00048
8.73856,-0.69735,4e-05
8.63025,-0.47204,0.00256
8.54791,-0.23599,0.0009
8.37351,-0.05688,0.00207
8.14418,0.04263,0.00015
7.89604,0.07283,0.0044
7.64745,0.09901,0.00016
7.4026,0.14949,7e-05
7.15668,0.1944,0.00234
6.90688,0.20432,0.00252
