"Points:0","Points:1","Points:2"
3.99334,-0.03654,1e-05
3.75213,0.02916,2e-05
3.50268,0.01254,1e-05
3.25342,-0.00673,0
3.00347,-0.00179,0
2.75389,0.01215,0.00397
2.50403,0.00488,0
2.25411,0.01116,5e-05
2.00413,0.00951,0.00255
1.75443,0.02171,0.00243
1.50458,0.01315,1e-05
1.25471,0.02104,0
1.00472,0.01871,5e-05
