"Points:0","Points:1","Points:2"
4.57236,-2.85358,0.00618
4.82018,-2.88659,0.00546
5.06724,-2.92477,0.00417
5.30786,-2.99251,0.0007
5.55025,-3.05375,7e-05
5.80025,-3.05335,0
6.04311,-2.99404,7e-05
6.29216,-3.01576,0.0001
6.5343,-3.07702,0.01099
6.77194,-3.15386,4e-05
6.99054,-3.27513,0.00335
7.19322,-3.42146,0.006
7.41578,-3.52207,0.05933
