"Points:0","Points:1","Points:2"
3.99549,-0.03541,1e-05
3.75261,0.02382,0.00131
3.50293,0.01121,0.00106
3.25335,-0.0032,0.0001
3.00339,0.0008,0.00242
2.75351,0.00856,0.00145
2.50364,0.01627,0
2.25364,0.01756,3e-05
2.00368,0.01293,0
1.75375,0.01867,0
1.50391,0.00961,0
1.25397,0.0142,0.00251
1.00398,0.01321,0
