"Points:0","Points:1","Points:2"
3.99653,-0.03522,0.0046
3.75265,0.0197,0.00244
3.50274,0.01286,0.00118
3.25346,-0.00603,0
3.00351,-0.00732,0.00466
2.75422,0.01117,0.00087
2.50429,0.0169,0
2.25429,0.01885,1e-05
2.00461,0.0063,0
1.75511,0.0219,0.00229
1.50553,0.00733,0.00307
1.25564,0.01399,0.00016
1.00572,0.00743,0
