"Points:0","Points:1","Points:2"
2.90231,-12.0362,0.00011
3.01748,-11.8143,0.0042
3.19487,-11.6382,0.00011
3.25857,-11.3965,0.00055
3.30638,-11.1511,0
3.30565,-10.9011,0.00604
3.30656,-10.6512,0
3.33745,-10.4031,0.00084
3.40441,-10.1623,0.00474
3.41434,-9.9125,0.00689
3.35499,-9.66974,0.00034
3.21664,-9.4626,0.02161
3.05573,-9.27578,0.06288
