"Points:0","Points:1","Points:2"
4.01395,-0.03468,0.00127
3.7662,-0.00125,0
3.52983,0.08018,0.00062
3.28431,0.03307,1e-05
3.07222,-0.09923,0.00422
2.82322,-0.12113,0.00029
2.58753,-0.03779,0.00301
2.35027,0.04094,0.00018
2.10379,0.08275,1e-05
1.85627,0.11786,0.0004
1.6064,0.1255,0.00339
1.35663,0.11511,0.00045
1.11443,0.05318,0.00211
