"Points:0","Points:1","Points:2"
4.01485,-0.02258,0.00226
3.76616,0.003,0.00329
3.519,0.04045,0.00055
3.27377,-0.00818,0
3.02554,-0.03783,0.00012
2.78019,0.01015,1e-05
2.53207,-0.0205,1e-05
2.28876,-0.07793,0
2.05077,-0.00135,4e-05
1.80886,0.06169,0.00166
1.56076,0.09245,0
1.31527,0.04518,0
1.09568,-0.07431,0.00112
