"Points:0","Points:1","Points:2"
3.99172,-0.03882,0.00204
3.75286,0.03495,0
3.50394,0.01173,0.00051
3.25449,-0.00483,0
3.00453,-0.00025,0.00024
2.75473,0.00972,0.00072
2.50481,0.01614,0
2.25482,0.01424,0
2.00486,0.00971,1e-05
1.75494,0.01575,0.00212
1.50506,0.00815,0.00194
1.25512,0.01338,0
1.00513,0.0135,0.0019
