"Points:0","Points:1","Points:2"
4.01267,-0.04148,0.00231
3.76699,0.00473,2e-05
3.52805,0.07826,1e-05
3.28378,0.02504,0.00142
3.05412,-0.07373,0
2.80412,-0.07293,0.0002
2.55412,-0.07232,0
2.30777,-0.02978,0.00022
2.06077,0.00886,4e-05
1.8166,0.06249,0.00151
1.56718,0.07952,5e-05
1.31833,0.05562,0
1.10049,-0.06704,0.00178
