"Points:0","Points:1","Points:2"
3.99474,-0.03281,0.00212
3.75232,0.02825,1e-05
3.50242,0.02123,5e-05
3.25439,-0.01013,1e-05
3.00469,0.00208,3e-05
2.75534,0.02014,1e-05
2.50544,0.01386,0.00314
2.25563,0.02312,0.00596
2.00595,0.01196,1e-05
1.75603,0.01797,0.00186
1.50634,0.00565,3e-05
1.25697,0.02344,0
1.00714,0.01439,0
