"Points:0","Points:1","Points:2"
4.0151,-0.03862,0
3.76717,-0.00651,0.00011
3.51955,0.02786,3e-05
3.27347,-0.0162,0.00195
3.02395,-0.03179,0.00188
2.7753,-0.00587,0.00214
2.5257,-0.01999,0.00341
2.28324,-0.08082,8e-05
2.05231,0.01493,0.00168
1.8063,0.05942,0.00011
1.55734,0.08219,0
1.30941,0.05011,0.00155
1.09146,-0.07235,0.00076
