"Points:0","Points:1","Points:2"
3.99396,-0.03562,0
3.75267,0.02977,0
3.50278,0.02246,0.00158
3.25404,-0.0026,0.00116
3.00405,-1e-05,0
2.7547,0.01792,0.00161
2.50491,0.00777,0.00044
2.25498,0.01364,0.00021
2.00498,0.01298,0
1.75507,0.01934,3e-05
1.50531,0.00824,0.00046
1.25573,0.02117,0.00685
1.00591,0.01326,0.00167
