"Points:0","Points:1","Points:2"
2.77689,-2.46562,0
2.92487,-2.26414,0.00255
2.93634,-2.01441,0.00013
3.16932,-2.10508,0.00052
3.34584,-2.28211,0.00044
3.53667,-2.12061,0
3.45767,-1.88342,0
3.34108,-1.66227,5e-05
3.27251,-1.42186,1e-05
3.4957,-1.30921,0
3.73809,-1.24801,4e-05
3.9575,-1.12819,0
4.20255,-1.07865,1e-05
