"Points:0","Points:1","Points:2"
2.70316,-1.88546,0
3.05331,-2.26527,0
3.04935,-2.28948,0
3.50585,-2.36148,0
3.12615,-2.32207,0
3.08322,-2.31183,0
3.15035,-2.31618,0
3.50933,-2.48699,0
3.42121,-2.57016,0
3.22439,-2.64527,0
3.0609,-2.5938,0
2.91863,-2.47487,0
3.05539,-2.57712,0
2.8487,-2.38622,0
2.68382,-2.35907,0
2.7117,-2.34608,0
3.12973,-2.6394,0
2.61848,-2.34383,0
2.50089,-2.35547,0
2.40744,-2.57294,0
2.47599,-2.69321,0
2.42731,-2.62879,0
2.40528,-2.60998,0
2.45932,-2.69774,0
