"Points:0","Points:1","Points:2"
2.50676,-2.21297,0
2.49577,-2.22638,0
2.6157,-2.21967,0
2.72795,-2.23393,0
2.71882,-2.24016,0
3.691,-2.48453,0
3.7144,-2.54032,0
3.71033,-2.51384,0
3.6568,-2.58115,0
3.66144,-2.57414,0
3.65607,-2.58251,0
3.59936,-2.64025,0
3.61795,-2.60436,0
3.33093,-2.7106,0
2.38678,-2.40938,0
2.38043,-2.41029,0
2.37444,-2.70301,0
2.40894,-2.75783,0
2.4175,-2.77045,0
2.43781,-2.82366,0
2.45288,-2.85355,0
