"Points:0","Points:1","Points:2"
2.42856,0.02296,0
3.88488,-0.01092,0
2.44983,0.01548,0
1.50283,0.00435,0
3.08135,-0.0079,0
1.86859,0.00673,0
3.86,0.00325,0
2.97761,0.02051,0
2.41925,-0.00623,0
2.33996,0.00588,0
2.60695,0.02344,0
2.99069,0.00234,0
1.34826,0.01215,0
3.28641,-0.00622,0
3.44607,0.00707,0
1.01603,0.00926,0
