"Points:0","Points:1","Points:2"
3.67394,0.03859,0
1.86859,0.00673,0
2.87258,0.02387,0
2.17279,0.02501,0
2.92171,-0.0109,0
3.86,0.00325,0
1.0917,0.01527,0
1.89915,0.02574,0
2.46796,0.01661,0
1.52979,0.01768,0
2.293,-0.00524,0
3.97111,-0.03151,0
3.51685,0.01447,0
2.99069,0.00234,0
3.23051,-0.0167,0
3.28641,-0.00622,0
1.69377,0.02181,0
