"Points:0","Points:1","Points:2"
2.56089,-17.3187,0
2.82349,-17.4815,0
2.86516,-17.5296,0
3.13396,-17.7655,0
3.01101,-17.6616,0
3.05546,-17.6829,0
3.16962,-17.7875,0
3.186,-17.7871,0
3.36341,-17.9007,0
3.44697,-17.9314,0
3.43698,-17.9233,0
3.68604,-18.0262,0
3.82924,-18.02,0
3.80781,-18.0214,0
3.94386,-17.98,0
3.93075,-17.9961,0
4.1454,-17.9586,0
4.30044,-17.9355,0
4.30091,-17.9196,0
4.42187,-17.9084,0
4.60627,-17.8935,0
4.73396,-17.863,0
4.9738,-17.7085,0
4.96069,-17.7474,0
4.96923,-17.7127,0
