"Points:0","Points:1","Points:2"
3.21534,0.12926,0
3.16758,0.09511,0
3.30754,0.13587,0
2.83247,-0.18551,0
3.17193,0.10683,0
3.14533,0.1005,0
3.23149,0.11243,0
3.25052,0.13813,0
3.10738,0.09352,0
3.08857,0.07624,0
