"Points:0","Points:1","Points:2"
1.04397,0.021,0
3.8867,-0.00709,0
2.11721,0.01855,0
2.86088,-0.01201,0
2.17279,0.02501,0
3.70949,0.00963,0
3.5895,0.01216,0
3.84801,0.01036,0
1.96954,0.01695,0
1.01603,0.00926,0
