"Points:0","Points:1","Points:2"
1.04397,0.021,0
3.8867,-0.00709,0
3.40946,0.00752,0
2.87258,0.02387,0
2.33996,0.00588,0
1.85806,0.03349,0
2.87271,0.0107,0
2.56001,0.01627,0
3.97111,-0.03151,0
3.23051,-0.0167,0
1.89598,0.02178,0
3.44607,0.00707,0
3.51856,0.01566,0
1.69377,0.02181,0
