"Points:0","Points:1","Points:2"
2.42856,0.02296,0
2.44983,0.01548,0
1.04397,0.021,0
3.86,0.00325,0
1.0917,0.01527,0
2.04407,0.02469,0
2.33996,0.00588,0
1.38987,0.00639,0
2.28172,0.02383,0
1.85806,0.03349,0
2.56001,0.01627,0
1.34826,0.01215,0
3.23051,-0.0167,0
3.28641,-0.00622,0
3.40894,0.00905,0
1.69377,0.02181,0
