"Points:0","Points:1","Points:2"
3.88488,-0.01092,0
3.46015,0.03007,0
3.85116,-0.00346,0
1.89915,0.02574,0
3.6386,0.03646,0
2.28172,0.02383,0
1.52979,0.01768,0
3.97111,-0.03151,0
2.56664,0.01331,0
2.99069,0.00234,0
2.44907,0.02643,0
1.95236,0.01441,0
1.4218,0.00631,0
3.44607,0.00707,0
2.55848,0.01598,0
2.24825,0.0164,0
