"Points:0","Points:1","Points:2"
3.46015,0.03007,0
3.8867,-0.00709,0
2.86088,-0.01201,0
2.17279,0.02501,0
1.0917,0.01527,0
2.35195,0.0307,0
3.5895,0.01216,0
1.85806,0.03349,0
1.73111,-0.00039,0
2.87271,0.0107,0
2.24825,0.0164,0
