"Points:0","Points:1","Points:2"
4.2702,-1.12565,0
4.3219,-1.03382,0
3.82002,-1.54846,0
3.8367,-1.54042,0
3.73071,-1.66868,0
3.48793,-1.82123,0
3.62548,-1.74539,0
