"Points:0","Points:1","Points:2"
2.42856,0.02296,0
3.73819,0.01587,0
2.88212,-0.00711,0
1.86859,0.00673,0
2.21664,-0.00457,0
3.85116,-0.00346,0
3.6386,0.03646,0
3.5895,0.01216,0
2.33996,0.00588,0
2.60695,0.02344,0
2.87271,0.0107,0
2.293,-0.00524,0
3.97111,-0.03151,0
3.44934,0.00504,0
1.34826,0.01215,0
1.94242,-0.00804,0
