"Points:0","Points:1","Points:2"
2.18206,-13.3552,0
2.1476,-13.5271,0
2.08024,-13.7907,0
2.06106,-13.8792,0
2.04247,-14.0463,0
2.03999,-14.0777,0
2.06011,-14.2051,0
2.1131,-14.4356,0
2.16702,-14.5754,0
2.16301,-14.62,0
2.16858,-14.5639,0
2.2194,-14.8529,0
2.21903,-14.9232,0
2.21804,-15.0145,0
2.19543,-15.4112,0
2.18244,-15.6517,0
2.16655,-15.6328,0
2.14729,-15.7411,0
2.16315,-15.7728,0
2.16425,-15.8802,0
