"Points:0","Points:1","Points:2"
3.92053,-0.07025,0
3.45023,0.04868,0
3.95469,-0.0452,0
3.47391,0.04763,0
2.46855,0.0027,0
1.79585,-0.07398,0
3.27092,0.02601,0
2.97982,-0.06936,0
2.82213,-0.13166,0
2.60592,-0.11815,0
4.03113,-0.01861,0
4.02332,-0.01899,0
1.81794,-0.05018,0
2.75183,-0.13351,0
3.07939,-0.03626,0
2.75592,-0.13988,0
3.89656,-0.08445,0
3.4151,0.0509,0
2.87697,-0.11106,0
2.77163,-0.12688,0
1.75531,-0.06882,0
2.9771,-0.08821,0
1.94406,-0.05391,0
