"Points:0","Points:1","Points:2"
2.17279,0.02501,0
3.22592,0.01456,0
2.92171,-0.0109,0
3.86,0.00325,0
3.37258,-0.0025,0
2.39056,0.02926,0
1.89915,0.02574,0
2.46796,0.01661,0
3.6386,0.03646,0
3.97111,-0.03151,0
2.41414,-0.00094,0
2.80845,0.01162,0
3.28641,-0.00622,0
2.30093,0.03232,0
3.44607,0.00707,0
2.55848,0.01598,0
1.58619,-0.00567,0
1.48899,0.02754,0
