"Points:0","Points:1","Points:2"
1.83283,-6.92839,0
1.83961,-6.81601,0
1.81594,-6.87577,0
1.86081,-6.9702,0
1.92802,-7.13823,0
2.0962,-7.55382,0
2.40211,-8.07255,0
2.36179,-8.0061,0
2.42141,-8.27668,0
2.4408,-8.28134,0
2.45521,-8.32108,0
2.46465,-8.4126,0
2.47018,-8.6547,0
2.49121,-8.65932,0
2.48101,-8.74881,0
2.64806,-9.21409,0
2.7085,-9.29633,0
