"Points:0","Points:1","Points:2"
3.88488,-0.01092,0
2.44983,0.01548,0
2.11721,0.01855,0
1.0917,0.01527,0
2.46796,0.01661,0
3.5895,0.01216,0
1.38987,0.00639,0
2.60695,0.02344,0
2.87271,0.0107,0
2.56001,0.01627,0
2.99069,0.00234,0
3.44934,0.00504,0
3.28641,-0.00622,0
1.4218,0.00631,0
3.44607,0.00707,0
3.65704,0.03826,0
2.24825,0.0164,0
3.40894,0.00905,0
1.58619,-0.00567,0
