"Points:0","Points:1","Points:2"
3.88488,-0.01092,0
1.50283,0.00435,0
2.33996,0.00588,0
2.0395,-0.01398,0
