"Points:0","Points:1","Points:2"
2.42856,0.02296,0
3.8867,-0.00709,0
3.08135,-0.0079,0
3.40946,0.00752,0
2.17279,0.02501,0
2.92171,-0.0109,0
1.18655,0.03158,0
2.18727,0.02959,0
2.46796,0.01661,0
2.28172,0.02383,0
1.08928,-0.00444,0
1.52979,0.01768,0
3.97111,-0.03151,0
3.23051,-0.0167,0
3.65704,0.03826,0
