"Points:0","Points:1","Points:2"
3.08515,-1.60744,0
3.1917,-1.64879,0
3.13014,-1.62685,0
3.35368,-1.84447,0
3.44437,-1.94309,0
2.94019,-1.62354,0
3.70689,-2.22887,0
3.52663,-2.12116,0
3.01679,-2.14346,0
2.89678,-1.95845,0
3.01222,-2.1583,0
3.06119,-2.17326,0
3.1354,-2.54718,0
3.08445,-2.55051,0
3.05097,-2.54996,0
2.97321,-2.54334,0
3.00423,-2.56887,0
2.75001,-2.5473,0
2.68573,-2.53106,0
2.66253,-2.54637,0
2.6889,-2.5459,0
2.48761,-2.5815,0
