"Points:0","Points:1","Points:2"
2.12687,-14.4699,0
2.13394,-14.7356,0
2.15008,-14.8127,0
2.1454,-14.8119,0
2.15143,-14.9551,0
2.14452,-14.9827,0
2.14602,-15.0341,0
2.15238,-14.9731,0
2.09696,-15.3728,0
2.10098,-15.376,0
2.13633,-15.5207,0
2.12727,-15.5936,0
2.03333,-15.9602,0
1.89868,-16.4851,0
1.92924,-16.6468,0
1.96733,-16.7537,0
2.07111,-17.0142,0
2.00687,-16.8607,0
2.06655,-17.0145,0
2.01828,-16.8806,0
