"Points:0","Points:1","Points:2"
3.73819,0.01587,0
1.04397,0.021,0
3.08135,-0.0079,0
1.0917,0.01527,0
3.37258,-0.0025,0
3.70949,0.00963,0
1.89915,0.02574,0
2.46796,0.01661,0
3.6386,0.03646,0
1.52979,0.01768,0
2.99069,0.00234,0
3.28641,-0.00622,0
1.95236,0.01441,0
2.55848,0.01598,0
