"Points:0","Points:1","Points:2"
1.52941,-0.04527,0
3.46834,0.12269,0
4.08705,-0.13318,0
3.72945,-0.11661,0
3.15503,-0.06521,0
3.49873,0.09309,0
3.81836,-0.14169,0
3.68064,-0.11293,0
2.11529,0.06027,0
3.5313,0.07361,0
3.58097,0.04466,0
3.65491,-0.10524,0
3.71246,-0.12461,0
3.3055,0.11924,0
3.74268,-0.12166,0
3.2527,0.0668,0
4.08282,-0.15195,0
4.01227,-0.13311,0
3.49766,0.11164,0
3.28597,0.11281,0
3.05626,-0.08116,0
1.55508,-0.03058,0
4.15543,-0.14447,0
