"Points:0","Points:1","Points:2"
8.1841,-2.99411,0
7.8965,-3.06659,0
7.92892,-3.04562,0
7.96368,-3.04481,0
7.3786,-3.29349,0
7.35649,-3.29278,0
7.05876,-3.27409,0
6.98794,-3.233,0
6.83516,-3.18418,0
6.73128,-3.14947,0
6.45407,-3.03611,0
6.25797,-3.0077,0
6.17898,-2.99693,0
6.18267,-3.01496,0
6.03922,-3.01199,0
6.04628,-2.98212,0
6.0008,-2.9863,0
5.96763,-2.98517,0
5.83677,-2.97405,0
5.6237,-2.93355,0
5.63799,-2.93697,0
5.67415,-2.95195,0
5.59189,-2.91896,0
5.46039,-2.94015,0
