"Points:0","Points:1","Points:2"
3.01065,-0.18164,0
1.61487,0.08364,0
3.30754,0.13587,0
3.49873,0.09309,0
3.26054,0.11401,0
1.77771,0.05878,0
3.14161,0.06931,0
2.29952,0.03357,0
3.17193,0.10683,0
1.70991,0.08113,0
3.23149,0.11243,0
3.05442,0.01782,0
3.33631,0.14629,0
3.25052,0.13813,0
2.9566,-0.18986,0
3.33179,0.13627,0
3.37983,0.1458,0
3.52777,0.07007,0
3.1419,0.07348,0
1.67339,0.09134,0
