"Points:0","Points:1","Points:2"
4.68404,-2.88939,0
4.60031,-3.09729,0
4.37258,-3.26134,0
4.24795,-3.344,0
4.25183,-3.34386,0
4.29169,-3.31054,0
4.30712,-3.31459,0
4.06545,-3.46881,0
3.65927,-3.62234,0
3.66499,-3.62775,0
3.60139,-3.63325,0
3.5943,-3.64688,0
3.50903,-3.67301,0
3.45353,-3.66002,0
3.41628,-3.67755,0
3.10281,-3.69408,0
2.90799,-3.83638,0
2.84721,-3.86801,0
2.74505,-4.0171,0
