"Points:0","Points:1","Points:2"
3.40946,0.00752,0
2.87271,0.0107,0
2.56664,0.01331,0
1.34826,0.01215,0
1.8738,0.02299,0
3.44607,0.00707,0
