"Points:0","Points:1","Points:2"
2.6503,0.0385,0
2.61117,0.03858,0
1.75702,0.11036,0
3.25223,0.07221,0
2.30777,0.05297,0
2.14952,0.04224,0
2.08266,0.01955,0
1.98523,0.01921,0
1.68202,0.0854,0
1.39691,0.05838,0
4.11491,-0.23695,0
3.22124,0.08984,0
1.45825,0.0534,0
4.01482,-0.20438,0
1.70978,0.09363,0
2.67896,0.04648,0
4.06607,-0.20638,0
1.66772,0.11088,0
3.08857,0.07624,0
1.77023,0.11249,0
1.32154,0.05751,0
