"Points:0","Points:1","Points:2"
9.11732,-1.42636,0
9.09471,-1.53213,0
9.11586,-1.53076,0
9.09562,-1.66508,0
9.08625,-1.72683,0
9.09548,-1.8473,0
8.98904,-2.12724,0
9.06937,-1.85844,0
8.93948,-2.21818,0
8.85361,-2.36139,0
8.81051,-2.40758,0
8.46283,-2.82623,0
8.29906,-2.88414,0
8.07226,-2.94098,0
7.78307,-3.01389,0
8.04184,-2.94508,0
7.65454,-3.0404,0
7.64575,-3.04307,0
7.60065,-3.03826,0
7.54515,-3.06082,0
7.40719,-3.11246,0
