"Points:0","Points:1","Points:2"
2.91158,-1.68627,0
3.23856,-2.36523,0
2.53168,-2.54378,0
2.5322,-2.55987,0
2.51234,-2.57035,0
2.50237,-2.56038,0
2.48063,-2.61053,0
2.45619,-2.61053,0
2.4179,-2.63322,0
2.39714,-2.64677,0
