"Points:0","Points:1","Points:2"
2.30989,-9.12164,0
2.38137,-9.13349,0
2.66457,-9.3109,0
2.65262,-9.2975,0
2.674,-9.29663,0
2.78618,-9.39532,0
2.60482,-9.29481,0
2.73057,-9.3449,0
3.1705,-9.78523,0
3.23386,-9.84994,0
3.2336,-9.9456,0
3.2572,-9.99238,0
3.28615,-10.1237,0
3.33789,-10.2393,0
3.38877,-10.3456,0
3.3936,-10.3533,0
3.37988,-10.4355,0
3.3941,-10.571,0
3.35571,-10.6909,0
3.38489,-10.6572,0
3.34068,-10.7413,0
3.28158,-11.4711,0
3.27691,-11.3348,0
3.30485,-11.0351,0
3.27663,-11.5093,0
