"Points:0","Points:1","Points:2"
3.41388,-1.3191,0
3.24336,-1.75979,0
3.18421,-1.72979,0
3.18632,-1.66913,0
3.19375,-1.63341,0
2.85866,-2.27045,0
2.86589,-2.10706,0
2.8385,-2.25263,0
2.84905,-2.26778,0
3.10906,-2.21754,0
3.145,-2.22475,0
3.32928,-2.30439,0
3.52867,-2.27898,0
2.92456,-2.41473,0
2.96067,-2.38728,0
2.94102,-2.39671,0
2.9545,-2.38371,0
2.83767,-2.50178,0
2.7998,-2.52698,0
2.79635,-2.52092,0
