"Points:0","Points:1","Points:2"
2.72594,-1.61003,0
2.73475,-1.65528,0
3.42612,-2.55899,0
3.33478,-2.59811,0
3.33525,-2.61028,0
3.33874,-2.57872,0
2.65078,-2.35108,0
2.66209,-2.34823,0
2.69147,-2.3634,0
2.60693,-2.3268,0
2.58725,-2.34361,0
2.53187,-2.3598,0
2.43093,-2.49903,0
2.41601,-2.50085,0
2.43474,-2.50908,0
2.44052,-2.57988,0
2.47386,-2.7348,0
