"Points:0","Points:1","Points:2"
1.50283,0.00435,0
1.04397,0.021,0
1.86859,0.00673,0
1.0917,0.01527,0
3.37258,-0.0025,0
1.18655,0.03158,0
1.89915,0.02574,0
2.41925,-0.00623,0
2.28172,0.02383,0
1.85806,0.03349,0
2.56664,0.01331,0
2.44907,0.02643,0
3.23051,-0.0167,0
3.44607,0.00707,0
3.65704,0.03826,0
