"Points:0","Points:1","Points:2"
3.00776,0.07905,0
3.14266,0.27169,0
3.98518,-0.47886,0
4.15442,-0.49149,0
4.20501,-0.49903,0
4.36938,-0.08251,0
3.03467,0.11034,0
4.40086,-0.23269,0
2.99851,0.06819,0
3.47449,0.61715,0
3.0696,0.15843,0
3.03867,0.13096,0
4.04029,-0.72413,0
4.3398,0.00798,0
4.19175,0.3992,0
3.29342,0.40989,0
