"Points:0","Points:1","Points:2"
3.8867,-0.00709,0
3.86,0.00325,0
2.35195,0.0307,0
1.89915,0.02574,0
2.44907,0.02643,0
1.4218,0.00631,0
2.8802,-0.00344,0
