"Points:0","Points:1","Points:2"
3.73819,0.01587,0
1.04397,0.021,0
3.8867,-0.00709,0
1.18655,0.03158,0
1.89915,0.02574,0
2.46796,0.01661,0
2.33996,0.00588,0
2.28172,0.02383,0
2.87271,0.0107,0
3.97111,-0.03151,0
2.99069,0.00234,0
2.80845,0.01162,0
3.23051,-0.0167,0
1.8738,0.02299,0
2.8802,-0.00344,0
2.55848,0.01598,0
3.40894,0.00905,0
