"Points:0","Points:1","Points:2"
3.26421,-1.81292,0
3.20839,-1.77747,0
3.08254,-1.6758,0
3.15401,-1.74273,0
3.27435,-1.84572,0
3.22023,-1.8015,0
2.86143,-1.59861,0
2.81771,-1.70051,0
2.82219,-1.79084,0
2.82477,-1.73064,0
2.84667,-1.58983,0
2.56729,-2.66822,0
