"Points:0","Points:1","Points:2"
2.0146,-13.8854,0
2.01249,-13.984,0
1.98781,-13.9645,0
2.00744,-13.9436,0
1.99845,-13.9324,0
2.1169,-14.7215,0
2.12853,-14.7896,0
2.2311,-15.1811,0
2.21545,-15.1904,0
2.22054,-15.1301,0
2.24016,-15.4006,0
2.23473,-15.3687,0
2.21454,-15.611,0
2.17803,-15.686,0
2.16731,-15.7215,0
2.15607,-16.0938,0
