"Points:0","Points:1","Points:2"
3.88488,-0.01092,0
3.46015,0.03007,0
1.04397,0.021,0
2.17279,0.02501,0
3.37258,-0.0025,0
1.18655,0.03158,0
2.46796,0.01661,0
2.41925,-0.00623,0
2.99069,0.00234,0
2.80845,0.01162,0
3.28641,-0.00622,0
1.96954,0.01695,0
2.8802,-0.00344,0
3.40894,0.00905,0
1.69377,0.02181,0
