"Points:0","Points:1","Points:2"
2.42856,0.02296,0
3.73819,0.01587,0
3.8867,-0.00709,0
2.92171,-0.0109,0
2.46796,0.01661,0
3.5895,0.01216,0
1.38987,0.00639,0
1.85806,0.03349,0
2.60695,0.02344,0
2.87271,0.0107,0
2.56001,0.01627,0
3.44934,0.00504,0
2.30093,0.03232,0
1.89598,0.02178,0
2.24825,0.0164,0
3.51856,0.01566,0
