"Points:0","Points:1","Points:2"
3.8867,-0.00709,0
2.11721,0.01855,0
1.86859,0.00673,0
1.0917,0.01527,0
1.18655,0.03158,0
2.39056,0.02926,0
2.46796,0.01661,0
2.28172,0.02383,0
3.51685,0.01447,0
2.44907,0.02643,0
2.80845,0.01162,0
1.8738,0.02299,0
1.96954,0.01695,0
3.40894,0.00905,0
3.51856,0.01566,0
1.58619,-0.00567,0
