"Points:0","Points:1","Points:2"
3.46015,0.03007,0
3.73819,0.01587,0
2.44983,0.01548,0
3.86,0.00325,0
3.5895,0.01216,0
2.33996,0.00588,0
1.85806,0.03349,0
1.08928,-0.00444,0
3.84801,0.01036,0
3.97111,-0.03151,0
2.56664,0.01331,0
1.95236,0.01441,0
1.89598,0.02178,0
1.4218,0.00631,0
2.55848,0.01598,0
2.24825,0.0164,0
