"Points:0","Points:1","Points:2"
3.67394,0.03859,0
3.88488,-0.01092,0
3.8437,-0.011,0
2.88212,-0.00711,0
2.04407,0.02469,0
1.89915,0.02574,0
3.6386,0.03646,0
2.28172,0.02383,0
2.87271,0.0107,0
2.293,-0.00524,0
2.41414,-0.00094,0
3.44934,0.00504,0
1.34826,0.01215,0
1.95236,0.01441,0
1.4218,0.00631,0
3.65704,0.03826,0
3.40894,0.00905,0
1.69377,0.02181,0
