"Points:0","Points:1","Points:2"
3.40946,0.00752,0
3.64247,0.00708,0
3.86,0.00325,0
1.18655,0.03158,0
2.39056,0.02926,0
1.89915,0.02574,0
2.46796,0.01661,0
3.6386,0.03646,0
2.8802,-0.00344,0
