"Points:0","Points:1","Points:2"
2.42856,0.02296,0
2.17279,0.02501,0
1.89915,0.02574,0
1.38987,0.00639,0
2.28172,0.02383,0
2.87271,0.0107,0
2.56001,0.01627,0
2.41414,-0.00094,0
2.80845,0.01162,0
1.95236,0.01441,0
1.4218,0.00631,0
2.55848,0.01598,0
3.65704,0.03826,0
