"Points:0","Points:1","Points:2"
2.92084,-0.25434,0
2.87079,-0.27722,0
2.5913,-0.29274,0
3.17316,-0.07556,0
2.86874,-0.267,0
3.41091,0.28795,0
2.70666,-0.30629,0
2.96305,-0.25899,0
2.66123,-0.31046,0
2.49351,-0.27783,0
2.83811,-0.28822,0
3.49802,0.33086,0
4.06678,-0.30721,0
4.09459,-0.33959,0
2.43129,-0.23056,0
