"Points:0","Points:1","Points:2"
3.85511,-0.14914,0
4.00285,-0.16863,0
3.20968,0.07118,0
2.95784,0.07241,0
4.02051,-0.17224,0
3.88893,-0.14207,0
3.80795,-0.10841,0
2.99851,0.06819,0
2.7,0.08321,0
4.38949,-0.27103,0
4.36213,-0.2422,0
4.48276,-0.27087,0
3.01861,0.05593,0
3.66014,-0.07105,0
2.89356,0.08243,0
3.5156,0.01156,0
2.52475,0.08229,0
2.20337,0.05846,0
2.94527,0.08115,0
3.49339,0.02962,0
3.08857,0.07624,0
2.34457,0.04945,0
2.22389,0.05071,0
2.72261,0.09519,0
4.02964,-0.19461,0
