"Points:0","Points:1","Points:2"
4.0568,-1.17232,0
4.07739,-1.22438,0
3.41273,-0.67099,0
4.07178,-1.22399,0
3.48906,-0.5662,0
4.01017,-1.04649,0
4.04974,-1.16972,0
3.67328,-0.29097,0
3.70247,-0.96551,0
4.01527,-1.10773,0
3.49307,-0.50596,0
3.53487,-0.45498,0
4.01357,-1.32069,0
3.65939,-1.49984,0
