"Points:0","Points:1","Points:2"
1.50283,0.00435,0
3.8867,-0.00709,0
2.88212,-0.00711,0
2.11721,0.01855,0
3.86,0.00325,0
2.35195,0.0307,0
2.28172,0.02383,0
1.08928,-0.00444,0
2.60695,0.02344,0
2.56001,0.01627,0
2.80845,0.01162,0
1.96954,0.01695,0
2.30093,0.03232,0
1.89598,0.02178,0
3.24032,0.01757,0
