"Points:0","Points:1","Points:2"
2.668,-9.34683,0
2.94906,-9.52035,0
3.05644,-9.64062,0
3.02068,-9.59096,0
3.0641,-9.67316,0
3.17408,-9.81721,0
3.3509,-10.7086,0
3.2986,-10.8722,0
3.29444,-10.8693,0
3.30847,-10.8811,0
3.28614,-10.969,0
3.27564,-11.2201,0
3.27557,-11.2076,0
3.29264,-11.1708,0
3.269,-11.5645,0
