"Points:0","Points:1","Points:2"
2.88212,-0.00711,0
3.37258,-0.0025,0
2.04407,0.02469,0
3.6386,0.03646,0
3.5895,0.01216,0
1.85806,0.03349,0
2.60695,0.02344,0
3.84801,0.01036,0
2.87271,0.0107,0
2.41414,-0.00094,0
2.99069,0.00234,0
3.44934,0.00504,0
2.44907,0.02643,0
1.48899,0.02754,0
