"Points:0","Points:1","Points:2"
3.70252,0.69095,0
4.01618,-0.89118,0
3.91374,0.67552,0
4.07639,-0.80956,0
4.12149,-0.79043,0
4.12037,-0.76619,0
4.16096,-0.73043,0
3.32362,0.68211,0
4.06506,-0.82071,0
3.85835,0.70418,0
3.87563,-1.07547,0
4.28714,-0.52633,0
3.1705,0.6489,0
