"Points:0","Points:1","Points:2"
3.88488,-0.01092,0
2.44983,0.01548,0
1.50283,0.00435,0
3.08135,-0.0079,0
3.86,0.00325,0
2.293,-0.00524,0
2.41414,-0.00094,0
3.44607,0.00707,0
3.51856,0.01566,0
