"Points:0","Points:1","Points:2"
3.78543,-1.96926,0
3.71705,-2.22429,0
2.88041,-2.21864,0
2.80077,-2.04537,0
2.81366,-2.11093,0
2.85714,-2.17636,0
2.783,-1.96565,0
2.8799,-2.22883,0
3.01164,-2.34367,0
3.64736,-2.32728,0
3.57405,-2.37973,0
3.37091,-2.35933,0
3.60757,-2.37546,0
3.59478,-2.40492,0
3.3826,-2.41465,0
3.37625,-2.42933,0
3.45572,-2.43172,0
2.98423,-2.58376,0
2.94021,-2.5569,0
2.83767,-2.50178,0
2.84042,-2.50714,0
