"Points:0","Points:1","Points:2"
3.8437,-0.011,0
1.50283,0.00435,0
3.40946,0.00752,0
2.88212,-0.00711,0
2.11721,0.01855,0
3.37258,-0.0025,0
2.04407,0.02469,0
2.39056,0.02926,0
2.18727,0.02959,0
2.46796,0.01661,0
2.56001,0.01627,0
2.56664,0.01331,0
2.99069,0.00234,0
1.4218,0.00631,0
2.8802,-0.00344,0
1.01603,0.00926,0
3.65704,0.03826,0
3.40894,0.00905,0
