"Points:0","Points:1","Points:2"
3.45084,-1.95099,0
3.42052,-2.02973,0
3.41746,-2.04548,0
3.42821,-1.96795,0
3.4335,-1.99893,0
3.24139,-2.13331,0
3.38245,-2.059,0
3.06366,-2.16245,0
3.06424,-2.13142,0
3.04368,-2.17841,0
3.28427,-2.17126,0
