"Points:0","Points:1","Points:2"
2.6024,-2.01673,0
3.10161,-2.36557,0
3.87794,-2.55347,0
3.8151,-2.60232,0
2.23716,-2.42292,0
2.22012,-2.39908,0
2.21225,-2.48177,0
2.22872,-2.54228,0
2.21712,-2.55489,0
2.41505,-3.00969,0
2.41042,-2.94049,0
2.30062,-2.70486,0
2.39714,-2.97621,0
