"Points:0","Points:1","Points:2"
3.67394,0.03859,0
3.46015,0.03007,0
1.50283,0.00435,0
3.08135,-0.0079,0
2.11721,0.01855,0
2.86088,-0.01201,0
2.17279,0.02501,0
3.22592,0.01456,0
3.85116,-0.00346,0
2.39056,0.02926,0
3.84801,0.01036,0
2.41414,-0.00094,0
2.72209,-0.00954,0
2.8802,-0.00344,0
1.48899,0.02754,0
