"Points:0","Points:1","Points:2"
2.42856,0.02296,0
3.8867,-0.00709,0
3.08135,-0.0079,0
3.40946,0.00752,0
1.0917,0.01527,0
2.35195,0.0307,0
3.37258,-0.0025,0
1.18655,0.03158,0
1.89915,0.02574,0
1.08928,-0.00444,0
3.84801,0.01036,0
2.8802,-0.00344,0
3.65704,0.03826,0
3.51856,0.01566,0
1.48899,0.02754,0
