"Points:0","Points:1","Points:2"
3.04022,-17.6828,0
3.01101,-17.6616,0
3.16962,-17.7875,0
3.1826,-17.7788,0
3.26736,-17.8287,0
3.18367,-17.7969,0
3.26054,-17.8532,0
3.58977,-17.9624,0
3.41191,-17.9085,0
3.43058,-17.8981,0
3.80762,-17.9686,0
3.95197,-17.9831,0
4.00046,-17.977,0
4.34495,-17.8089,0
4.28313,-17.8605,0
4.48849,-17.795,0
4.67425,-17.7992,0
4.66907,-17.8076,0
4.80914,-17.8554,0
4.9851,-17.8491,0
5.18748,-17.8745,0
5.33331,-17.8801,0
5.39302,-17.8999,0
5.77474,-17.9826,0
