"Points:0","Points:1","Points:2"
2.42856,0.02296,0
2.44983,0.01548,0
3.40946,0.00752,0
2.87258,0.02387,0
2.04407,0.02469,0
1.18655,0.03158,0
2.39056,0.02926,0
1.89915,0.02574,0
1.38987,0.00639,0
3.51685,0.01447,0
2.56664,0.01331,0
3.44934,0.00504,0
1.34826,0.01215,0
3.28641,-0.00622,0
2.30093,0.03232,0
1.4218,0.00631,0
3.24032,0.01757,0
3.65704,0.03826,0
2.24825,0.0164,0
