"Points:0","Points:1","Points:2"
2.44983,0.01548,0
1.86859,0.00673,0
3.37258,-0.0025,0
2.97761,0.02051,0
2.41925,-0.00623,0
2.33996,0.00588,0
2.87271,0.0107,0
2.56001,0.01627,0
2.41414,-0.00094,0
1.8738,0.02299,0
1.96954,0.01695,0
1.4218,0.00631,0
3.44607,0.00707,0
