"Points:0","Points:1","Points:2"
2.44983,0.01548,0
1.04397,0.021,0
2.88212,-0.00711,0
1.0917,0.01527,0
1.89915,0.02574,0
3.6386,0.03646,0
3.5895,0.01216,0
1.38987,0.00639,0
2.56001,0.01627,0
3.51685,0.01447,0
2.99069,0.00234,0
3.23051,-0.0167,0
1.96954,0.01695,0
1.95236,0.01441,0
2.5782,0.03118,0
1.48899,0.02754,0
1.69377,0.02181,0
