"Points:0","Points:1","Points:2"
3.88488,-0.01092,0
3.46015,0.03007,0
2.44983,0.01548,0
1.50283,0.00435,0
1.04397,0.021,0
2.88212,-0.00711,0
2.92171,-0.0109,0
2.21664,-0.00457,0
1.73111,-0.00039,0
2.56001,0.01627,0
3.97111,-0.03151,0
3.51685,0.01447,0
2.41414,-0.00094,0
2.80845,0.01162,0
3.28641,-0.00622,0
2.55848,0.01598,0
3.40894,0.00905,0
1.58619,-0.00567,0
