"Points:0","Points:1","Points:2"
1.87737,-7.41498,0
2.03229,-7.59788,0
2.00026,-7.57465,0
2.14568,-7.78858,0
2.25377,-7.91854,0
2.27594,-7.96179,0
2.36107,-8.14563,0
2.38873,-8.23023,0
2.5159,-8.51119,0
2.52638,-8.53972,0
2.54032,-8.60497,0
2.61752,-8.83815,0
2.72582,-9.06208,0
2.87245,-9.36548,0
