"Points:0","Points:1","Points:2"
3.46015,0.03007,0
3.73819,0.01587,0
2.21664,-0.00457,0
1.18655,0.03158,0
2.46796,0.01661,0
1.73111,-0.00039,0
2.87271,0.0107,0
2.99069,0.00234,0
3.23051,-0.0167,0
2.8802,-0.00344,0
1.58619,-0.00567,0
