"Points:0","Points:1","Points:2"
3.64527,-1.18714,0
3.59231,-1.19813,0
3.55075,-1.21161,0
3.51397,-1.84776,0
3.50845,-1.86419,0
3.58507,-2.01284,0
2.92715,-2.30915,0
2.97488,-2.04814,0
2.91297,-2.07451,0
3.01026,-2.05244,0
2.92174,-2.28464,0
2.87468,-2.3368,0
3.2777,-2.27641,0
2.83273,-2.414,0
2.87814,-2.36464,0
2.79809,-2.43069,0
