"Points:0","Points:1","Points:2"
2.42856,0.02296,0
3.88488,-0.01092,0
3.8437,-0.011,0
2.44983,0.01548,0
3.8867,-0.00709,0
2.87258,0.02387,0
3.85116,-0.00346,0
2.46796,0.01661,0
2.28172,0.02383,0
1.85806,0.03349,0
1.08928,-0.00444,0
2.56664,0.01331,0
2.44907,0.02643,0
1.34826,0.01215,0
3.23051,-0.0167,0
1.96954,0.01695,0
2.28276,0.03347,0
1.69377,0.02181,0
