"Points:0","Points:1","Points:2"
3.67394,0.03859,0
3.8437,-0.011,0
1.04397,0.021,0
3.8867,-0.00709,0
3.08135,-0.0079,0
2.87258,0.02387,0
2.97761,0.02051,0
2.33996,0.00588,0
3.97111,-0.03151,0
2.56664,0.01331,0
