"Points:0","Points:1","Points:2"
5.17044,-3.04293,0
5.15738,-3.01549,0
5.04689,-2.92767,0
4.92994,-2.85659,0
4.76671,-2.90016,0
4.83763,-2.88838,0
4.81289,-2.88281,0
4.77794,-2.88016,0
4.26646,-3.14774,0
4.05358,-3.34961,0
4.10941,-3.3067,0
4.08507,-3.32666,0
4.06496,-3.35248,0
4.0053,-3.42113,0
4.08059,-3.36621,0
4.1206,-3.30926,0
3.95764,-3.46111,0
3.90971,-3.5063,0
3.73242,-3.60199,0
3.54527,-3.65877,0
3.51791,-3.65258,0
3.26634,-3.72896,0
2.8756,-3.834,0
2.78933,-3.86042,0
