"Points:0","Points:1","Points:2"
4.40057,-0.98625,0
4.33134,-1.12179,0
3.74684,-1.59686,0
3.6773,-1.62937,0
3.28079,-2.13152,0
