"Points:0","Points:1","Points:2"
3.74302,-2.61512,0
3.04819,-2.46264,0
2.31814,-2.57551,0
2.32688,-2.6467,0
2.34173,-2.67457,0
2.32844,-2.70717,0
2.48004,-2.95256,0
2.41306,-2.84217,0
2.4024,-2.85564,0
2.46582,-2.96653,0
