"Points:0","Points:1","Points:2"
4.7144,-17.5472,0
4.87124,-17.5691,0
4.98834,-17.5775,0
5.14188,-17.5973,0
5.07485,-17.5842,0
5.25522,-17.6251,0
5.22809,-17.6133,0
5.31966,-17.6768,0
5.17001,-17.6174,0
5.3549,-17.6773,0
5.44097,-17.7593,0
5.67583,-17.9897,0
5.78292,-18.0227,0
6.13475,-18.0404,0
6.47046,-17.9914,0
6.79117,-17.993,0
6.78579,-17.9804,0
7.13169,-18.1051,0
7.09967,-18.1146,0
7.09591,-18.1158,0
7.29702,-18.1568,0
7.35468,-18.1531,0
