"Points:0","Points:1","Points:2"
3.36083,-0.93064,0
4.37743,-0.87643,0
3.14484,-0.85354,0
4.37976,-0.83862,0
4.37402,-0.82812,0
3.12711,-0.85258,0
3.45891,-1.78704,0
3.46981,-1.80256,0
3.74424,-1.66019,0
