"Points:0","Points:1","Points:2"
2.44983,0.01548,0
1.04397,0.021,0
2.88212,-0.00711,0
2.17279,0.02501,0
3.86,0.00325,0
3.37258,-0.0025,0
3.85116,-0.00346,0
1.18655,0.03158,0
2.46796,0.01661,0
2.56001,0.01627,0
2.99069,0.00234,0
1.8738,0.02299,0
1.95236,0.01441,0
3.44607,0.00707,0
1.01603,0.00926,0
2.24825,0.0164,0
