"Points:0","Points:1","Points:2"
4.16328,-0.19861,0
4.00285,-0.16863,0
2.80289,0.00336,0
2.70819,-0.00679,0
2.69745,-0.00247,0
3.88893,-0.14207,0
2.46897,0.06446,0
1.89335,0.13905,0
3.65855,-0.06396,0
3.78627,-0.11724,0
3.71749,-0.09333,0
3.09983,0.02699,0
1.66541,0.12722,0
1.83992,0.1408,0
1.67557,0.12946,0
3.79093,-0.08309,0
2.91032,0.03774,0
2.49436,0.06509,0
2.22216,0.11973,0
3.95134,-0.13462,0
1.97895,0.11019,0
4.36006,-0.26415,0
3.43634,-0.04211,0
3.20288,-0.00474,0
