"Points:0","Points:1","Points:2"
3.88488,-0.01092,0
1.04397,0.021,0
3.8867,-0.00709,0
3.08135,-0.0079,0
3.64247,0.00708,0
3.86,0.00325,0
1.0917,0.01527,0
2.04407,0.02469,0
2.39056,0.02926,0
1.38987,0.00639,0
3.97111,-0.03151,0
1.34826,0.01215,0
2.80845,0.01162,0
3.28641,-0.00622,0
1.96954,0.01695,0
1.4218,0.00631,0
2.55848,0.01598,0
