"Points:0","Points:1","Points:2"
3.88488,-0.01092,0
3.8437,-0.011,0
1.04397,0.021,0
3.86,0.00325,0
2.18727,0.02959,0
2.60695,0.02344,0
1.52979,0.01768,0
3.97111,-0.03151,0
2.99069,0.00234,0
3.44934,0.00504,0
1.96954,0.01695,0
3.44607,0.00707,0
1.69377,0.02181,0
