"Points:0","Points:1","Points:2"
3.87714,-1.19397,0
3.61272,-0.64754,0
3.66732,-0.57108,0
3.86808,-1.21136,0
3.65358,-0.56613,0
3.71947,-0.53066,0
3.89648,-1.23432,0
3.65169,-0.58394,0
3.84086,-1.19107,0
4.52094,0.22145,0
4.55762,-0.16544,0
3.83954,-1.40697,0
3.85682,-1.27576,0
3.85363,-1.28356,0
