"Points:0","Points:1","Points:2"
3.59558,-1.17031,0
3.42199,-1.28561,0
3.60706,-1.99045,0
3.64095,-2.06198,0
3.5846,-2.12766,0
2.92715,-2.30915,0
2.9659,-2.07017,0
2.94741,-2.26415,0
3.39742,-2.27874,0
3.19317,-2.20996,0
3.21329,-2.27342,0
3.19482,-2.23637,0
3.45872,-2.25293,0
3.45222,-2.24251,0
3.22192,-2.30794,0
2.91446,-2.34669,0
2.83273,-2.414,0
2.87814,-2.36464,0
