"Points:0","Points:1","Points:2"
2.42856,0.02296,0
3.88488,-0.01092,0
3.08135,-0.0079,0
3.40946,0.00752,0
3.86,0.00325,0
3.5895,0.01216,0
2.56001,0.01627,0
2.293,-0.00524,0
1.89598,0.02178,0
1.4218,0.00631,0
2.72209,-0.00954,0
1.69377,0.02181,0
