"Points:0","Points:1","Points:2"
1.95632,-16.5235,0
2.04448,-16.6438,0
2.11219,-16.7419,0
2.12065,-16.7849,0
2.13051,-16.775,0
2.16095,-16.8141,0
2.25,-16.9531,0
2.26843,-17.0383,0
2.39013,-17.1866,0
2.52137,-17.3713,0
2.54695,-17.3908,0
2.57427,-17.4622,0
2.59814,-17.463,0
2.63939,-17.5421,0
2.73923,-17.6436,0
3.10962,-17.8514,0
2.87337,-17.7272,0
3.02688,-17.8442,0
3.23623,-17.8689,0
3.19688,-17.8701,0
3.73477,-17.9241,0
3.54056,-17.9177,0
