"Points:0","Points:1","Points:2"
3.88488,-0.01092,0
2.44983,0.01548,0
3.40946,0.00752,0
2.17279,0.02501,0
3.64247,0.00708,0
1.18655,0.03158,0
1.89915,0.02574,0
3.6386,0.03646,0
3.5895,0.01216,0
2.28172,0.02383,0
1.85806,0.03349,0
2.56664,0.01331,0
1.96954,0.01695,0
1.95236,0.01441,0
1.89598,0.02178,0
1.4218,0.00631,0
3.51856,0.01566,0
