"Points:0","Points:1","Points:2"
2.42856,0.02296,0
3.46015,0.03007,0
3.8867,-0.00709,0
2.88212,-0.00711,0
2.11721,0.01855,0
2.17279,0.02501,0
3.86,0.00325,0
1.0917,0.01527,0
3.37258,-0.0025,0
2.04407,0.02469,0
2.39056,0.02926,0
3.5895,0.01216,0
1.38987,0.00639,0
2.28172,0.02383,0
2.60695,0.02344,0
2.99069,0.00234,0
1.95236,0.01441,0
2.5782,0.03118,0
3.51856,0.01566,0
1.61547,-0.0084,0
