"Points:0","Points:1","Points:2"
4.06451,-0.5558,0
3.28826,0.32791,0
4.34143,-0.11063,0
4.04894,0.31451,0
4.05457,-0.60774,0
4.06629,0.2884,0
4.0453,-0.68337,0
4.04443,-0.58872,0
4.32317,-0.12829,0
4.02709,-0.67087,0
4.06663,-0.53342,0
4.03076,-0.66555,0
4.12949,0.23078,0
3.93992,0.34341,0
