"Points:0","Points:1","Points:2"
2.11069,0.10544,0
4.1791,-0.21226,0
4.15693,-0.11572,0
3.46794,0.15902,0
4.1893,-0.17302,0
3.55285,0.13123,0
3.44134,0.19786,0
1.93617,0.1113,0
4.14148,-0.26426,0
4.17748,-0.20215,0
3.32744,0.24898,0
2.2067,0.10642,0
2.30433,0.06139,0
2.53091,0.01279,0
2.02222,0.10984,0
3.42964,0.18305,0
4.17995,-0.1859,0
1.94624,0.12129,0
3.37971,0.22399,0
1.98873,0.1238,0
4.19299,-0.17739,0
2.43392,0.04079,0
3.68536,0.04497,0
3.39476,0.1936,0
2.15777,0.10577,0
