"Points:0","Points:1","Points:2"
4.17479,-0.43943,0
4.33701,-0.35234,0
4.18014,-0.44776,0
4.48534,-0.28186,0
4.33021,-0.3799,0
4.96323,-0.18513,0
5.04784,-0.19106,0
5.24081,-0.06765,0
5.38986,0.00744,0
5.49421,0.12315,0
5.42516,0.04562,0
5.65802,0.23714,0
5.71009,0.26012,0
5.78646,0.31823,0
5.76634,0.31404,0
5.96441,0.36883,0
5.83946,0.33235,0
6.0207,0.36339,0
6.34987,0.3534,0
6.28222,0.37274,0
6.30717,0.35401,0
6.32032,0.35841,0
6.5787,0.28403,0
6.64401,0.28247,0
