"Points:0","Points:1","Points:2"
4.19992,-1.17504,0
4.1896,-0.96504,0
4.17845,-1.23864,0
4.1784,-0.92636,0
4.15863,-1.22268,0
4.15833,-0.90459,0
4.13481,-1.2433,0
4.18868,-1.19512,0
3.49488,-0.78488,0
4.19667,-1.18449,0
3.95077,-1.42384,0
3.92243,-1.43881,0
3.95811,-1.41348,0
3.95755,-1.42145,0
4.11039,-1.28476,0
4.08901,-1.31171,0
3.67069,-1.58281,0
3.58291,-1.57946,0
3.60558,-1.5916,0
