"Points:0","Points:1","Points:2"
3.67394,0.03859,0
1.50283,0.00435,0
2.88212,-0.00711,0
3.86,0.00325,0
1.18655,0.03158,0
1.73111,-0.00039,0
2.87271,0.0107,0
2.56001,0.01627,0
2.56664,0.01331,0
1.8738,0.02299,0
3.44607,0.00707,0
