"Points:0","Points:1","Points:2"
3.73819,0.01587,0
3.8867,-0.00709,0
2.11721,0.01855,0
2.35195,0.0307,0
1.6163,-0.00706,0
3.97111,-0.03151,0
2.56664,0.01331,0
3.23051,-0.0167,0
1.8738,0.02299,0
2.8802,-0.00344,0
2.55848,0.01598,0
