"Points:0","Points:1","Points:2"
2.42856,0.02296,0
2.88212,-0.00711,0
3.37258,-0.0025,0
3.70949,0.00963,0
2.39056,0.02926,0
2.46796,0.01661,0
3.5895,0.01216,0
1.85806,0.03349,0
2.60695,0.02344,0
3.51685,0.01447,0
3.44934,0.00504,0
1.96954,0.01695,0
2.55848,0.01598,0
2.24825,0.0164,0
