"Points:0","Points:1","Points:2"
2.26332,-15.1075,0
2.2289,-15.1654,0
2.23044,-15.2025,0
2.20462,-15.3396,0
2.17401,-15.4021,0
1.93982,-16.5511,0
1.94024,-16.5542,0
1.96667,-16.6979,0
1.95487,-16.744,0
1.95651,-16.7655,0
2.17358,-17.1723,0
2.19529,-17.1954,0
2.22534,-17.2864,0
2.22453,-17.3456,0
