"Points:0","Points:1","Points:2"
4.48826,-1.04831,0
4.02448,-1.45975,0
4.15014,-1.37207,0
3.47834,-1.7203,0
3.40178,-1.88877,0
2.99901,-2.26245,0
3.01219,-2.2421,0
3.18432,-2.0242,0
2.99463,-2.26907,0
2.98701,-2.25888,0
3.11186,-2.12303,0
