"Points:0","Points:1","Points:2"
3.51072,-1.11709,0
3.24336,-1.75979,0
3.16851,-1.70459,0
3.23308,-1.56003,0
3.18421,-1.72979,0
3.18033,-1.68718,0
3.6254,-1.92526,0
3.19375,-1.63341,0
2.85866,-2.27045,0
2.78513,-2.14666,0
2.8025,-2.17382,0
3.09936,-2.17459,0
3.15178,-2.23744,0
3.44952,-2.28633,0
2.86049,-2.44508,0
2.82681,-2.46441,0
2.79635,-2.52092,0
