"Points:0","Points:1","Points:2"
3.73819,0.01587,0
1.50283,0.00435,0
3.8867,-0.00709,0
3.64247,0.00708,0
3.37258,-0.0025,0
2.04407,0.02469,0
2.46796,0.01661,0
3.6386,0.03646,0
2.33996,0.00588,0
3.51685,0.01447,0
2.99069,0.00234,0
1.34826,0.01215,0
1.05489,0.0344,0
1.96954,0.01695,0
1.89598,0.02178,0
2.8802,-0.00344,0
