"Points:0","Points:1","Points:2"
3.85859,-2.52309,0
2.287,-2.63982,0
2.22872,-2.54228,0
2.21712,-2.55489,0
2.32844,-2.70717,0
2.34501,-2.74016,0
2.41042,-2.94049,0
2.39593,-2.84756,0
2.30062,-2.70486,0
