"Points:0","Points:1","Points:2"
3.88488,-0.01092,0
3.73819,0.01587,0
3.8437,-0.011,0
3.08135,-0.0079,0
3.64247,0.00708,0
3.5895,0.01216,0
2.41414,-0.00094,0
2.99069,0.00234,0
3.44934,0.00504,0
2.80845,0.01162,0
3.23051,-0.0167,0
2.55848,0.01598,0
1.58619,-0.00567,0
