"Points:0","Points:1","Points:2"
1.88329,-6.16592,0
1.89085,-6.1681,0
1.87101,-6.12548,0
1.88503,-6.15226,0
1.88041,-6.31931,0
1.88667,-6.28306,0
1.90412,-6.39737,0
1.93216,-6.57896,0
1.91577,-6.56264,0
1.90146,-6.93569,0
1.93612,-7.0518,0
1.94158,-7.13427,0
1.95326,-7.35084,0
1.9417,-7.19176,0
1.94545,-7.32721,0
2.10885,-7.56516,0
2.20848,-7.75373,0
2.22883,-7.97669,0
2.24723,-8.01868,0
2.272,-8.08648,0
2.27332,-8.03683,0
2.30054,-8.14154,0
