"Points:0","Points:1","Points:2"
1.04397,0.021,0
2.86088,-0.01201,0
3.22592,0.01456,0
1.18655,0.03158,0
2.18727,0.02959,0
2.46796,0.01661,0
2.56001,0.01627,0
2.56664,0.01331,0
2.30093,0.03232,0
1.4218,0.00631,0
3.44607,0.00707,0
1.01603,0.00926,0
1.69377,0.02181,0
