"Points:0","Points:1","Points:2"
2.44983,0.01548,0
3.08135,-0.0079,0
2.17279,0.02501,0
2.35195,0.0307,0
1.08928,-0.00444,0
2.60695,0.02344,0
2.87271,0.0107,0
3.97111,-0.03151,0
3.23051,-0.0167,0
1.61547,-0.0084,0
