"Points:0","Points:1","Points:2"
5.63018,0.47637,0
5.52823,0.43042,0
5.57149,0.44171,0
5.69053,0.47356,0
5.81525,0.48194,0
6.11445,0.42638,0
6.24999,0.43279,0
6.19386,0.42234,0
6.5204,0.38781,0
6.73634,0.41362,0
6.66421,0.4043,0
6.89513,0.39873,0
7.15712,0.32397,0
7.11478,0.32281,0
7.31176,0.25957,0
7.31085,0.26302,0
7.50331,0.16852,0
7.34392,0.23197,0
7.59512,0.13891,0
7.62923,0.1423,0
7.94463,0.04319,0
8.14013,-0.0539,0
8.13281,-0.08267,0
