"Points:0","Points:1","Points:2"
3.8437,-0.011,0
2.44983,0.01548,0
1.86859,0.00673,0
2.87258,0.02387,0
2.17279,0.02501,0
1.0917,0.01527,0
3.70949,0.00963,0
3.85116,-0.00346,0
3.5895,0.01216,0
2.28172,0.02383,0
2.56001,0.01627,0
3.51685,0.01447,0
1.96954,0.01695,0
1.01603,0.00926,0
3.24032,0.01757,0
2.55848,0.01598,0
2.24825,0.0164,0
