"Points:0","Points:1","Points:2"
3.01111,-17.7646,0
3.12503,-17.8202,0
3.21982,-17.8268,0
3.36915,-17.853,0
3.51898,-17.8781,0
3.48265,-17.8991,0
3.73198,-17.9579,0
3.94324,-17.9966,0
3.86492,-17.9591,0
4.03591,-17.9509,0
3.91019,-17.9872,0
4.26101,-17.8616,0
4.28761,-17.8667,0
4.28519,-17.8615,0
4.4354,-17.7644,0
4.56529,-17.7745,0
4.70082,-17.7589,0
4.87456,-17.8374,0
5.14684,-17.8554,0
5.25929,-17.8923,0
