"Points:0","Points:1","Points:2"
5.09756,-2.80389,0
4.98257,-2.84039,0
4.65749,-2.90135,0
4.2672,-3.21787,0
4.15289,-3.30435,0
4.25301,-3.2211,0
4.13061,-3.33349,0
3.98328,-3.45713,0
3.85844,-3.51869,0
3.69607,-3.59772,0
3.59509,-3.66154,0
3.51176,-3.67307,0
3.2002,-3.75753,0
3.21318,-3.73785,0
3.20854,-3.74004,0
3.08861,-3.75142,0
3.00335,-3.78243,0
2.91835,-3.80652,0
2.93095,-3.83481,0
2.68612,-3.92231,0
2.70182,-3.91546,0
