"Points:0","Points:1","Points:2"
8.67128,-2.91066,0
8.63832,-2.92073,0
8.66946,-2.90047,0
8.65498,-2.9066,0
8.52753,-2.93253,0
8.37772,-2.94697,0
8.3156,-2.94515,0
8.21995,-2.95922,0
7.89699,-3.03853,0
7.86835,-3.05823,0
8.12837,-3.00925,0
7.62078,-3.12501,0
7.45498,-3.20694,0
7.43827,-3.18934,0
7.34062,-3.26262,0
7.09414,-3.25831,0
7.0007,-3.24512,0
6.98722,-3.24542,0
7.1195,-3.2514,0
6.9046,-3.21387,0
6.63668,-3.13189,0
6.55512,-3.1323,0
