"Points:0","Points:1","Points:2"
1.04397,0.021,0
3.8867,-0.00709,0
3.86,0.00325,0
3.37258,-0.0025,0
3.6386,0.03646,0
3.5895,0.01216,0
2.293,-0.00524,0
3.51685,0.01447,0
2.56664,0.01331,0
2.41414,-0.00094,0
2.99069,0.00234,0
1.96954,0.01695,0
1.95236,0.01441,0
1.01603,0.00926,0
3.40894,0.00905,0
1.58619,-0.00567,0
