"Points:0","Points:1","Points:2"
2.44983,0.01548,0
3.08135,-0.0079,0
2.11721,0.01855,0
3.86,0.00325,0
1.0917,0.01527,0
2.21664,-0.00457,0
3.5895,0.01216,0
3.97111,-0.03151,0
2.56664,0.01331,0
2.41414,-0.00094,0
2.99069,0.00234,0
1.34826,0.01215,0
1.95236,0.01441,0
3.51856,0.01566,0
1.69377,0.02181,0
