"Points:0","Points:1","Points:2"
4.88816,-2.67428,0
4.72356,-2.82994,0
4.70125,-2.8318,0
4.50731,-3.03673,0
4.46372,-3.05778,0
4.28253,-3.28707,0
4.23602,-3.38573,0
4.10985,-3.47638,0
4.22416,-3.39893,0
4.26621,-3.34086,0
3.98076,-3.58053,0
3.51129,-3.69837,0
3.53343,-3.67946,0
3.44062,-3.67474,0
3.30564,-3.65212,0
3.20784,-3.68579,0
2.99098,-3.7359,0
3.13388,-3.70215,0
3.07874,-3.72621,0
2.95093,-3.77372,0
2.6664,-3.94284,0
2.59354,-3.98084,0
2.42228,-4.09096,0
