"Points:0","Points:1","Points:2"
4.41904,-0.28732,0
3.93026,-0.23501,0
3.64055,-0.14794,0
3.70302,-0.17966,0
3.82059,-0.1948,0
3.68489,-0.16214,0
4.02372,-0.2755,0
4.08124,-0.25059,0
4.24213,-0.29776,0
3.85342,-0.21152,0
4.3574,-0.28823,0
3.73471,-0.19532,0
4.88202,-0.24143,0
5.30656,0.00158,0
5.40123,0.03252,0
5.53357,0.05105,0
5.44755,0.03534,0
5.80824,0.16125,0
5.97479,0.13937,0
6.14814,0.15473,0
6.18536,0.14561,0
6.24903,0.14693,0
