"Points:0","Points:1","Points:2"
3.11902,0.00109,0
1.83529,-0.01726,0
3.07172,0.01028,0
2.67924,0.00271,0
1.90008,0.00079,0
2.74153,0.00244,0
2.99986,0.00744,0
3.37476,-0.00449,0
2.5042,-0.01508,0
3.85116,-0.00266,0
1.46569,0.01642,0
1.04721,-0.0193,0
2.64374,-0.00533,0
1.22141,0.008,0
2.14076,-0.01041,0
1.73364,0.011,0
3.34155,-0.00527,0
2.03686,0.00733,0
2.54083,-0.01603,0
1.66416,0.01312,0
3.05558,0.01767,0
3.17124,0.00604,0
