"Points:0","Points:1","Points:2"
4.49615,-0.92363,0
4.02884,-1.45202,0
4.21234,-1.26096,0
4.04626,-1.44863,0
3.25829,-1.98264,0
