"Points:0","Points:1","Points:2"
1.88667,-6.28306,0
1.82958,-6.5126,0
1.81794,-6.49602,0
1.81513,-6.57143,0
1.79992,-6.59494,0
1.84819,-7.05847,0
1.88058,-7.12,0
1.94912,-7.31906,0
2.2238,-7.7027,0
2.23931,-7.79013,0
2.31263,-7.95607,0
2.36808,-8.20557,0
2.3826,-8.25492,0
2.41201,-8.53106,0
2.42508,-8.55432,0
2.4233,-8.52001,0
2.42515,-8.99776,0
