"Points:0","Points:1","Points:2"
3.88488,-0.01092,0
2.44983,0.01548,0
1.50283,0.00435,0
1.04397,0.021,0
1.0917,0.01527,0
2.35195,0.0307,0
2.18727,0.02959,0
1.89915,0.02574,0
3.6386,0.03646,0
2.87271,0.0107,0
2.44907,0.02643,0
1.34826,0.01215,0
3.28641,-0.00622,0
1.89598,0.02178,0
1.01603,0.00926,0
1.69377,0.02181,0
