"Points:0","Points:1","Points:2"
2.42856,0.02296,0
3.73819,0.01587,0
1.50283,0.00435,0
1.04397,0.021,0
3.08135,-0.0079,0
1.86859,0.00673,0
2.87258,0.02387,0
3.22592,0.01456,0
2.21664,-0.00457,0
2.46796,0.01661,0
2.28172,0.02383,0
1.08928,-0.00444,0
3.97111,-0.03151,0
3.44934,0.00504,0
1.96954,0.01695,0
1.95236,0.01441,0
2.55848,0.01598,0
3.40894,0.00905,0
