"Points:0","Points:1","Points:2"
2.49425,-8.72768,0
2.48207,-8.73196,0
2.4598,-8.7271,0
2.5478,-9.01114,0
2.57158,-9.0843,0
2.61279,-9.31392,0
2.57736,-9.16115,0
2.56094,-9.15585,0
2.77785,-9.53245,0
2.91327,-9.63269,0
3.01869,-9.70918,0
3.09215,-9.74883,0
3.17324,-9.84202,0
3.19881,-9.86608,0
3.17955,-9.84481,0
3.2336,-9.9456,0
3.29568,-10.0213,0
3.33216,-10.1785,0
3.41897,-10.5849,0
3.40543,-10.671,0
3.40515,-10.7323,0
3.38894,-10.8477,0
3.3928,-10.7773,0
3.34607,-10.8833,0
3.3457,-10.9381,0
