"Points:0","Points:1","Points:2"
3.95452,-17.8023,0
4.4021,-17.8791,0
4.51031,-17.8559,0
4.79159,-17.8027,0
4.98639,-17.7835,0
5.05868,-17.8186,0
5.24176,-17.8685,0
5.29875,-17.8709,0
5.26333,-17.8494,0
5.67066,-18.0091,0
5.85418,-18.0317,0
6.19404,-18.0321,0
6.208,-18.0388,0
6.39203,-17.9886,0
6.49595,-18.0282,0
