"Points:0","Points:1","Points:2"
3.46015,0.03007,0
2.44983,0.01548,0
1.04397,0.021,0
3.08135,-0.0079,0
2.87258,0.02387,0
1.18655,0.03158,0
2.39056,0.02926,0
2.18727,0.02959,0
3.6386,0.03646,0
1.85806,0.03349,0
1.73111,-0.00039,0
3.84801,0.01036,0
2.293,-0.00524,0
3.51685,0.01447,0
2.99069,0.00234,0
3.44934,0.00504,0
1.05489,0.0344,0
3.65704,0.03826,0
