"Points:0","Points:1","Points:2"
3.8437,-0.011,0
1.04397,0.021,0
3.8867,-0.00709,0
1.86859,0.00673,0
1.0917,0.01527,0
1.89915,0.02574,0
1.52979,0.01768,0
2.56001,0.01627,0
3.97111,-0.03151,0
3.51685,0.01447,0
3.28641,-0.00622,0
3.44607,0.00707,0
2.8802,-0.00344,0
1.01603,0.00926,0
2.5782,0.03118,0
2.55848,0.01598,0
2.24825,0.0164,0
3.40894,0.00905,0
1.48899,0.02754,0
1.69377,0.02181,0
