"Points:0","Points:1","Points:2"
3.92053,-0.07025,0
2.53989,-0.08967,0
3.9871,-0.05796,0
3.95469,-0.0452,0
3.17392,-0.0423,0
2.70288,-0.10616,0
1.87868,-0.04035,0
3.9982,-0.05047,0
3.23057,-0.04498,0
2.29781,-0.02036,0
2.75779,-0.08089,0
3.1723,-0.05177,0
2.9337,-0.08327,0
