"Points:0","Points:1","Points:2"
4.34251,-0.68244,0
3.69071,-1.15385,0
4.2469,0.49017,0
4.32215,-0.69839,0
4.4742,-0.53625,0
4.24685,0.47128,0
3.67271,-1.08291,0
4.27117,0.41906,0
4.42758,-0.60535,0
3.74654,-0.76862,0
4.21461,0.54059,0
4.22534,0.52276,0
3.75772,-1.26335,0
3.79695,-1.30931,0
3.82267,-1.33967,0
3.81769,-1.3212,0
3.81481,-1.32536,0
3.79307,-1.30311,0
3.77842,-1.28337,0
3.7896,-1.32602,0
