"Points:0","Points:1","Points:2"
1.72273,-6.17622,0
1.82081,-6.45743,0
1.73796,-6.23135,0
1.78235,-6.3419,0
1.80051,-6.50123,0
1.83418,-6.5544,0
1.84758,-6.64444,0
1.82613,-6.68201,0
1.82611,-6.71858,0
1.80026,-6.86857,0
1.80818,-6.91976,0
1.83472,-7.02686,0
1.84765,-7.07531,0
1.86506,-7.18793,0
1.83474,-7.11274,0
1.82342,-7.08073,0
2.14242,-7.69221,0
2.08903,-7.62663,0
2.01818,-7.53475,0
2.40372,-8.1967,0
2.39394,-8.35892,0
2.44869,-8.61801,0
2.60734,-8.88384,0
2.5695,-8.83965,0
