"Points:0","Points:1","Points:2"
3.91178,-0.30786,0
3.61373,-0.41706,0
3.49493,-0.9141,0
3.95077,-1.42384,0
3.95755,-1.42145,0
3.80136,-1.47908,0
3.82941,-1.47001,0
4.03401,-1.36354,0
3.94951,-1.40157,0
3.96305,-1.39562,0
3.68695,-1.52038,0
3.60636,-1.54127,0
