"Points:0","Points:1","Points:2"
3.53728,-0.66049,0
3.49701,-0.50843,0
3.69497,-0.43676,0
3.91154,-1.1771,0
3.81601,-1.04065,0
3.93277,-1.29364,0
3.72936,-1.42773,0
