"Points:0","Points:1","Points:2"
5.77228,0.42758,0
6.00587,0.44503,0
6.07086,0.43932,0
6.11588,0.47074,0
6.35258,0.37779,0
6.59531,0.38021,0
6.61018,0.39084,0
6.69166,0.38235,0
6.91197,0.41053,0
7.05618,0.38331,0
7.04939,0.40084,0
7.19532,0.34354,0
7.42655,0.23009,0
7.35307,0.26869,0
7.32555,0.26716,0
7.54786,0.19954,0
7.62923,0.1423,0
7.87491,-0.04202,0
