"Points:0","Points:1","Points:2"
3.22716,0.09461,0
1.57739,0.10597,0
3.69897,-0.15764,0
3.49873,0.09309,0
3.26054,0.11401,0
3.14161,0.06931,0
2.29952,0.03357,0
1.70991,0.08113,0
3.23149,0.11243,0
3.15947,0.06134,0
3.05442,0.01782,0
3.33631,0.14629,0
3.33179,0.13627,0
3.37983,0.1458,0
3.1419,0.07348,0
1.67339,0.09134,0
4.15543,-0.14447,0
4.08815,-0.1414,0
