"Points:0","Points:1","Points:2"
3.73819,0.01587,0
3.8437,-0.011,0
2.44983,0.01548,0
1.04397,0.021,0
1.86859,0.00673,0
2.17279,0.02501,0
3.22592,0.01456,0
3.6386,0.03646,0
2.293,-0.00524,0
2.41414,-0.00094,0
1.89598,0.02178,0
1.4218,0.00631,0
2.72209,-0.00954,0
2.24825,0.0164,0
3.51856,0.01566,0
1.69377,0.02181,0
