"Points:0","Points:1","Points:2"
2.42856,0.02296,0
3.88488,-0.01092,0
3.46015,0.03007,0
1.50283,0.00435,0
3.8867,-0.00709,0
3.40946,0.00752,0
1.0917,0.01527,0
2.04407,0.02469,0
1.85806,0.03349,0
3.84801,0.01036,0
2.56001,0.01627,0
1.89598,0.02178,0
2.55848,0.01598,0
3.40894,0.00905,0
