"Points:0","Points:1","Points:2"
3.70969,-0.4862,0
3.7565,-0.48593,0
3.66732,-0.57108,0
3.60482,-0.89126,0
3.8467,-1.19784,0
3.89648,-1.23432,0
3.70504,-0.50777,0
3.65169,-0.58394,0
3.90481,-1.23428,0
3.63604,-0.74572,0
3.76411,-1.40772,0
3.84742,-1.28838,0
3.85682,-1.27576,0
3.85363,-1.28356,0
3.77494,-1.37425,0
