"Points:0","Points:1","Points:2"
2.67303,-0.06384,0
3.9871,-0.05796,0
1.14614,0.14173,0
3.95469,-0.0452,0
2.61719,-0.06175,0
1.51864,-0.00299,0
1.1243,0.15567,0
1.18621,0.10439,0
3.9982,-0.05047,0
2.08016,-0.04097,0
1.19212,0.09381,0
2.08019,-0.0534,0
2.21875,-0.04768,0
3.49993,-0.00306,0
1.57222,-0.01346,0
2.84768,-0.05739,0
3.69395,-0.01134,0
2.69001,-0.05157,0
2.05362,-0.04161,0
1.83733,-0.04324,0
2.08105,-0.05352,0
1.18564,0.11182,0
3.96902,-0.03885,0
