"Points:0","Points:1","Points:2"
3.61137,-3.52496,0
3.5378,-3.59889,0
3.51326,-3.62433,0
3.32394,-3.74197,0
3.22482,-3.78229,0
3.27492,-3.75621,0
3.21467,-3.79683,0
3.16603,-3.8157,0
2.88309,-4.04328,0
2.86719,-4.05215,0
2.75184,-4.15162,0
2.69948,-4.16955,0
2.51692,-4.26098,0
2.28409,-4.40923,0
2.24098,-4.43018,0
2.14396,-4.60653,0
2.16377,-4.51414,0
2.08351,-4.73659,0
2.1272,-4.61564,0
2.09504,-4.7682,0
2.08817,-4.9246,0
2.07299,-4.88103,0
2.08089,-5.07067,0
2.12399,-5.34203,0
