"Points:0","Points:1","Points:2"
8.19752,-0.05488,0
8.55159,-0.24638,0
8.45262,-0.18104,0
8.56879,-0.23998,0
8.59371,-0.29251,0
8.60656,-0.30161,0
8.62825,-0.30771,0
8.76753,-0.44798,0
8.97987,-1.07434,0
8.98556,-1.13578,0
8.98628,-1.43711,0
9.00016,-1.3961,0
8.90532,-1.94987,0
8.88509,-2.05922,0
8.80469,-2.12033,0
8.89359,-2.04094,0
8.73465,-2.23351,0
8.6072,-2.28643,0
8.63396,-2.27527,0
