"Points:0","Points:1","Points:2"
2.42856,0.02296,0
1.86859,0.00673,0
3.37258,-0.0025,0
2.33996,0.00588,0
1.38987,0.00639,0
3.84801,0.01036,0
2.87271,0.0107,0
2.56664,0.01331,0
2.99069,0.00234,0
2.44907,0.02643,0
3.28641,-0.00622,0
2.8802,-0.00344,0
3.51856,0.01566,0
