"Points:0","Points:1","Points:2"
3.88488,-0.01092,0
1.04397,0.021,0
3.08135,-0.0079,0
1.89915,0.02574,0
3.5895,0.01216,0
1.52979,0.01768,0
2.99069,0.00234,0
2.80845,0.01162,0
1.8738,0.02299,0
1.95236,0.01441,0
3.49339,0.03851,0
2.55848,0.01598,0
3.51856,0.01566,0
