"Points:0","Points:1","Points:2"
2.42856,0.02296,0
1.50283,0.00435,0
2.11721,0.01855,0
3.64247,0.00708,0
2.92171,-0.0109,0
3.86,0.00325,0
2.35195,0.0307,0
2.39056,0.02926,0
2.28172,0.02383,0
3.97111,-0.03151,0
2.44907,0.02643,0
1.8738,0.02299,0
1.96954,0.01695,0
1.89598,0.02178,0
1.4218,0.00631,0
