"Points:0","Points:1","Points:2"
2.71399,-2.16441,0
2.59557,-2.16568,0
2.58063,-2.17729,0
2.68601,-2.15258,0
2.60041,-2.17952,0
2.60508,-2.17474,0
2.50664,-2.19432,0
3.71807,-2.43039,0
3.7165,-2.45675,0
3.72753,-2.48781,0
3.68336,-2.41061,0
3.67587,-2.67892,0
2.38286,-2.76155,0
2.41306,-2.84217,0
