"Points:0","Points:1","Points:2"
3.50413,-1.90389,0
3.52762,-2.10039,0
2.93346,-2.06766,0
2.87468,-2.3368,0
2.91761,-2.26205,0
3.31016,-2.24521,0
3.4054,-2.23123,0
3.35057,-2.27294,0
3.48434,-2.18725,0
3.50006,-2.16747,0
2.83273,-2.414,0
2.79809,-2.43069,0
