"Points:0","Points:1","Points:2"
3.09686,-11.4617,0
3.10071,-11.4583,0
3.04544,-11.7331,0
3.00127,-12.132,0
2.94781,-12.2982,0
2.84348,-12.5577,0
2.64857,-12.7097,0
2.43619,-12.8974,0
2.09056,-13.3627,0
2.07685,-13.3968,0
2.01702,-13.5591,0
