"Points:0","Points:1","Points:2"
5.04868,-0.26828,0
4.99381,-0.30113,0
5.24884,-0.12566,0
5.26563,-0.10077,0
5.12162,-0.22556,0
5.19757,-0.15991,0
5.33813,-0.03603,0
5.40953,0.05655,0
5.47421,0.14007,0
5.49002,0.17837,0
5.53977,0.20523,0
5.61288,0.31877,0
5.58832,0.26551,0
5.57537,0.28027,0
6.29186,0.3945,0
6.49729,0.30608,0
6.35258,0.37779,0
6.3578,0.36904,0
6.93292,0.33791,0
7.05162,0.34568,0
