"Points:0","Points:1","Points:2"
2.3058,-2.21884,0
2.23716,-2.42292,0
2.19725,-2.37372,0
2.23373,-2.47834,0
2.28264,-2.23914,0
2.22012,-2.39908,0
2.21225,-2.48177,0
2.38741,-2.90708,0
