"Points:0","Points:1","Points:2"
4.03692,-0.19484,0
1.87587,0.09094,0
3.92156,-0.14937,0
2.58833,0.03374,0
3.77547,-0.10721,0
1.80172,0.0882,0
2.69213,0.00376,0
4.01115,-0.18363,0
3.09432,0.03072,0
2.46788,0.06923,0
1.93389,0.11434,0
2.35279,0.08204,0
1.75749,0.09612,0
3.0983,0.0292,0
2.59145,0.04145,0
2.2384,0.09412,0
1.80083,0.10282,0
1.87704,0.1099,0
1.93063,0.09477,0
2.5782,0.02398,0
1.9537,0.10085,0
1.77003,0.0813,0
