"Points:0","Points:1","Points:2"
3.60315,0.76526,0
3.71667,-1.20716,0
3.71756,-1.28525,0
3.71214,-1.27405,0
3.72946,-1.26634,0
