"Points:0","Points:1","Points:2"
3.73819,0.01587,0
3.40946,0.00752,0
3.64247,0.00708,0
2.46796,0.01661,0
2.41925,-0.00623,0
3.5895,0.01216,0
2.56664,0.01331,0
3.28641,-0.00622,0
1.89598,0.02178,0
3.44607,0.00707,0
