"Points:0","Points:1","Points:2"
3.67394,0.03859,0
2.44983,0.01548,0
2.11721,0.01855,0
3.37258,-0.0025,0
1.89915,0.02574,0
3.5895,0.01216,0
2.33996,0.00588,0
3.84801,0.01036,0
2.293,-0.00524,0
3.97111,-0.03151,0
2.99069,0.00234,0
1.34826,0.01215,0
1.95236,0.01441,0
2.72209,-0.00954,0
2.8802,-0.00344,0
