"Points:0","Points:1","Points:2"
3.67394,0.03859,0
3.88488,-0.01092,0
3.46015,0.03007,0
1.04397,0.021,0
2.88212,-0.00711,0
1.86859,0.00673,0
2.17279,0.02501,0
2.92171,-0.0109,0
2.46796,0.01661,0
1.38987,0.00639,0
2.293,-0.00524,0
3.97111,-0.03151,0
2.80845,0.01162,0
3.23051,-0.0167,0
2.8802,-0.00344,0
2.24825,0.0164,0
3.51856,0.01566,0
1.48899,0.02754,0
1.69377,0.02181,0
