"Points:0","Points:1","Points:2"
3.67394,0.03859,0
2.44983,0.01548,0
1.50283,0.00435,0
1.04397,0.021,0
2.86088,-0.01201,0
2.92171,-0.0109,0
3.37258,-0.0025,0
2.33996,0.00588,0
1.38987,0.00639,0
2.56001,0.01627,0
2.293,-0.00524,0
3.51685,0.01447,0
1.34826,0.01215,0
1.89598,0.02178,0
2.8802,-0.00344,0
3.40894,0.00905,0
3.51856,0.01566,0
