"Points:0","Points:1","Points:2"
2.42856,0.02296,0
2.44983,0.01548,0
1.50283,0.00435,0
2.11721,0.01855,0
1.86859,0.00673,0
2.96821,0.02347,0
3.37258,-0.0025,0
1.38987,0.00639,0
1.52979,0.01768,0
2.56001,0.01627,0
3.97111,-0.03151,0
2.56664,0.01331,0
1.96954,0.01695,0
3.65704,0.03826,0
2.24825,0.0164,0
3.40894,0.00905,0
