"Points:0","Points:1","Points:2"
2.42856,0.02296,0
3.88488,-0.01092,0
3.40946,0.00752,0
2.88212,-0.00711,0
3.64247,0.00708,0
3.37258,-0.0025,0
2.04407,0.02469,0
1.18655,0.03158,0
2.18727,0.02959,0
1.89915,0.02574,0
2.33996,0.00588,0
2.28172,0.02383,0
2.60695,0.02344,0
2.99069,0.00234,0
3.44934,0.00504,0
3.44607,0.00707,0
1.01603,0.00926,0
2.55848,0.01598,0
