"Points:0","Points:1","Points:2"
3.73819,0.01587,0
1.50283,0.00435,0
3.86,0.00325,0
2.18727,0.02959,0
3.5895,0.01216,0
3.84801,0.01036,0
2.293,-0.00524,0
3.44934,0.00504,0
2.80845,0.01162,0
1.96954,0.01695,0
3.44607,0.00707,0
1.01603,0.00926,0
