"Points:0","Points:1","Points:2"
2.97915,-1.514,0
2.9532,-1.54999,0
2.87879,-1.88711,0
3.25943,-2.37658,0
2.6433,-2.41646,0
2.55323,-2.42006,0
2.47774,-2.45967,0
2.45092,-2.51934,0
2.48188,-2.63613,0
2.4875,-2.64619,0
2.48519,-2.63132,0
2.49376,-2.64716,0
