"Points:0","Points:1","Points:2"
2.42856,0.02296,0
3.40946,0.00752,0
2.88212,-0.00711,0
2.21664,-0.00457,0
2.04407,0.02469,0
2.39056,0.02926,0
3.84801,0.01036,0
1.52979,0.01768,0
2.44907,0.02643,0
1.34826,0.01215,0
1.89598,0.02178,0
1.4218,0.00631,0
3.44607,0.00707,0
2.72209,-0.00954,0
3.51856,0.01566,0
1.69377,0.02181,0
