"Points:0","Points:1","Points:2"
3.51691,0.7998,0
3.45672,0.80242,0
3.50669,0.79398,0
3.86332,0.59634,0
3.38314,0.82861,0
3.70748,-1.28539,0
