"Points:0","Points:1","Points:2"
2.87258,0.02387,0
3.70949,0.00963,0
2.18727,0.02959,0
3.5895,0.01216,0
1.52979,0.01768,0
1.89598,0.02178,0
1.4218,0.00631,0
3.44607,0.00707,0
2.55848,0.01598,0
3.40894,0.00905,0
