"Points:0","Points:1","Points:2"
2.42856,0.02296,0
3.64247,0.00708,0
3.86,0.00325,0
2.04407,0.02469,0
3.6386,0.03646,0
3.5895,0.01216,0
2.28172,0.02383,0
1.52979,0.01768,0
3.97111,-0.03151,0
3.51685,0.01447,0
2.56664,0.01331,0
3.44934,0.00504,0
1.05489,0.0344,0
1.96954,0.01695,0
2.30093,0.03232,0
3.44607,0.00707,0
1.48899,0.02754,0
1.69377,0.02181,0
