"Points:0","Points:1","Points:2"
6.54245,-3.18054,0
6.27361,-3.15433,0
6.38641,-3.15407,0
5.84452,-3.2227,0
5.55961,-3.11845,0
5.55206,-3.12861,0
5.41478,-3.08124,0
5.36352,-3.04291,0
5.15977,-2.95306,0
5.12444,-2.94183,0
5.07152,-2.94536,0
5.08676,-2.95188,0
5.06237,-2.94129,0
4.85931,-2.98743,0
4.807,-2.99709,0
4.52459,-3.04401,0
4.51175,-3.04511,0
4.36112,-3.11621,0
4.19464,-3.18034,0
4.12291,-3.19018,0
4.06727,-3.19372,0
3.96709,-3.20601,0
