"Points:0","Points:1","Points:2"
3.73819,0.01587,0
1.50283,0.00435,0
2.88212,-0.00711,0
2.11721,0.01855,0
1.86859,0.00673,0
1.0917,0.01527,0
3.5895,0.01216,0
1.38987,0.00639,0
1.73111,-0.00039,0
3.84801,0.01036,0
3.51685,0.01447,0
2.30093,0.03232,0
2.8802,-0.00344,0
1.01603,0.00926,0
