"Points:0","Points:1","Points:2"
3.23082,-1.3539,0
3.53942,-2.27633,0
2.92456,-2.41473,0
2.96067,-2.38728,0
2.94694,-2.42378,0
2.94102,-2.39671,0
2.9545,-2.38371,0
2.83767,-2.50178,0
2.84042,-2.50714,0
2.7998,-2.52698,0
2.79635,-2.52092,0
