"Points:0","Points:1","Points:2"
3.5895,0.01216,0
1.38987,0.00639,0
1.08928,-0.00444,0
1.52979,0.01768,0
2.87271,0.0107,0
3.51685,0.01447,0
3.44934,0.00504,0
2.80845,0.01162,0
1.8738,0.02299,0
