"Points:0","Points:1","Points:2"
6.6949,-3.21207,0
6.27365,-3.01455,0
6.1647,-3.00971,0
6.17127,-3.00822,0
6.10435,-3.01206,0
6.04948,-3.03192,0
5.94109,-3.08129,0
5.89078,-3.08628,0
5.63663,-3.09611,0
5.42006,-3.00843,0
5.42639,-3.01005,0
5.39517,-3.02645,0
5.11396,-2.94578,0
5.02515,-2.9167,0
4.90987,-2.89669,0
4.61023,-2.96183,0
4.56889,-3.00098,0
4.6935,-2.9399,0
4.75452,-2.9032,0
4.78273,-2.91649,0
4.51175,-3.04511,0
4.45618,-3.04994,0
4.37833,-3.0937,0
4.30915,-3.13767,0
