"Points:0","Points:1","Points:2"
4.06451,-0.5558,0
4.05457,-0.60774,0
4.06629,0.2884,0
4.0453,-0.68337,0
4.00424,0.30452,0
3.08365,-0.57471,0
3.41367,0.3876,0
4.04443,-0.58872,0
4.28656,0.0171,0
4.02709,-0.67087,0
4.06663,-0.53342,0
3.09512,-0.47946,0
4.03076,-0.66555,0
4.0851,-0.5029,0
3.42109,0.39062,0
3.93992,0.34341,0
