"Points:0","Points:1","Points:2"
1.04397,0.021,0
2.11721,0.01855,0
1.86859,0.00673,0
2.21664,-0.00457,0
1.18655,0.03158,0
2.46796,0.01661,0
2.60695,0.02344,0
2.56664,0.01331,0
2.41414,-0.00094,0
1.89598,0.02178,0
3.44607,0.00707,0
3.65704,0.03826,0
