"Points:0","Points:1","Points:2"
2.35195,0.0307,0
3.37258,-0.0025,0
2.18727,0.02959,0
3.5895,0.01216,0
2.56001,0.01627,0
1.34826,0.01215,0
1.8738,0.02299,0
3.28641,-0.00622,0
2.24825,0.0164,0
3.40894,0.00905,0
1.69377,0.02181,0
