"Points:0","Points:1","Points:2"
2.42856,0.02296,0
1.50283,0.00435,0
3.64247,0.00708,0
2.92171,-0.0109,0
1.0917,0.01527,0
2.35195,0.0307,0
3.37258,-0.0025,0
1.18655,0.03158,0
2.39056,0.02926,0
3.6386,0.03646,0
2.28172,0.02383,0
3.97111,-0.03151,0
2.99069,0.00234,0
1.8738,0.02299,0
1.95236,0.01441,0
2.30093,0.03232,0
1.4218,0.00631,0
1.58619,-0.00567,0
