"Points:0","Points:1","Points:2"
3.08135,-0.0079,0
3.40946,0.00752,0
2.88212,-0.00711,0
2.11721,0.01855,0
2.92171,-0.0109,0
3.86,0.00325,0
2.28172,0.02383,0
2.56001,0.01627,0
2.41414,-0.00094,0
2.44907,0.02643,0
1.8738,0.02299,0
1.96954,0.01695,0
1.01603,0.00926,0
3.40894,0.00905,0
3.51856,0.01566,0
1.69377,0.02181,0
