"Points:0","Points:1","Points:2"
3.5467,0.26585,0
3.49268,0.29781,0
3.44661,0.26832,0
3.73132,0.05703,0
4.14148,-0.26426,0
3.77542,0.0504,0
3.73524,0.04309,0
3.74109,0.08049,0
3.28334,0.05799,0
3.768,0.03445,0
3.39531,0.2136,0
3.43724,0.26571,0
3.60998,0.18386,0
3.36772,0.17778,0
