"Points:0","Points:1","Points:2"
3.08135,-0.0079,0
3.40946,0.00752,0
3.64247,0.00708,0
1.0917,0.01527,0
2.04407,0.02469,0
2.41925,-0.00623,0
2.28172,0.02383,0
3.84801,0.01036,0
2.56001,0.01627,0
2.99069,0.00234,0
3.44934,0.00504,0
1.69377,0.02181,0
