"Points:0","Points:1","Points:2"
3.67394,0.03859,0
3.88488,-0.01092,0
1.0917,0.01527,0
2.39056,0.02926,0
1.38987,0.00639,0
2.60695,0.02344,0
3.84801,0.01036,0
1.52979,0.01768,0
3.44934,0.00504,0
2.44907,0.02643,0
2.80845,0.01162,0
1.96954,0.01695,0
1.95236,0.01441,0
2.30093,0.03232,0
1.01603,0.00926,0
2.55848,0.01598,0
2.28276,0.03347,0
1.58619,-0.00567,0
