"Points:0","Points:1","Points:2"
3.67394,0.03859,0
3.73819,0.01587,0
3.08135,-0.0079,0
3.40946,0.00752,0
1.0917,0.01527,0
3.37258,-0.0025,0
1.89915,0.02574,0
1.08928,-0.00444,0
2.80845,0.01162,0
2.30093,0.03232,0
2.24825,0.0164,0
3.40894,0.00905,0
1.48899,0.02754,0
