"Points:0","Points:1","Points:2"
3.17047,-1.33801,0
3.175,-1.33974,0
3.09868,-1.47198,0
3.04768,-1.55168,0
3.11629,-1.48801,0
3.1138,-1.49341,0
3.30583,-2.37315,0
3.31977,-2.36926,0
3.25887,-2.52337,0
3.29199,-2.40526,0
3.26394,-2.49715,0
3.27677,-2.48293,0
2.75076,-2.4544,0
2.60939,-2.46193,0
2.51584,-2.54518,0
2.48188,-2.63613,0
2.4875,-2.64619,0
2.48519,-2.63132,0
2.49376,-2.64716,0
