"Points:0","Points:1","Points:2"
2.18759,-15.7499,0
2.2088,-15.7187,0
2.13567,-15.7814,0
2.07358,-15.8804,0
2.02275,-15.9545,0
1.91153,-16.1283,0
1.91606,-16.4545,0
2.19571,-17.0222,0
2.41707,-17.4319,0
2.43793,-17.4698,0
2.77664,-17.669,0
3.05627,-17.7425,0
2.86755,-17.6991,0
2.98643,-17.7324,0
2.8124,-17.6868,0
3.26147,-17.8484,0
3.21982,-17.8268,0
3.22949,-17.8254,0
