"Points:0","Points:1","Points:2"
4.43773,-1.21578,0
4.62276,-0.49694,0
4.62985,-0.60076,0
4.62787,-0.62022,0
4.62803,-0.48069,0
4.63379,-0.49259,0
4.6378,-0.48073,0
4.34078,-1.33017,0
4.26209,-1.39625,0
4.39036,-1.2816,0
4.35577,-1.31628,0
3.55784,-1.50715,0
3.41259,-1.89456,0
3.25601,-2.13383,0
3.21186,-2.09716,0
3.33757,-2.12573,0
3.06366,-2.16245,0
3.06424,-2.13142,0
3.04368,-2.17841,0
3.10526,-2.05866,0
3.32009,-2.17503,0
