"Points:0","Points:1","Points:2"
4.10405,-0.71378,0
3.99667,-0.84151,0
4.09718,0.54317,0
4.32663,-0.02765,0
4.28964,-0.14426,0
4.19816,0.41503,0
3.43339,0.56535,0
3.99457,0.61139,0
3.22318,0.50997,0
4.32339,-0.07168,0
4.06669,-0.73152,0
3.52953,0.58942,0
4.07566,-0.70711,0
3.03346,0.39019,0
3.17158,0.48054,0
4.18405,0.48707,0
3.4387,0.55863,0
3.90928,0.6517,0
3.38719,0.57751,0
4.25873,-0.2533,0
3.95434,0.64375,0
4.33838,-0.05616,0
3.81555,0.61769,0
4.24925,0.34954,0
