"Points:0","Points:1","Points:2"
4.35549,-1.06409,0
4.41693,-0.75946,0
4.32352,-1.10103,0
3.41126,-0.9276,0
4.27126,-1.15927,0
3.41119,-1.80904,0
3.32196,-1.84126,0
3.29485,-1.85875,0
3.29032,-1.84459,0
