"Points:0","Points:1","Points:2"
3.88488,-0.01092,0
2.11721,0.01855,0
1.86859,0.00673,0
3.64247,0.00708,0
2.92171,-0.0109,0
3.86,0.00325,0
1.89915,0.02574,0
2.46796,0.01661,0
2.28172,0.02383,0
1.08928,-0.00444,0
3.97111,-0.03151,0
3.51685,0.01447,0
2.80845,0.01162,0
3.28641,-0.00622,0
1.89598,0.02178,0
3.44607,0.00707,0
2.55848,0.01598,0
3.51856,0.01566,0
