"Points:0","Points:1","Points:2"
4.06451,-0.5558,0
4.36432,-0.13467,0
3.66949,0.47622,0
4.05457,-0.60774,0
4.30416,-0.01364,0
4.0453,-0.68337,0
4.33795,-0.26192,0
4.08905,0.34457,0
4.04443,-0.58872,0
3.85311,0.45544,0
4.02709,-0.67087,0
4.24076,-0.42391,0
4.06663,-0.53342,0
4.03076,-0.66555,0
3.98923,0.42172,0
4.34989,-0.26849,0
