"Points:0","Points:1","Points:2"
2.42856,0.02296,0
3.73819,0.01587,0
3.8437,-0.011,0
3.08135,-0.0079,0
3.40946,0.00752,0
1.18655,0.03158,0
1.85806,0.03349,0
2.56001,0.01627,0
2.99069,0.00234,0
2.44907,0.02643,0
1.8738,0.02299,0
2.72209,-0.00954,0
1.01603,0.00926,0
3.65704,0.03826,0
1.58619,-0.00567,0
1.69377,0.02181,0
