"Points:0","Points:1","Points:2"
2.63525,-2.18537,0
2.59747,-2.19772,0
2.70829,-2.20736,0
2.71977,-2.22772,0
2.45781,-2.21335,0
2.42083,-2.2974,0
2.4075,-2.31619,0
2.38678,-2.40938,0
2.38043,-2.41029,0
2.37444,-2.70301,0
2.4175,-2.77045,0
2.43781,-2.82366,0
2.45288,-2.85355,0
