"Points:0","Points:1","Points:2"
1.50283,0.00435,0
2.92171,-0.0109,0
1.0917,0.01527,0
2.04407,0.02469,0
3.85116,-0.00346,0
2.97761,0.02051,0
2.18727,0.02959,0
2.46796,0.01661,0
3.6386,0.03646,0
2.33996,0.00588,0
1.85806,0.03349,0
1.08928,-0.00444,0
2.60695,0.02344,0
3.84801,0.01036,0
1.95236,0.01441,0
1.89598,0.02178,0
1.4218,0.00631,0
3.40894,0.00905,0
