"Points:0","Points:1","Points:2"
1.04397,0.021,0
3.08135,-0.0079,0
1.86859,0.00673,0
3.86,0.00325,0
1.0917,0.01527,0
2.21664,-0.00457,0
1.18655,0.03158,0
1.89915,0.02574,0
3.6386,0.03646,0
3.5895,0.01216,0
2.28172,0.02383,0
1.52979,0.01768,0
2.87271,0.0107,0
3.97111,-0.03151,0
2.41414,-0.00094,0
2.99069,0.00234,0
3.44934,0.00504,0
1.4218,0.00631,0
3.65704,0.03826,0
