"Points:0","Points:1","Points:2"
3.60768,-1.03218,0
3.63672,-0.79022,0
4.43016,-0.66539,0
3.59357,-1.01648,0
3.74312,-0.70747,0
3.74557,-0.71081,0
3.68676,-1.20566,0
3.71472,-0.72299,0
3.60617,-0.96949,0
3.66193,-1.14018,0
3.69171,-1.19238,0
3.79695,-1.30931,0
3.82267,-1.33967,0
3.81769,-1.3212,0
3.81481,-1.32536,0
3.86411,-1.35405,0
3.79307,-1.30311,0
3.77842,-1.28337,0
