"Points:0","Points:1","Points:2"
7.32467,0.21401,0
7.55526,0.18528,0
7.52364,0.17956,0
7.71382,0.17104,0
7.70937,0.18237,0
7.78727,0.17058,0
7.66338,0.16531,0
7.66588,0.17492,0
8.00284,0.15123,0
8.14263,0.13579,0
8.55587,-0.22818,0
8.45555,-0.06756,0
8.75196,-0.72181,0
8.70775,-0.62035,0
8.7388,-0.74891,0
8.76518,-0.76739,0
8.84435,-1.02824,0
8.88539,-1.1105,0
8.87254,-1.15675,0
8.91676,-1.25534,0
8.93117,-1.29838,0
8.96215,-1.52072,0
8.97803,-1.57939,0
9.01889,-1.75655,0
