"Points:0","Points:1","Points:2"
2.79805,-1.84192,0
2.78299,-1.84795,0
2.88895,-1.73402,0
3.16374,-2.26835,0
3.13682,-2.2682,0
3.1482,-2.38268,0
3.1691,-2.38846,0
3.14167,-2.45185,0
3.11241,-2.46052,0
3.02441,-2.51118,0
3.01778,-2.52132,0
2.94976,-2.51669,0
3.04216,-2.53078,0
2.62841,-2.56439,0
2.62253,-2.55061,0
2.61152,-2.57335,0
