"Points:0","Points:1","Points:2"
2.97947,-0.1702,0
3.90959,-0.0792,0
3.31169,0.12714,0
3.49645,0.26573,0
3.08931,-0.11797,0
2.62837,-0.10263,0
4.27344,-0.20793,0
2.4737,-0.02122,0
2.10971,0.01087,0
3.14645,-0.0981,0
2.9233,-0.2134,0
3.14875,-0.07486,0
3.68627,0.10359,0
2.8734,-0.17652,0
4.11295,-0.27315,0
2.19241,0.01495,0
3.39075,0.20621,0
2.2247,0.03599,0
3.38696,0.22477,0
4.14293,-0.17569,0
2.42973,-0.00673,0
