"Points:0","Points:1","Points:2"
3.46015,0.03007,0
3.40946,0.00752,0
2.88212,-0.00711,0
2.86088,-0.01201,0
2.35195,0.0307,0
3.85116,-0.00346,0
1.18655,0.03158,0
2.39056,0.02926,0
2.46796,0.01661,0
3.6386,0.03646,0
2.56664,0.01331,0
1.95236,0.01441,0
2.5782,0.03118,0
1.69377,0.02181,0
