"Points:0","Points:1","Points:2"
3.73819,0.01587,0
2.88212,-0.00711,0
2.11721,0.01855,0
3.22592,0.01456,0
3.86,0.00325,0
2.04407,0.02469,0
2.41925,-0.00623,0
3.84801,0.01036,0
1.52979,0.01768,0
3.97111,-0.03151,0
3.51685,0.01447,0
3.44934,0.00504,0
1.34826,0.01215,0
1.8738,0.02299,0
2.30093,0.03232,0
3.40894,0.00905,0
1.58619,-0.00567,0
