"Points:0","Points:1","Points:2"
4.1791,-0.21226,0
4.1893,-0.17302,0
3.44134,0.19786,0
4.14148,-0.26426,0
4.17748,-0.20215,0
4.09319,-0.32822,0
3.33949,0.252,0
3.11792,0.05288,0
4.17995,-0.1859,0
3.37971,0.22399,0
4.19299,-0.17739,0
2.52768,0.02669,0
