"Points:0","Points:1","Points:2"
3.73819,0.01587,0
2.44983,0.01548,0
2.17279,0.02501,0
2.35195,0.0307,0
3.37258,-0.0025,0
2.04407,0.02469,0
2.46796,0.01661,0
3.5895,0.01216,0
2.33996,0.00588,0
3.84801,0.01036,0
3.51685,0.01447,0
2.99069,0.00234,0
2.44907,0.02643,0
1.34826,0.01215,0
1.4218,0.00631,0
