"Points:0","Points:1","Points:2"
2.28933,-7.49022,0
2.26908,-7.50968,0
2.24479,-8.30952,0
2.41265,-8.68147,0
2.48841,-8.76109,0
2.45712,-8.73676,0
2.46058,-8.73867,0
2.51323,-8.81477,0
2.6266,-8.95401,0
2.82843,-9.1931,0
2.87559,-9.23418,0
2.92605,-9.32611,0
2.97142,-9.34242,0
3.07732,-9.55163,0
3.05987,-9.52237,0
3.0619,-9.46974,0
3.21599,-9.94173,0
3.19448,-9.9106,0
3.2418,-10.1349,0
3.23939,-10.1178,0
