"Points:0","Points:1","Points:2"
3.73819,0.01587,0
3.8437,-0.011,0
1.04397,0.021,0
2.11721,0.01855,0
2.17279,0.02501,0
2.35195,0.0307,0
3.37258,-0.0025,0
2.94454,-0.01732,0
1.6163,-0.00706,0
2.56664,0.01331,0
2.80845,0.01162,0
3.23051,-0.0167,0
1.8738,0.02299,0
1.05489,0.0344,0
1.95236,0.01441,0
1.89598,0.02178,0
2.5782,0.03118,0
2.55848,0.01598,0
3.51856,0.01566,0
