"Points:0","Points:1","Points:2"
7.79064,-3.14423,0
7.60533,-3.18652,0
7.09501,-3.30132,0
6.79776,-3.22845,0
6.5014,-3.11428,0
6.55415,-3.13306,0
6.38529,-3.07381,0
6.27429,-3.04294,0
6.46598,-3.08289,0
5.96697,-3.08513,0
5.89833,-3.07897,0
5.80055,-3.08298,0
5.92253,-3.07509,0
5.81788,-3.09511,0
5.94099,-3.08017,0
5.73712,-3.05887,0
5.79391,-3.08653,0
5.52531,-3.00912,0
5.53526,-3.01864,0
5.48114,-3.0254,0
5.2523,-2.98566,0
5.32301,-3.01012,0
5.05795,-2.98142,0
4.9971,-2.98137,0
