"Points:0","Points:1","Points:2"
1.89868,-16.4851,0
1.9026,-16.4713,0
2.16922,-16.8783,0
2.2998,-17.0747,0
2.30923,-17.077,0
2.39244,-17.2025,0
2.44155,-17.2854,0
2.50836,-17.3748,0
2.56296,-17.4877,0
2.64745,-17.5551,0
2.62551,-17.5562,0
2.71169,-17.6775,0
2.76737,-17.6856,0
3.19809,-17.8433,0
3.32382,-17.8775,0
3.88774,-17.9779,0
3.93075,-17.9961,0
