"Points:0","Points:1","Points:2"
10.3212,-2.91098,0.00027
10.0712,-2.90985,0.00105
9.82128,-2.91385,0.00189
9.57154,-2.92532,0.00243
9.32421,-2.88893,0.00244
9.07713,-2.8508,0.00309
8.828,-2.83025,0
8.57801,-2.83229,0.0019
8.33734,-2.89991,1e-05
8.14889,-2.73564,0
7.97005,-2.56095,0.0008
7.75761,-2.42994,0.01524
7.54149,-2.3084,0.04714
