"Points:0","Points:1","Points:2"
12.6525,-19.7341,0.00738
12.6448,-19.4843,3e-05
12.6466,-19.2343,0.00208
12.693,-18.9887,0.001
12.7339,-18.7421,0.00403
12.7865,-18.4977,0.00145
12.8033,-18.2482,0.00398
12.916,-18.0251,0.00376
13.0282,-17.8017,1e-05
13.0191,-17.5519,0.00241
12.9782,-17.3053,1e-05
12.943,-17.0581,0.01317
12.9201,-16.8093,0.00669
