"Points:0","Points:1","Points:2"
5.3387,0.55644,0.00423
5.09162,0.59435,0.00069
4.846,0.64092,0
4.59603,0.63698,0
4.34607,0.63331,0.00285
4.10107,0.58379,0.00781
3.85248,0.55837,0.00044
3.62877,0.44678,0.00234
3.41128,0.32354,0
3.20182,0.18717,0.00569
3.04123,-0.00439,0.00972
2.91712,-0.21091,0.07637
2.74914,-0.39348,0.10729
