"Points:0","Points:1","Points:2"
13.5742,-4.50806,0.01582
13.397,-4.33219,0.00178
13.2118,-4.16431,0.00295
13.0402,-3.98254,0.00421
12.8357,-3.83879,2e-05
12.6101,-3.7311,1e-05
12.4322,-3.55543,0.00219
12.1988,-3.46595,1e-05
11.9639,-3.38052,0.00554
11.719,-3.33027,2e-05
11.4747,-3.27798,0.00693
11.2267,-3.24638,0.00463
10.9826,-3.19253,1e-05
