"Points:0","Points:1","Points:2"
8.3973,-2.93464,0.00727
8.20607,-2.77367,0.01146
8.0215,-2.60543,0
7.89458,-2.39006,0.00292
7.71883,-2.21229,0
7.5307,-2.04768,0.00288
7.40161,-1.83359,0.00117
7.36119,-1.58688,0.00146
7.29897,-1.34491,0.01051
7.26482,-1.09745,0.00075
7.18103,-0.86191,0
7.07086,-0.63749,0.00116
6.96903,-0.40921,0.00548
