"Points:0","Points:1","Points:2"
12.7612,-3.80921,0.00335
12.5233,-3.73252,0
12.3089,-3.60393,0.00269
12.0818,-3.49943,0.00349
11.8784,-3.35491,0.01843
11.6687,-3.21876,0.01515
11.4192,-3.22186,0.00085
11.1711,-3.25254,0.00351
10.9242,-3.21291,0.00393
10.6953,-3.11256,0.00089
10.5379,-2.91834,0
10.3596,-2.74306,0.00081
10.1812,-2.5679,0.00329
