"Points:0","Points:1","Points:2"
11.9129,-15.414,0.03395
11.9808,-15.1749,0.00695
12.0531,-14.9357,0.00083
12.088,-14.6881,0.00105
12.1331,-14.4422,0.00188
12.1539,-14.1931,1e-05
12.2438,-13.9598,0.00233
12.4154,-13.778,0.00234
12.6103,-13.6215,0.00019
12.7992,-13.4577,0.00019
12.9735,-13.2792,0.01599
13.1814,-13.1409,0.00275
13.3466,-12.9533,0.00087
