"Points:0","Points:1","Points:2"
15.6359,-6.23909,0
15.6085,-5.99064,0.00404
15.5897,-5.74138,0
15.5218,-5.50077,0.00258
15.4265,-5.26967,0
15.311,-5.04798,0.00045
15.0938,-4.92415,3e-05
14.8576,-4.84224,0.00334
14.6598,-4.68934,0.00344
14.4211,-4.61527,2e-05
14.1821,-4.54177,0.00174
13.9373,-4.49101,1e-05
13.6883,-4.50892,0.01255
