"Points:0","Points:1","Points:2"
3.18978,0.23104,0
2.97862,0.09752,0.00932
2.7331,0.05127,0.00053
2.48459,0.02404,0.00205
2.23535,0.04348,0.00047
1.98906,0.0864,0.00136
1.73912,0.08095,0.00062
1.48924,0.07348,0.00019
1.24098,0.04419,0.00331
0.99291,0.0133,4e-05
0.74747,-0.03413,0.00254
0.49784,-0.02054,0.0042
0.24883,0.00136,0.00068
