"Points:0","Points:1","Points:2"
16.3363,-8.45719,0.00132
16.1881,-8.25589,0.00304
16.0763,-8.03227,6e-05
15.982,-7.80074,6e-05
15.8779,-7.57355,0.00674
15.7696,-7.34824,0.00569
15.7241,-7.10247,7e-05
15.6048,-6.88275,0
15.5558,-6.63762,2e-05
15.5356,-6.38845,0.00314
15.576,-6.14181,0.00954
15.6103,-5.89429,0.00178
15.6256,-5.64477,0.00362
