"Points:0","Points:1","Points:2"
7.25774,-1.1495,0.02123
7.15645,-0.92155,0.00464
7.06982,-0.68705,0.0019
6.94124,-0.47266,0.00263
6.82568,-0.25097,0.00045
6.69369,-0.03868,0.00321
6.48056,0.09196,4e-05
6.24629,0.17924,0.0003
6.02597,0.29738,0.00074
5.77675,0.31711,0.00141
5.53245,0.37009,0.00485
5.28346,0.39179,0.01046
5.03434,0.41252,0.00763
