"Points:0","Points:1","Points:2"
12.8497,-3.79838,0.00127
12.6084,-3.73321,0.0004
12.3746,-3.6446,1e-05
12.1342,-3.57629,0.00441
11.9317,-3.42971,0.00064
11.7368,-3.27306,0.00128
11.4949,-3.21023,0
11.2473,-3.24504,0.00188
10.9981,-3.26514,0.00347
10.7932,-3.12205,0.00034
10.6063,-2.95599,0.00429
10.4194,-2.78999,0.00266
10.178,-2.72482,0.0013
