"Points:0","Points:1","Points:2"
15.6835,-7.34917,0.00529
15.6835,-7.09918,0.00427
15.7086,-6.85047,0.00024
15.6933,-6.60094,0.00224
15.6713,-6.35192,2e-05
15.7129,-6.10539,0.00035
15.6748,-5.85833,0.00413
15.6154,-5.61552,8e-05
15.5191,-5.38482,6e-05
15.4104,-5.15968,0.00012
15.2887,-4.94132,0.00067
15.0772,-4.80812,0.00162
14.9119,-4.62051,1e-05
