"Points:0","Points:1","Points:2"
8.14003,-2.60001,0.01512
7.93708,-2.45482,0
7.72086,-2.32933,0
7.54819,-2.14857,0.00342
7.42464,-1.93126,0
7.3536,-1.69156,0.00026
7.28392,-1.45147,1e-05
7.17773,-1.2252,0.0049
7.0821,-0.99421,0.00372
7.05343,-0.74589,0
6.93187,-0.52744,0.00145
6.74587,-0.36041,0
6.53173,-0.23175,0.0097
