"Points:0","Points:1","Points:2"
12.39,-17.0163,0
12.3055,-16.781,2e-05
12.2603,-16.5354,0.01177
12.2362,-16.2868,0.00038
12.2105,-16.0382,0.00365
12.175,-15.7907,0.00221
12.1484,-15.5421,0.00027
12.1679,-15.2929,2e-05
12.1337,-15.0453,0.00338
12.1799,-14.7996,0.00213
12.2044,-14.5508,2e-05
12.1661,-14.3038,0.00453
12.067,-14.0743,1e-05
