"Points:0","Points:1","Points:2"
12.5771,-20.3387,0.00281
12.5242,-20.0943,0.00113
12.49,-19.8481,0.02741
12.4726,-19.5987,0.02209
12.4614,-19.3496,0.00458
12.4817,-19.1005,0.0008
12.5837,-18.8722,0.00499
12.6804,-18.6418,0.00025
12.8106,-18.4284,0.0007
12.9331,-18.2105,0.00381
13.0162,-17.9747,0.00276
13.0845,-17.7342,0.00099
13.1429,-17.4912,0.00686
