"Points:0","Points:1","Points:2"
12.9296,-17.3191,1e-05
12.7313,-17.167,0.00102
12.526,-17.0248,0.01375
12.3896,-16.8156,0.00129
12.2829,-16.5896,1e-05
12.2087,-16.3508,0.00156
12.2205,-16.1011,0.00437
12.1785,-15.8549,0.01503
12.123,-15.6115,0.00169
12.1236,-15.3615,0
12.0784,-15.1157,0.00246
12.0291,-14.8716,0.02513
12.0127,-14.635,0.1042
