"Points:0","Points:1","Points:2"
5.56626,0.36976,0.00074
5.33638,0.46801,0.00116
5.11118,0.57656,7e-05
4.86494,0.61974,0.00013
4.62425,0.68736,1e-05
4.37712,0.72513,0.00056
4.1287,0.69722,0.00349
3.88161,0.65926,0.00185
3.65343,0.5571,0.00174
3.46039,0.39826,0
3.2894,0.21598,0.00616
3.10211,0.0505,0
2.89422,-0.0879,0.01131
