"Points:0","Points:1","Points:2"
11.9588,-15.7542,0.00315
11.9353,-15.5054,6e-05
12.0079,-15.2662,0.00082
12.0247,-15.0167,3e-05
12.0686,-14.7706,0.00012
12.0695,-14.5206,0.00264
12.1279,-14.2776,0.00097
12.2049,-14.0397,0.00164
12.3168,-13.8162,0.00154
12.4958,-13.6416,0.00112
12.6803,-13.4729,0.00274
12.8683,-13.3082,0.00339
13.0918,-13.1961,0.00124
