"Points:0","Points:1","Points:2"
13.5192,-12.6346,0.13822
13.7389,-12.5275,0.08575
13.966,-12.4333,0.04091
14.1911,-12.33,0.00621
14.3945,-12.1848,0
14.557,-11.9949,0.00044
14.6943,-11.7859,0.00023
14.8044,-11.5616,0.00599
14.9605,-11.3668,0.01992
15.1406,-11.1944,0.00183
15.3155,-11.0157,0.00298
15.5079,-10.8613,0.0434
15.659,-10.6714,0.10331
