"Points:0","Points:1","Points:2"
12.1516,-14.8362,0.00153
12.1835,-14.5883,0.00525
12.2307,-14.3428,0.0041
12.3284,-14.1127,1e-05
12.422,-13.8809,0.00211
12.4804,-13.6378,0.001
12.6548,-13.4587,0.00435
12.8801,-13.3503,0.00129
13.1251,-13.3006,0.00094
13.3455,-13.1826,0
13.5688,-13.0701,0.00053
13.8051,-12.9888,2e-05
14.055,-12.9823,0.0044
