"Points:0","Points:1","Points:2"
14.2581,-12.2343,0.00703
14.4196,-12.0435,5e-05
14.5465,-11.8281,0.00203
14.7118,-11.6406,0.00245
14.8699,-11.4469,0.00454
15.0071,-11.238,0.00263
15.1438,-11.0287,0.00636
15.3614,-10.9057,0.00116
15.5906,-10.8062,0.00559
15.7921,-10.6582,2e-05
15.8319,-10.4114,0.00324
15.9237,-10.1789,0.00027
16.0453,-9.96046,0.00282
