"Points:0","Points:1","Points:2"
5.49201,0.37215,0.00891
5.27405,0.49427,0.00019
5.04556,0.59573,0
4.80189,0.65162,0.0019
4.55399,0.68384,1e-05
4.30406,0.67796,0.002
4.05569,0.70631,1e-05
3.82022,0.62242,0.00413
3.62921,0.46114,0.00225
3.44272,0.29463,0.0034
3.24491,0.14195,0.01087
3.04196,-0.00382,0.00286
2.88417,-0.19771,0
