"Points:0","Points:1","Points:2"
10.7718,-2.65179,0.01411
10.5494,-2.76553,0.00482
10.3263,-2.87826,0.00166
10.0766,-2.89024,1e-05
9.836,-2.82225,3e-05
9.58628,-2.81139,0.00424
9.33681,-2.82722,2e-05
9.08856,-2.85669,0
8.83859,-2.85881,0.00311
8.59395,-2.91024,0
8.35532,-2.83571,0.00032
8.13063,-2.7275,0.0178
7.91307,-2.62767,0.08992
