"Points:0","Points:1","Points:2"
12.452,-3.40922,0.00424
12.2021,-3.40481,0.00159
11.9577,-3.35187,0
11.7142,-3.29542,0.00124
11.4792,-3.21016,0
11.2294,-3.20093,0.00517
10.9796,-3.19118,0.00268
10.734,-3.14432,0.00202
10.5247,-3.00759,0.0023
10.3155,-2.87085,0.00398
10.1101,-2.72827,0
9.86732,-2.66878,0
9.62584,-2.60489,0.01018
