"Points:0","Points:1","Points:2"
8.97593,-2.92428,0.00092
8.73492,-2.858,0.00571
8.49384,-2.79205,0.00049
8.24628,-2.75718,0
8.00509,-2.69143,0.0026
7.80694,-2.53902,0
7.66945,-2.33022,0.00017
7.5606,-2.10516,0
7.50812,-1.86074,0.00133
7.41523,-1.62864,0.00151
7.27723,-1.42023,0.00614
7.15471,-1.20233,0.00281
7.12547,-0.95405,0.00125
