"Points:0","Points:1","Points:2"
7.39552,-0.5726,0.02277
7.18859,-0.43405,0.0008
6.98424,-0.29003,0.00093
6.76402,-0.17171,0.00286
6.53179,-0.07916,0.00486
6.33106,0.06984,0.00273
6.13461,0.22445,1e-05
5.88536,0.24324,0.0043
5.63683,0.27028,0.00252
5.39128,0.31716,3e-05
5.14465,0.35789,0.00398
4.95789,0.52406,0.00077
4.76925,0.68799,0.00688
