"Points:0","Points:1","Points:2"
14.63,-11.9016,0.00954
14.6994,-11.6615,0.00327
14.8514,-11.463,0.00145
15.0008,-11.2626,0.00123
15.1899,-11.099,2e-05
15.3817,-10.9388,0.00217
15.572,-10.7766,4e-05
15.7738,-10.6291,0.00275
15.8943,-10.4101,0
15.8934,-10.1601,0.00092
15.9079,-9.9105,0.0021
16.0038,-9.67964,0.00551
16.0663,-9.43764,0.00039
