"Points:0","Points:1","Points:2"
7.08808,-1.39294,0.00861
7.08111,-1.14317,0.00067
7.06,-0.89411,0.00566
7.0544,-0.6442,0.00183
6.97332,-0.40772,0.00035
6.83556,-0.1991,1e-05
6.63417,-0.051,0.00346
6.43296,0.09732,1e-05
6.19235,0.16513,0.00322
5.94897,0.22217,0.00013
5.72208,0.32716,0.00077
5.47482,0.36382,0.00492
5.23829,0.44474,0.00227
