"Points:0","Points:1","Points:2"
12.5342,-20.1432,0.00604
12.5359,-19.8932,0.00151
12.5222,-19.6436,0.00142
12.5089,-19.394,0.00565
12.5336,-19.1453,8e-05
12.5882,-18.9013,0.00239
12.7022,-18.6788,0.00134
12.8356,-18.4674,0.00042
12.9327,-18.237,0.00086
13.0625,-18.0234,0.00598
13.1528,-17.7904,0.00056
13.14,-17.5407,0.00384
13.1118,-17.2932,0.02463
