"Points:0","Points:1","Points:2"
7.6515,-2.06201,0.0053
7.46841,-1.89185,0.00062
7.36594,-1.66381,0.00086
7.2744,-1.43118,0.00202
7.17485,-1.20186,0.00048
7.1457,-0.95358,0.00324
7.14645,-0.7036,0.00052
7.00888,-0.49493,0.00611
6.85958,-0.29443,0.00251
6.70976,-0.0943,0.00401
6.50903,0.05471,0.00231
6.26407,0.10462,0.00274
6.02644,0.18227,0.00012
