"Points:0","Points:1","Points:2"
11.8787,-15.9414,0.00317
11.943,-15.6998,0
12.0125,-15.4597,0.00312
12.0667,-15.2157,0.00014
12.0555,-14.966,0.00589
12.0853,-14.7178,0.0003
12.1561,-14.4781,0.00173
12.1799,-14.2292,0
12.1868,-13.9794,0.00845
12.3264,-13.7722,0
12.5203,-13.6143,0.00066
12.7188,-13.4624,0.00241
12.922,-13.317,0.00962
