"Points:0","Points:1","Points:2"
15.5315,-5.91978,0.00368
15.5119,-5.67057,8e-05
15.4485,-5.42878,0.00425
15.3701,-5.1914,0.00417
15.2155,-4.995,5e-05
14.9892,-4.8886,0
14.7786,-4.75392,6e-05
14.5361,-4.69329,2e-05
14.3202,-4.56722,0.0031
14.0708,-4.58449,0.00244
13.8208,-4.58009,0.00322
13.5794,-4.61069,0.06026
13.3412,-4.59651,0.13488
