"Points:0","Points:1","Points:2"
16.1932,-8.85813,1e-05
16.1684,-8.60936,0.00128
16.0697,-8.3797,0.00329
16.0269,-8.1334,0.0002
15.941,-7.89862,0.00147
15.8228,-7.67837,6e-05
15.6937,-7.46429,0.00431
15.5861,-7.23866,0.00301
15.5688,-6.98926,0.00142
15.5943,-6.74066,0.00795
15.5792,-6.49124,0.00012
15.5918,-6.24156,0.00034
15.5782,-5.99206,0.00824
