"Points:0","Points:1","Points:2"
15.6369,-9.95284,0.02752
15.7779,-9.7478,0.00379
15.9222,-9.54364,0.0048
16.0301,-9.31814,0.00129
16.0938,-9.0764,0.00176
16.1173,-8.82751,0.00058
16.0689,-8.58224,0.00237
15.9659,-8.35449,2e-05
15.9085,-8.11117,0.0004
15.7969,-7.88743,2e-05
15.6583,-7.67939,1e-05
15.5936,-7.43793,0.00259
15.4923,-7.20935,0.00063
