"Points:0","Points:1","Points:2"
10.9641,-3.14675,0.02059
10.7332,-3.05133,0.00931
10.509,-2.9412,0.00011
10.2714,-2.86347,0
10.0394,-2.77042,0.00185
9.7919,-2.73493,0.00108
9.54196,-2.73002,0.00398
9.29557,-2.77214,0
9.06354,-2.86512,0.00392
8.81371,-2.85595,0.00392
8.57506,-2.78151,0.00163
8.32509,-2.78119,0.00576
8.07619,-2.8039,0
