"Points:0","Points:1","Points:2"
5.74879,0.50593,0.00171
5.49895,0.49713,0.00187
5.25224,0.5376,0.002
5.00535,0.57682,0
4.76311,0.63848,0.00431
4.52741,0.72181,0.00316
4.2777,0.70993,0.00069
4.03103,0.66929,0
3.80877,0.55483,0
3.564,0.50402,0.00214
3.36447,0.35341,0
3.20093,0.16432,0.00134
3.08462,-0.05696,0.00419
