"Points:0","Points:1","Points:2"
4.66215,0.47488,0.02049
4.41678,0.51961,0.00335
4.16736,0.53637,2e-05
3.93068,0.45593,0.00352
3.6931,0.37815,0.00234
3.48105,0.24573,8e-05
3.24386,0.16688,0.0046
3.00821,0.08346,0.00134
2.76524,0.02461,1e-05
2.54331,-0.09037,0.00533
2.29499,-0.11901,0.00119
2.04505,-0.12156,0.00585
1.79544,-0.10807,0.00206
