"Points:0","Points:1","Points:2"
14.7402,-11.4722,0.00985
14.9714,-11.3776,0.00143
15.1309,-11.1851,0.00061
15.288,-10.9907,0.00125
15.4888,-10.8416,0.00345
15.6766,-10.6767,0.00428
15.8188,-10.4711,0.00582
15.9226,-10.2437,3e-05
15.9815,-10.0007,0.00105
16.0255,-9.75463,0
16.0324,-9.50473,0
16.0857,-9.26052,0.00401
16.0428,-9.01424,0.0065
