"Points:0","Points:1","Points:2"
16.176,-8.29803,0.01834
16.1171,-8.05537,0.00614
16.0278,-7.82197,0
15.9272,-7.59311,0.00244
15.8179,-7.36829,0
15.7451,-7.1291,0.00023
15.6347,-6.90482,0.0021
15.6236,-6.65507,0.00079
15.7107,-6.42075,0.00056
15.6711,-6.17391,0.0003
15.5887,-5.93788,2e-05
15.5258,-5.69592,0
15.4029,-5.47822,1e-05
