"Points:0","Points:1","Points:2"
12.0325,-15.6253,0.001
11.9687,-15.3836,0.00053
12.0128,-15.1375,0.00216
12.0512,-14.8904,0.00349
12.0881,-14.6432,0.00179
12.1361,-14.3979,6e-05
12.2045,-14.1574,0.00312
12.3328,-13.9428,0.00245
12.4217,-13.7092,0.0037
12.5991,-13.5331,0.00025
12.7913,-13.3732,0
13.0117,-13.2552,0.00198
13.1976,-13.0881,0.0005
