"Points:0","Points:1","Points:2"
7.22838,-0.96057,0.24552
7.1327,-0.74997,0.1507
7.03906,-0.53885,0.05498
6.90465,-0.33403,0.00514
6.7441,-0.14247,0
6.56575,0.03272,0.00115
6.33635,0.13188,0.00768
6.11417,0.24623,0
5.8787,0.32872,0.01578
5.63542,0.38613,0.02022
5.38576,0.38078,0.00826
5.13592,0.382,0.01709
4.88637,0.37824,0.00266
