"Points:0","Points:1","Points:2"
5.28061,0.59405,3e-05
5.03088,0.58307,0.00365
4.78089,0.58548,0.00287
4.53542,0.63277,3e-05
4.28575,0.61991,0.00015
4.039,0.57973,0.00035
3.80257,0.49852,0.00184
3.56737,0.41398,0.00782
3.33806,0.31465,0.0008
3.18599,0.11626,0.00504
3.04329,-0.08895,3e-05
2.86103,-0.26007,0.00024
2.77468,-0.49468,0
