"Points:0","Points:1","Points:2"
10.8907,-2.8869,0.00312
10.6407,-2.88696,0.00197
10.3908,-2.89572,0.00206
10.1497,-2.82971,0.0023
9.90653,-2.77171,0.00181
9.65656,-2.77507,4e-05
9.40706,-2.79069,0.00217
9.15728,-2.80108,0
8.90883,-2.82883,0
8.666,-2.88498,0.01953
8.41645,-2.89988,0.01773
8.17476,-2.83777,0.00264
7.95564,-2.71741,0.00305
