"Points:0","Points:1","Points:2"
13.3119,-20.8982,0.00439
13.1461,-20.7112,0.00207
12.9675,-20.5362,0.00264
12.7425,-20.4272,0.00711
12.5994,-20.2224,0
12.4622,-20.0135,0.00511
12.4204,-19.767,0.00778
12.4463,-19.5184,0.00012
12.4726,-19.2698,0.00228
12.4608,-19.0201,3e-05
12.5116,-18.7754,0.00125
12.5466,-18.5278,0.00338
12.654,-18.3021,0.00131
