"Points:0","Points:1","Points:2"
13.6222,-4.54093,0.00036
13.4676,-4.34447,0.00341
13.2903,-4.16823,2e-05
13.0854,-4.02503,0
12.8817,-3.88008,0.00158
12.6503,-3.78548,5e-05
12.4602,-3.62311,0.00229
12.2741,-3.45615,0.00379
12.0418,-3.36399,0.00877
11.7987,-3.30644,8e-05
11.5487,-3.30681,0.00127
11.3068,-3.24358,0.00119
11.0586,-3.21397,0.00401
