"Points:0","Points:1","Points:2"
4.55106,0.71137,0.00107
4.30583,0.66278,0.00216
4.0818,0.55187,0.00508
3.85977,0.43698,0.00273
3.6697,0.27458,0.00113
3.43548,0.1872,0.00181
3.18702,0.15947,0.00312
2.94189,0.1104,0.00093
2.72158,-0.00773,0.00363
2.48035,-0.07324,0.00787
2.23037,-0.07303,0.00436
1.98072,-0.06023,0.00179
1.73078,-0.06595,0.00268
