"Points:0","Points:1","Points:2"
16.156,-7.82824,0.05374
16.0053,-7.63186,0.01871
15.8709,-7.4217,0.00251
15.7621,-7.1966,0
15.7484,-6.94698,0.00148
15.7296,-6.69769,0.00258
15.7077,-6.44867,0.00071
15.7501,-6.2023,0
15.753,-5.95232,0.00175
15.6537,-5.72291,0
15.5142,-5.51549,0.00547
15.4017,-5.29232,0.00042
15.2954,-5.06605,0.00434
