"Points:0","Points:1","Points:2"
15.8316,-6.32428,0.0048
15.7823,-6.07923,0.00042
15.7082,-5.84044,0.00112
15.5441,-5.65188,0.00189
15.4382,-5.42543,0.00081
15.37,-5.18492,0.00226
15.2213,-4.98394,1e-05
15.0083,-4.85307,0.00136
14.7696,-4.77875,1e-05
14.5235,-4.73447,0
14.2865,-4.65505,0.00091
14.0507,-4.57634,0.02758
13.8247,-4.47829,0.0702
