"Points:0","Points:1","Points:2"
14.9522,-11.1075,0.00186
15.172,-10.9883,0
15.3934,-10.8724,0.00537
15.5854,-10.7123,0.00137
15.6757,-10.4792,0.00164
15.7524,-10.2412,0.00236
15.8633,-10.0172,2e-05
15.9795,-9.79583,0
16.0387,-9.55295,0
16.1037,-9.31157,0.00301
16.1185,-9.06201,0.00098
16.0375,-8.8255,0.0038
15.9637,-8.58713,0.01902
