"Points:0","Points:1","Points:2"
7.17496,-1.45466,0
7.12718,-1.20927,0.00033
7.08419,-0.96299,1e-05
7.03803,-0.71731,0.00308
7.02638,-0.46758,0.00353
6.87122,-0.2716,0.00765
6.69256,-0.0969,0
6.48651,0.04468,0
6.24408,0.10569,0.00244
6.00472,0.1778,0
5.76765,0.25625,0.01181
5.55662,0.38985,0.00097
5.3273,0.48942,0.00057
