"Points:0","Points:1","Points:2"
12.9662,-3.84961,0
12.7392,-3.74482,0.00071
12.5026,-3.664,0.00057
12.2531,-3.64823,0.00203
12.0344,-3.5271,0
11.846,-3.36291,0.00583
11.6351,-3.22868,0.00446
11.39,-3.17977,0
11.1435,-3.22139,0.00047
10.8935,-3.22172,0.00086
10.673,-3.1039,0
10.4734,-2.95334,0.00154
10.2497,-2.84182,0
