"Points:0","Points:1","Points:2"
13.2091,-18.236,0.02332
13.1315,-17.9995,2e-05
13.0548,-17.7616,0.0036
12.9835,-17.522,0.00011
12.8805,-17.2942,1e-05
12.808,-17.055,0.00286
12.626,-16.8839,0.01266
12.4544,-16.7026,0
12.3247,-16.4888,0.00311
12.2291,-16.2579,0.0013
12.0936,-16.0477,0.00235
11.9892,-15.8206,0
11.9488,-15.5739,0.0004
