"Points:0","Points:1","Points:2"
15.5235,-10.0867,0.01146
15.6948,-9.90478,0.00396
15.8809,-9.73788,0.0017
15.9771,-9.5071,0.00196
16.0563,-9.26999,0.00187
16.1252,-9.02969,0
16.0757,-8.78464,1e-05
16.0372,-8.53763,0.00132
15.9628,-8.29898,0.00516
15.9047,-8.05589,0.00039
15.8038,-7.82713,0.00155
15.7121,-7.59505,0.01672
15.5875,-7.38079,0.04925
