"Points:0","Points:1","Points:2"
14.3315,-11.9256,0
14.519,-11.7603,0
14.7198,-11.6113,0.00101
14.8808,-11.4201,0
15.0586,-11.2443,0.00179
15.2588,-11.0947,0.00126
15.4082,-10.8942,0.00043
15.6239,-10.7678,0.00025
15.8334,-10.6314,0
15.9108,-10.3937,0.00459
15.9702,-10.1509,0.00017
16.0434,-9.91187,0.00043
16.1019,-9.66881,0
