"Points:0","Points:1","Points:2"
15.3225,-11.0295,0.00752
15.4484,-10.8135,0.00342
15.5586,-10.5892,0.00141
15.6542,-10.3582,0.00133
15.7371,-10.1223,0.00264
15.8126,-9.88402,0.00015
15.9662,-9.68682,0.00503
16.0535,-9.45259,2e-05
16.0899,-9.20526,0.0002
16.0989,-8.95542,0.00153
16.0278,-8.71575,0.00146
16.0243,-8.46578,0.00304
15.9646,-8.22303,0.0053
