"Points:0","Points:1","Points:2"
15.8321,-9.09734,0.01441
15.9929,-8.90641,8e-05
16.1374,-8.70242,0.00096
16.1187,-8.45312,0
16.0558,-8.21116,0.00138
15.9245,-7.9984,0
15.8103,-7.776,0.00156
15.7234,-7.54162,2e-05
15.6478,-7.30333,0.00378
15.5711,-7.0654,0.00175
15.5871,-6.81591,0.00163
15.5854,-6.56597,0.00698
15.5096,-6.32968,0.03733
