"Points:0","Points:1","Points:2"
12.4947,-14.0003,0.00066
12.5967,-13.7721,0.006
12.7358,-13.5644,1e-05
12.876,-13.3575,0.00473
13.0394,-13.1684,0.00111
13.2599,-13.0506,0
13.5016,-12.9867,0.00279
13.7502,-12.9604,0.00123
13.9729,-12.8468,0.00353
14.1595,-12.6804,3e-05
14.3075,-12.479,0.00335
14.3997,-12.2466,0.00359
14.4833,-12.011,0.00203
