"Points:0","Points:1","Points:2"
12.7523,-13.5504,0.05998
12.9568,-13.4094,0.03163
13.138,-13.2398,0.00173
13.3258,-13.0748,0.00162
13.5715,-13.0297,0.01152
13.7973,-12.9291,0.0488
13.9623,-12.7413,0.05219
14.117,-12.551,0.00379
14.3329,-12.425,0
14.3988,-12.1839,0.00021
14.5296,-11.9708,0.00118
14.6514,-11.7525,0.00019
14.763,-11.5289,0.00528
