"Points:0","Points:1","Points:2"
15.9487,-9.01238,0.00799
16.0839,-8.80224,0.00118
16.1504,-8.56133,0.0076
16.1373,-8.31171,0.00318
16.047,-8.0786,0.00375
15.9089,-7.8702,0.00264
15.7842,-7.6535,0.00064
15.6538,-7.44022,0.00027
15.6091,-7.19424,0.00104
15.5968,-6.94457,0.00412
15.6062,-6.69475,0.00504
15.6007,-6.44481,0.00664
15.6036,-6.19483,0.00511
