"Points:0","Points:1","Points:2"
16.3662,-8.58049,0.00193
16.2193,-8.37824,0.00037
16.0977,-8.15987,0.00599
15.9995,-7.92999,0.00485
15.8892,-7.70566,0.0017
15.7483,-7.49915,0.00384
15.6585,-7.26584,0.00588
15.6678,-7.01602,0.00407
15.634,-6.76835,0.00063
15.6406,-6.51846,0.00412
15.6423,-6.26848,0.00167
15.6389,-6.0185,8e-05
15.718,-5.78136,0.00224
