"Points:0","Points:1","Points:2"
8.78565,-2.79253,0.02723
8.53743,-2.80977,0.00291
8.28817,-2.79057,0.00332
8.05367,-2.70397,5e-05
7.88123,-2.52296,0.00145
7.70974,-2.34106,0.00322
7.59032,-2.12143,0.00251
7.49543,-1.89015,0
7.40588,-1.65675,0.00142
7.28159,-1.43984,0.00327
7.20165,-1.20297,0.00177
7.14753,-0.9589,0.00225
7.17357,-0.71027,0.00458
