"Points:0","Points:1","Points:2"
4.05709,0.59323,0.00634
3.88922,0.40807,0.00026
3.6591,0.31066,0.00779
3.45405,0.16782,0.00058
3.21797,0.08557,0.0011
2.98063,0.00711,0.00447
2.73153,-0.01362,5e-05
2.48218,-0.02126,0.01643
2.23374,-0.04395,0.00019
1.98666,-0.08201,0.00139
1.74277,-0.02708,0.00257
1.49858,0.02649,0.001
1.25505,0.08298,0.00046
