"Points:0","Points:1","Points:2"
15.7229,-9.5716,0.00048
15.8767,-9.37455,0.00433
15.9788,-9.14636,0.00184
16.071,-8.91398,0
16.0681,-8.66401,0.00254
16.0443,-8.41515,0.00213
15.9842,-8.17248,0.00245
15.8928,-7.93978,0.0022
15.809,-7.70425,0.00093
15.659,-7.50426,0.00035
15.5776,-7.26788,0.00045
15.5375,-7.02112,0.00169
15.589,-6.77649,0
