"Points:0","Points:1","Points:2"
12.1697,-3.26413,0
11.9199,-3.27274,0.00058
11.6702,-3.28662,0.00135
11.4245,-3.24071,0.00207
11.1814,-3.18241,2e-05
10.9316,-3.17392,0.00227
10.6816,-3.18039,0.00232
10.4972,-3.01167,0.00395
10.277,-2.89326,0.00133
10.0478,-2.79351,0
9.80455,-2.73564,0.00142
9.55458,-2.73958,0.00126
9.30641,-2.70937,0.00087
