"Points:0","Points:1","Points:2"
12.4754,-14.6143,0.00401
12.379,-14.3837,0
12.3621,-14.1342,0.00058
12.4145,-13.8899,0.00694
12.525,-13.6657,0.0012
12.6329,-13.4402,0.00169
12.8109,-13.2646,0.00083
13.0415,-13.1683,0.00417
13.2826,-13.102,0.00123
13.5319,-13.0839,4e-05
13.7769,-13.0343,0.00127
14.0168,-12.9639,0.00107
14.2355,-12.8427,0.00135
