"Points:0","Points:1","Points:2"
14.3528,-21.4846,0.00073
14.1542,-21.3328,0.00154
13.9639,-21.1706,0.00377
13.7618,-21.0235,0.00217
13.5406,-20.9071,0.00549
13.3209,-20.7877,0.00287
13.1008,-20.6693,0.00159
12.8772,-20.5574,0.00216
12.6669,-20.4222,0.00128
12.4906,-20.245,0
12.3984,-20.0126,0.00145
12.3564,-19.7662,0
12.2839,-19.5269,0.00134
