"Points:0","Points:1","Points:2"
15.7446,-9.70467,0.01642
15.8572,-9.482,0.00076
15.9538,-9.25144,0.00415
16.081,-9.03621,0.00456
16.0981,-8.78681,0.00764
16.073,-8.53818,0.00046
16.0486,-8.28938,0.00199
15.9743,-8.05068,0.0007
15.8693,-7.8239,0.00773
15.7051,-7.6355,0.00259
15.6105,-7.4041,0
15.5635,-7.15871,0.00893
15.528,-6.91786,0.06572
