"Points:0","Points:1","Points:2"
11.7748,-15.0028,0.00057
11.915,-14.796,0.01119
12.0635,-14.5949,0.00863
12.2123,-14.3942,0.00322
12.3074,-14.1629,0.0015
12.381,-13.924,0.00241
12.4794,-13.6942,0.00083
12.6116,-13.482,0.0007
12.8272,-13.3556,0.00565
13.062,-13.27,0
13.2971,-13.1851,0.00383
13.5244,-13.081,0
13.764,-13.0119,0.0169
