"Points:0","Points:1","Points:2"
7.2503,-0.12896,0.00102
7.00378,-0.08739,0.00017
6.75906,-0.03666,0.00614
6.5267,0.05545,0.00129
6.30627,0.17339,0
6.06889,0.25181,0.00104
5.83494,0.33992,0.0033
5.58578,0.36014,0.00079
5.3381,0.38733,0.02117
5.09143,0.42754,0.01513
4.84413,0.46291,0.00551
4.61013,0.55087,0.0024
4.37502,0.63328,0.02315
