"Points:0","Points:1","Points:2"
12.614,-13.9306,0
12.7676,-13.7334,0.00523
12.8364,-13.4939,0.02534
12.969,-13.2824,0.01133
13.1733,-13.1387,0.00124
13.3833,-13.0031,0.0036
13.6321,-12.9784,0.00054
13.8621,-12.8804,0.00055
14.0838,-12.765,0.00081
14.218,-12.554,0.00236
14.3104,-12.3217,0.00078
14.4188,-12.0965,0.00238
14.5155,-11.8659,0.00694
