"Points:0","Points:1","Points:2"
12.2539,-3.26452,0.0052
12.0393,-3.39261,0
11.7933,-3.34838,0.00262
11.5739,-3.2284,0.00037
11.3241,-3.23711,0.00292
11.0742,-3.24277,0.00072
10.8282,-3.19824,0.00279
10.6083,-3.07935,0.00027
10.4169,-2.91853,0.0031
10.1953,-2.80289,0.00647
9.95679,-2.72788,0.00595
9.70779,-2.74994,0.00255
9.45878,-2.72763,0.00331
