"Points:0","Points:1","Points:2"
10.726,-2.7349,0.00766
10.5019,-2.84552,1e-05
10.2548,-2.8835,0.00067
10.0052,-2.89741,0.00134
9.76158,-2.84122,0.00113
9.51226,-2.82303,0.00399
9.26486,-2.85874,4e-05
9.01985,-2.90843,0.00171
8.77212,-2.87512,0.00603
8.52214,-2.8748,0.0025
8.27896,-2.8169,1e-05
8.09075,-2.65235,0.00161
7.91286,-2.47698,0.01165
