"Points:0","Points:1","Points:2"
14.8875,-4.9098,0.00103
14.6399,-4.87526,0.0025
14.3928,-4.83824,0.01094
14.1491,-4.78329,0.00311
13.9044,-4.73217,0.00141
13.6983,-4.5906,0.00189
13.5267,-4.40881,0
13.3419,-4.24051,0.00084
13.2083,-4.02919,0.00088
12.9788,-3.92988,0.00233
12.7412,-3.85219,0.00239
12.5373,-3.70762,2e-05
12.3359,-3.5596,0.00684
