"Points:0","Points:1","Points:2"
15.0147,-11.4479,0.01075
15.1499,-11.2378,0.00256
15.3073,-11.0435,0
15.4627,-10.8478,0.00355
15.6576,-10.6912,0.00522
15.7823,-10.4745,0.00251
15.846,-10.2328,0
15.916,-9.99281,0.00349
16.0193,-9.76527,0.01111
16.0903,-9.52582,0
16.0982,-9.27597,0.00395
16.1574,-9.03313,0.00015
16.1921,-8.78555,0
