"Points:0","Points:1","Points:2"
15.7686,-7.14286,0.00175
15.7158,-6.8985,1e-05
15.6979,-6.64916,0.0028
15.6959,-6.39917,0.00103
15.7288,-6.15135,0.0016
15.6793,-5.9063,0.00017
15.6431,-5.65897,0.00333
15.5417,-5.43049,0.00899
15.3981,-5.22597,0.00195
15.2524,-5.02285,2e-05
15.0339,-4.9014,0.00046
14.8174,-4.77626,0.00082
14.5895,-4.67375,0.00479
