"Points:0","Points:1","Points:2"
13.0643,-3.76979,0.0934
12.8206,-3.71747,0.07466
12.5912,-3.64722,0.0043
12.3454,-3.60195,0.00054
12.1005,-3.55141,1e-05
11.8753,-3.44294,0.00288
11.6917,-3.27324,1e-05
11.4512,-3.20526,0.00073
11.2026,-3.23225,0
10.9543,-3.20372,0.00421
10.711,-3.14614,0.00077
10.4896,-3.03001,0.00188
10.2925,-2.87634,0
