"Points:0","Points:1","Points:2"
12.597,-14.2375,0.0059
12.622,-13.9888,0.00175
12.6364,-13.7392,0.00481
12.7427,-13.513,3e-05
12.8723,-13.2993,0.00187
13.0636,-13.1383,0.00209
13.2959,-13.0461,0.00551
13.5457,-13.0353,0.00163
13.7899,-12.9818,0.00041
14.0064,-12.8569,0.00438
14.2261,-12.7376,0.00628
14.4355,-12.6012,0
14.634,-12.4497,0.01212
