"Points:0","Points:1","Points:2"
13.1004,-4.11258,0
13.0321,-3.97071,0
13.2858,-4.27002,0
13.2592,-4.24264,0
13.3639,-4.3136,0
13.4844,-4.3871,0
13.5026,-4.39633,0
13.5572,-4.463,0
13.6523,-4.55931,0
13.711,-4.58564,0
13.9116,-4.64062,0
14.0031,-4.6359,0
14.1161,-4.64897,0
14.237,-4.66386,0
14.4911,-4.66723,0
14.3827,-4.6535,0
14.7989,-4.78519,0
15.0677,-4.99452,0
15.1202,-5.01632,0
15.2313,-5.19429,0
15.2854,-5.28703,0
15.2643,-5.2445,0
15.3043,-5.30088,0
