"Points:0","Points:1","Points:2"
7.20566,-1.25328,0
7.39088,-1.65661,0
7.52581,-1.92784,0
7.64134,-2.27641,0
7.64214,-2.31037,0
7.68016,-2.33646,0
7.98736,-2.63434,0
8.10973,-2.68522,0
8.31598,-2.74724,0
8.4396,-2.78404,0
8.46137,-2.79215,0
8.80518,-2.86896,0
8.79099,-2.87045,0
