"Points:0","Points:1","Points:2"
10.6468,-3.15635,0
10.7134,-3.14599,0
10.7292,-3.14729,0
10.9235,-3.17019,0
11.1626,-3.19873,0
11.0874,-3.20213,0
11.7375,-3.29017,0
12.1241,-3.50414,0
12.1552,-3.51276,0
12.2472,-3.62414,0
12.4461,-3.68625,0
12.6296,-3.78782,0
12.6152,-3.77283,0
12.5912,-3.77219,0
12.5771,-3.7591,0
12.6648,-3.79355,0
12.7884,-3.84063,0
12.7602,-3.82808,0
12.9462,-3.95104,0
13.2762,-4.17479,0
13.3463,-4.20929,0
13.3376,-4.22393,0
