"Points:0","Points:1","Points:2"
13.4384,-4.60712,0
13.4932,-4.6104,0
13.524,-4.61558,0
13.7222,-4.61056,0
14.0029,-4.64523,0
13.9558,-4.65579,0
13.9851,-4.63644,0
14.0936,-4.65094,0
14.1304,-4.66788,0
14.2453,-4.63746,0
14.5276,-4.63678,0
14.6429,-4.64565,0
14.6633,-4.67304,0
14.7933,-4.71288,0
15.1998,-5.1394,0
15.3179,-5.28857,0
15.4167,-5.48418,0
15.4416,-5.52924,0
15.4557,-5.5744,0
15.4729,-5.64608,0
