"Points:0","Points:1","Points:2"
1.55851,-0.00157,0
3.44747,0.18839,0
3.17296,0.08719,0
3.35212,0.14769,0
1.94003,-0.03289,0
2.285,-0.03195,0
1.45036,0.05342,0
3.4604,0.19103,0
2.59346,-0.01895,0
1.42949,0.07725,0
2.14949,-0.0234,0
3.33704,0.13468,0
3.54116,0.2106,0
3.51443,0.18033,0
3.62568,0.23506,0
