"Points:0","Points:1","Points:2"
13.7883,-4.46634,0
13.8329,-4.50402,0
14.1571,-4.55837,0
14.0419,-4.53715,0
14.1415,-4.57212,0
14.1121,-4.55684,0
14.2227,-4.58875,0
14.2459,-4.59912,0
14.4299,-4.65611,0
14.5366,-4.70646,0
14.8771,-4.84641,0
14.9987,-4.884,0
15.0601,-4.92515,0
15.0653,-4.928,0
15.3656,-5.15837,0
15.501,-5.49201,0
15.5929,-5.69366,0
