"Points:0","Points:1","Points:2"
13.3624,-4.53328,0
13.3984,-4.51767,0
13.5217,-4.5324,0
13.4782,-4.5377,0
13.7569,-4.59819,0
13.9652,-4.61227,0
13.851,-4.6053,0
14.4353,-4.64165,0
14.5216,-4.6484,0
14.6237,-4.67175,0
14.8306,-4.73282,0
14.704,-4.69052,0
14.806,-4.7438,0
14.7555,-4.70634,0
14.9833,-4.83434,0
15.0524,-4.90286,0
15.0359,-4.89723,0
15.4294,-5.43019,0
15.4635,-5.46302,0
15.4357,-5.4251,0
15.3936,-5.31793,0
15.4617,-5.42373,0
15.5051,-5.81763,0
15.4868,-5.82138,0
