"Points:0","Points:1","Points:2"
10.9647,-3.08703,0
11.2211,-3.20558,0
11.1803,-3.20997,0
11.3106,-3.25151,0
11.4622,-3.2624,0
11.4827,-3.28216,0
11.7058,-3.3023,0
11.8827,-3.34626,0
11.8002,-3.32053,0
11.7608,-3.30469,0
12.1351,-3.53209,0
12.1539,-3.58239,0
12.2028,-3.57957,0
12.3202,-3.64983,0
12.5203,-3.73306,0
12.5013,-3.69504,0
12.687,-3.78172,0
12.7241,-3.78845,0
13.1306,-4.0821,0
13.1527,-4.12223,0
13.2765,-4.29193,0
13.2882,-4.32119,0
