"Points:0","Points:1","Points:2"
12.8574,-3.92609,0
12.9515,-3.98505,0
13.1828,-4.16414,0
13.1873,-4.18424,0
13.2165,-4.22336,0
13.3018,-4.30844,0
13.3521,-4.39746,0
13.343,-4.38856,0
13.4085,-4.42896,0
13.5669,-4.58054,0
14.0809,-4.70233,0
14.0576,-4.71751,0
14.0138,-4.71117,0
14.2123,-4.71018,0
14.3214,-4.73128,0
14.5903,-4.83153,0
14.5645,-4.81938,0
14.5689,-4.81041,0
