"Points:0","Points:1","Points:2"
15.5956,-6.49506,0
15.5824,-6.51377,0
15.5848,-6.47285,0
15.607,-6.7662,0
15.6088,-6.90931,0
15.6106,-6.83421,0
15.621,-7.05162,0
15.6341,-7.31723,0
15.6267,-7.2299,0
15.6346,-7.19252,0
15.6333,-7.20034,0
15.7025,-7.5361,0
15.6938,-7.47405,0
15.7111,-7.49999,0
15.8153,-7.7323,0
15.813,-7.72095,0
15.9662,-7.98709,0
15.9985,-8.06759,0
15.9893,-8.0337,0
16.124,-8.4694,0
16.0899,-8.70821,0
16.0354,-8.83776,0
16.0387,-8.84861,0
15.9957,-9.02146,0
15.9761,-9.03886,0
