"Points:0","Points:1","Points:2"
4.90976,0.38184,0
6.12737,0.23834,0
6.22336,0.20773,0
6.30252,0.14456,0
6.58324,0.00875,0
6.63087,-0.02809,0
6.79433,-0.19316,0
6.77066,-0.18921,0
6.92368,-0.35605,0
