"Points:0","Points:1","Points:2"
8.15435,-2.71722,0
8.4093,-2.80306,0
8.80518,-2.86896,0
8.8832,-2.8701,0
8.67754,-2.86613,0
8.58285,-2.83455,0
8.61623,-2.85697,0
9.16778,-2.83711,0
9.29339,-2.75509,0
9.49283,-2.70414,0
9.7238,-2.72362,0
9.72492,-2.70872,0
9.57344,-2.686,0
9.95093,-2.76683,0
9.89552,-2.74332,0
9.94811,-2.76506,0
10.216,-2.84488,0
10.347,-2.88533,0
10.3626,-2.91758,0
10.4494,-2.92283,0
10.5981,-2.98684,0
10.728,-3.05725,0
10.7588,-3.09011,0
10.6596,-3.01778,0
10.8449,-3.15399,0
