"Points:0","Points:1","Points:2"
16.0421,-8.34873,0
16.1227,-8.45419,0
16.1,-8.45698,0
16.1265,-8.5066,0
16.1361,-8.57648,0
16.0826,-9.09308,0
16.0574,-9.15343,0
16.0012,-9.23226,0
16.0245,-9.23865,0
15.9656,-9.36692,0
15.9082,-9.49309,0
15.9082,-9.58774,0
15.8793,-9.68669,0
15.8264,-9.97121,0
15.8431,-10.0124,0
15.8365,-10.0946,0
15.7265,-10.2445,0
15.6707,-10.3551,0
15.6457,-10.3638,0
15.6098,-10.4378,0
15.6218,-10.4108,0
