"Points:0","Points:1","Points:2"
12.4398,-3.7182,0
12.5293,-3.72857,0
12.5491,-3.74685,0
12.6683,-3.77478,0
12.7086,-3.77574,0
12.8271,-3.7945,0
12.8947,-3.81949,0
13.066,-3.96902,0
13.0211,-3.92417,0
13.1236,-4.139,0
13.156,-4.20271,0
13.2085,-4.22544,0
13.2866,-4.3021,0
13.4636,-4.3967,0
13.4867,-4.42414,0
13.5473,-4.46175,0
14.3736,-4.76217,0
14.3775,-4.77643,0
