"Points:0","Points:1","Points:2"
7.67738,-2.09848,0
7.91121,-2.4846,0
8.11664,-2.79095,0
8.1214,-2.77749,0
8.18905,-2.85089,0
8.24178,-2.8728,0
8.19261,-2.85537,0
8.30574,-2.89387,0
8.67873,-2.84268,0
8.95727,-2.85367,0
9.33927,-2.88009,0
9.52646,-2.87633,0
9.46597,-2.88615,0
9.66679,-2.92582,0
9.71315,-2.92835,0
9.79058,-2.92288,0
9.84142,-2.94685,0
9.8813,-2.93133,0
10.1116,-2.92742,0
10.1877,-2.90999,0
10.1626,-2.93072,0
