"Points:0","Points:1","Points:2"
7.94116,-2.5396,0
7.93262,-2.55063,0
8.01834,-2.59316,0
7.98217,-2.57971,0
8.04586,-2.6406,0
8.13827,-2.72204,0
8.18131,-2.75883,0
8.50481,-2.84793,0
8.65867,-2.82428,0
8.52508,-2.85792,0
8.92082,-2.84956,0
8.95332,-2.8234,0
9.23887,-2.87326,0
9.28772,-2.87783,0
9.19095,-2.87086,0
9.28732,-2.89205,0
9.33927,-2.88009,0
9.35745,-2.89292,0
9.38727,-2.90637,0
9.58729,-2.92559,0
9.83506,-2.90654,0
9.85832,-2.91987,0
10.2384,-2.91075,0
