"Points:0","Points:1","Points:2"
10.7849,-3.1775,0
10.8771,-3.18889,0
10.8915,-3.19873,0
10.8837,-3.20169,0
10.9358,-3.1962,0
11.1292,-3.21771,0
11.2211,-3.20558,0
11.272,-3.22555,0
11.3806,-3.22742,0
11.4126,-3.23355,0
11.6417,-3.25452,0
11.8684,-3.33874,0
11.9283,-3.41237,0
12.2624,-3.60744,0
12.3336,-3.63405,0
12.418,-3.6696,0
12.6066,-3.73209,0
12.6683,-3.77478,0
12.687,-3.78172,0
12.9389,-3.95073,0
13.0624,-4.01492,0
13.0068,-4.00387,0
