"Points:0","Points:1","Points:2"
7.71082,-2.20315,0
7.75321,-2.25434,0
7.80455,-2.38227,0
7.97529,-2.60927,0
8.35121,-2.88876,0
8.6175,-2.91017,0
8.69495,-2.88585,0
8.55997,-2.90771,0
8.80225,-2.87474,0
8.77769,-2.86011,0
8.98454,-2.8512,0
8.91997,-2.865,0
9.27149,-2.87889,0
9.29084,-2.87524,0
9.21165,-2.86963,0
9.52598,-2.91573,0
9.60843,-2.93784,0
9.85832,-2.91987,0
