"Points:0","Points:1","Points:2"
5.01056,0.48662,0
5.06775,0.45171,0
4.95031,0.55481,0
5.11522,0.43394,0
5.13695,0.40847,0
5.25646,0.36745,0
5.29868,0.36221,0
5.46378,0.31159,0
5.61827,0.28014,0
5.75602,0.26509,0
5.78581,0.2607,0
6.00738,0.25226,0
6.17829,0.1916,0
6.31516,0.13226,0
6.47152,-0.01523,0
6.57399,-0.09051,0
6.49632,-0.06091,0
6.60842,-0.0999,0
6.63294,-0.09583,0
6.83565,-0.18835,0
6.8938,-0.23132,0
6.96346,-0.26934,0
7.18442,-0.41472,0
7.13013,-0.35983,0
7.23818,-0.48443,0
