"Points:0","Points:1","Points:2"
7.02555,-0.59542,0
7.15291,-0.77664,0
7.1719,-0.85325,0
7.31597,-1.3509,0
7.47917,-1.98407,0
7.50507,-1.99111,0
7.46338,-1.94427,0
7.4846,-1.98977,0
7.53244,-2.06124,0
7.5585,-2.05694,0
7.55444,-2.10621,0
7.60962,-2.18054,0
7.66931,-2.24006,0
7.69879,-2.28799,0
7.77939,-2.37725,0
7.88183,-2.44109,0
7.94116,-2.5396,0
7.8914,-2.48823,0
8.00884,-2.57093,0
7.90542,-2.49289,0
8.05209,-2.60988,0
8.05373,-2.59708,0
8.18784,-2.72956,0
