"Points:0","Points:1","Points:2"
9.74031,-2.64332,0
9.82537,-2.6514,0
9.89208,-2.68448,0
9.96865,-2.68332,0
10.0857,-2.71792,0
10.0612,-2.72265,0
10.3205,-2.86768,0
10.425,-2.94811,0
10.6415,-3.0796,0
10.7117,-3.12861,0
11.4307,-3.20919,0
11.516,-3.21747,0
11.5639,-3.24764,0
11.7236,-3.29805,0
11.8684,-3.33874,0
11.8703,-3.32006,0
11.9907,-3.35662,0
12.115,-3.3848,0
12.1193,-3.38471,0
12.3105,-3.40025,0
