"Points:0","Points:1","Points:2"
15.9276,-8.46136,0
16.0124,-8.66938,0
16.0124,-8.66975,0
15.9996,-8.71517,0
16.0042,-8.72634,0
16.0458,-8.78342,0
16.0499,-8.8014,0
16.0303,-8.74216,0
16.1014,-9.18777,0
16.1053,-9.15629,0
16.1078,-9.23386,0
16.07,-9.37563,0
16.047,-9.41747,0
16.068,-9.37828,0
15.8895,-9.84969,0
15.845,-9.99744,0
15.8141,-10.0547,0
15.8149,-10.0988,0
15.8278,-10.105,0
15.773,-10.1817,0
15.6834,-10.4081,0
15.4767,-10.808,0
15.5256,-10.7291,0
15.3756,-10.8825,0
15.3417,-10.9406,0
