"Points:0","Points:1","Points:2"
8.42966,-2.84898,0
8.38708,-2.85128,0
8.68586,-2.89208,0
8.92082,-2.84956,0
8.96609,-2.8574,0
9.04844,-2.86123,0
9.08595,-2.85435,0
9.16778,-2.83711,0
9.09099,-2.87657,0
9.15665,-2.84921,0
9.31592,-2.83754,0
9.26591,-2.83795,0
9.22059,-2.84324,0
9.2107,-2.83216,0
9.39869,-2.82266,0
9.4822,-2.81405,0
9.7829,-2.81941,0
9.81431,-2.82622,0
10.0304,-2.86892,0
10.1148,-2.89824,0
10.202,-2.89369,0
10.2627,-2.88223,0
10.3813,-2.84033,0
10.347,-2.88533,0
