"Points:0","Points:1","Points:2"
14.5792,-4.67956,0
14.8187,-4.79089,0
15.0896,-4.89699,0
15.2826,-5.03507,0
15.4268,-5.16385,0
15.4792,-5.25896,0
15.5637,-5.54314,0
15.5868,-5.59468,0
15.7105,-6.05713,0
15.6623,-5.93055,0
15.6741,-6.2121,0
15.6813,-6.18922,0
15.6421,-6.44041,0
15.6487,-6.49466,0
15.5992,-6.6502,0
15.5325,-6.84201,0
