"Points:0","Points:1","Points:2"
11.7011,-3.50103,0
11.7283,-3.51855,0
11.8575,-3.51106,0
12.0083,-3.53012,0
12.3799,-3.60934,0
12.4469,-3.65067,0
12.6926,-3.75477,0
12.6695,-3.7339,0
12.798,-3.80231,0
12.9578,-3.92302,0
12.9541,-3.90213,0
13.1403,-4.07406,0
13.3861,-4.27282,0
13.6589,-4.46449,0
13.6825,-4.47947,0
13.6992,-4.49014,0
13.9796,-4.6837,0
13.8751,-4.61575,0
13.8502,-4.61821,0
14.0374,-4.72066,0
14.0035,-4.71011,0
14.0771,-4.72188,0
