"Points:0","Points:1","Points:2"
15.8605,-7.72028,0
15.8399,-7.62627,0
16.0034,-8.29573,0
16.0189,-8.45897,0
16.0343,-8.48655,0
16.1561,-8.83755,0
16.1609,-8.87083,0
16.173,-8.85628,0
15.9869,-9.61251,0
15.9783,-9.64407,0
15.8041,-9.89656,0
15.7905,-9.90909,0
15.7392,-10.0427,0
15.6884,-10.1504,0
15.6527,-10.3191,0
15.6457,-10.3638,0
15.6025,-10.4228,0
