"Points:0","Points:1","Points:2"
7.50364,-1.95669,0
7.59714,-2.12331,0
7.64835,-2.20939,0
7.66931,-2.24006,0
7.69879,-2.28799,0
7.84629,-2.49602,0
7.7712,-2.42381,0
7.9782,-2.67613,0
8.01051,-2.69552,0
7.99382,-2.70588,0
8.02466,-2.72448,0
8.09939,-2.74187,0
8.1214,-2.77749,0
8.29362,-2.78844,0
8.18083,-2.77455,0
8.38402,-2.80041,0
8.49381,-2.79145,0
8.53447,-2.7875,0
8.57905,-2.78412,0
8.65502,-2.7774,0
8.84719,-2.79792,0
8.80897,-2.78744,0
8.73476,-2.79544,0
8.62157,-2.80195,0
