"Points:0","Points:1","Points:2"
7.10265,-1.22966,0
7.12165,-1.22767,0
7.11109,-1.21882,0
7.14796,-1.28835,0
7.42932,-1.78038,0
7.40998,-1.75236,0
7.52408,-1.92241,0
7.59358,-2.06522,0
7.59313,-2.10928,0
7.61965,-2.20979,0
7.62564,-2.28063,0
7.6736,-2.3425,0
7.71664,-2.43585,0
7.88934,-2.58963,0
7.84873,-2.57008,0
7.79049,-2.52992,0
7.99587,-2.67086,0
8.33995,-2.77916,0
8.4396,-2.78404,0
8.51594,-2.80254,0
8.70661,-2.81219,0
8.72292,-2.80465,0
