"Points:0","Points:1","Points:2"
15.481,-7.32089,0
15.4517,-7.28782,0
15.5399,-7.42331,0
15.664,-7.69969,0
15.6736,-7.73559,0
15.7875,-7.87808,0
15.8235,-7.94848,0
15.8125,-7.98965,0
15.7425,-7.87517,0
15.7677,-7.9057,0
15.8954,-8.19882,0
15.8886,-8.1909,0
15.9201,-8.21434,0
16.0584,-8.62186,0
16.1127,-9.01356,0
16.0895,-8.98733,0
16.0812,-9.20916,0
15.9646,-9.40591,0
15.9478,-9.46167,0
15.9148,-9.52191,0
15.8852,-9.55993,0
