"Points:0","Points:1","Points:2"
7.14845,-1.12391,0
7.14623,-1.10582,0
7.16982,-1.23621,0
7.38834,-1.56828,0
7.37193,-1.57969,0
7.41288,-1.63671,0
7.41873,-1.66079,0
7.48959,-1.79832,0
7.53046,-1.97766,0
7.5585,-2.05694,0
7.60476,-2.22586,0
7.68016,-2.33646,0
7.72365,-2.41041,0
7.72615,-2.4078,0
7.8786,-2.59419,0
7.84873,-2.57008,0
7.94241,-2.63831,0
8.44245,-2.7862,0
8.8756,-2.89938,0
8.65461,-2.83983,0
8.86301,-2.88816,0
8.67873,-2.84268,0
