"Points:0","Points:1","Points:2"
11.2897,-3.24452,0
11.3083,-3.23509,0
11.3623,-3.26666,0
11.3894,-3.26022,0
11.6301,-3.30766,0
11.8555,-3.33605,0
11.876,-3.32035,0
11.8987,-3.31478,0
11.9514,-3.34049,0
11.9597,-3.3477,0
12.2951,-3.47019,0
12.3776,-3.55501,0
12.6084,-3.74851,0
12.7389,-3.81424,0
12.8906,-3.89696,0
12.9523,-3.91431,0
13.0506,-4.00318,0
13.2505,-4.14093,0
13.5168,-4.40041,0
13.5689,-4.48159,0
13.6115,-4.51449,0
