"Points:0","Points:1","Points:2"
14.143,-4.54491,0
14.2524,-4.58293,0
14.624,-4.63591,0
14.8004,-4.66228,0
14.801,-4.66028,0
14.9372,-4.71823,0
14.8944,-4.72033,0
14.932,-4.73033,0
15.3803,-5.21184,0
15.4168,-5.25457,0
15.5284,-5.52875,0
15.5289,-5.60544,0
15.5966,-5.79862,0
15.5656,-5.72826,0
15.5814,-5.76939,0
15.6632,-5.91326,0
15.7119,-6.1267,0
15.6837,-6.10201,0
15.7134,-6.18882,0
15.7825,-6.37632,0
15.7927,-6.35698,0
15.7539,-6.31721,0
