"Points:0","Points:1","Points:2"
13.1029,-4.23678,0
13.1477,-4.28233,0
13.3496,-4.39512,0
13.3997,-4.42319,0
13.4357,-4.4493,0
13.4616,-4.44557,0
13.5323,-4.48985,0
13.5915,-4.5401,0
13.6695,-4.55599,0
13.8348,-4.58156,0
14.0366,-4.58435,0
13.9798,-4.57785,0
14.3433,-4.57395,0
14.383,-4.60021,0
14.4374,-4.61337,0
14.5083,-4.66672,0
14.6391,-4.72837,0
14.5526,-4.67444,0
14.9806,-4.89414,0
15.1906,-5.06788,0
15.4024,-5.28451,0
15.394,-5.27954,0
15.4723,-5.34191,0
15.5391,-5.38365,0
