"Points:0","Points:1","Points:2"
11.3246,-3.19972,0
11.495,-3.22107,0
11.5395,-3.22202,0
11.8211,-3.32385,0
11.9025,-3.31977,0
12.0017,-3.3642,0
12.0481,-3.38384,0
12.0781,-3.40697,0
12.1256,-3.46912,0
12.0857,-3.40756,0
12.3682,-3.51518,0
12.3602,-3.50052,0
12.4043,-3.50848,0
12.4197,-3.52329,0
12.4943,-3.58041,0
12.4902,-3.58173,0
12.6588,-3.68897,0
12.7515,-3.73303,0
12.9797,-3.85846,0
13.0767,-3.9355,0
13.3283,-4.14146,0
13.3619,-4.18392,0
13.4647,-4.24678,0
13.5334,-4.27003,0
