"Points:0","Points:1","Points:2"
15.2775,-4.7585,0
15.26,-4.77939,0
15.3442,-5.09709,0
15.3556,-5.17144,0
15.5841,-5.57677,0
15.6098,-5.61376,0
15.7878,-6.10308,0
15.7581,-6.20504,0
15.7735,-6.1917,0
15.6992,-6.34812,0
15.6904,-6.39241,0
15.6223,-6.60266,0
15.6293,-6.61935,0
15.6318,-6.5928,0
15.6853,-6.94572,0
15.6736,-6.9255,0
15.7765,-7.17371,0
15.7533,-7.16438,0
15.786,-7.25983,0
15.8341,-7.3262,0
15.8289,-7.32252,0
15.864,-7.34859,0
15.9169,-7.42544,0
15.9314,-7.49421,0
15.9127,-7.47301,0
