"Points:0","Points:1","Points:2"
16.1035,-9.26718,0
16.0953,-9.34389,0
16.07,-9.37563,0
16.0825,-9.43091,0
16.0657,-9.48346,0
16.0662,-9.50645,0
16.0439,-9.58285,0
16.0181,-9.62954,0
16.0149,-9.65952,0
15.937,-9.88397,0
15.8954,-10.2244,0
15.8848,-10.4025,0
15.8911,-10.4194,0
15.8664,-10.401,0
15.8234,-10.539,0
15.7668,-10.6151,0
15.7231,-10.6927,0
15.6951,-10.7243,0
15.1712,-11.1171,0
15.1222,-11.3868,0
15.071,-11.4473,0
15.0527,-11.4896,0
15.0637,-11.4595,0
15.0308,-11.5584,0
