"Points:0","Points:1","Points:2"
3.29621,0.25211,0
3.00814,-0.32192,0
3.1108,-0.00493,0
3.14312,0.04028,0
3.06434,-0.19961,0
3.03483,-0.29063,0
3.2265,0.1563,0
3.27874,0.23454,0
3.27211,0.2135,0
3.73236,0.51786,0
3.70719,0.50638,0
3.98331,0.61836,0
4.06108,0.65009,0
4.24435,0.6972,0
4.70584,0.6288,0
4.84106,0.63156,0
4.86111,0.60028,0
4.86991,0.62461,0
4.88612,0.60129,0
5.04476,0.57533,0
5.18368,0.52077,0
