"Points:0","Points:1","Points:2"
15.6568,-6.1161,0
15.6601,-6.13303,0
15.6904,-5.96482,0
15.6034,-6.34481,0
15.613,-6.38873,0
15.582,-6.4422,0
15.6071,-6.50447,0
15.5913,-6.50506,0
15.5951,-6.57807,0
15.7371,-7.44895,0
15.8002,-7.54268,0
15.8641,-7.7273,0
16.0145,-8.11997,0
16.0323,-8.16131,0
16.08,-8.30432,0
16.0648,-8.30205,0
16.0924,-8.38057,0
16.1143,-8.45985,0
16.1,-8.45698,0
16.1875,-8.66907,0
16.2179,-8.74433,0
