"Points:0","Points:1","Points:2"
14.6514,-4.70987,0
14.5575,-4.72617,0
14.5366,-4.70646,0
14.6729,-4.70973,0
14.7061,-4.71879,0
15.1468,-4.945,0
15.1628,-4.95049,0
15.1731,-4.96599,0
15.1824,-4.96798,0
15.284,-5.11788,0
15.5048,-5.62687,0
15.5409,-5.72151,0
15.5524,-5.70253,0
15.5776,-5.74495,0
15.5926,-5.77889,0
15.586,-5.82953,0
15.5612,-5.74171,0
