"Points:0","Points:1","Points:2"
3.44747,0.18839,0
2.52786,-0.07424,0
2.85038,0.05877,0
2.34278,-0.07445,0
1.90413,-0.0601,0
2.06542,-0.06945,0
2.9233,0.1134,0
2.63722,-0.03409,0
2.20591,-0.06752,0
1.83965,-0.06918,0
3.51404,0.22598,0
3.60778,0.24493,0
3.67485,0.29173,0
3.69267,0.28855,0
3.57849,0.23084,0
3.79322,0.39716,0
4.11484,0.56713,0
4.2397,0.61748,0
4.26503,0.6404,0
4.35689,0.672,0
4.35655,0.67627,0
4.39513,0.68708,0
4.50647,0.70115,0
4.52903,0.70188,0
